-4.2,-4.5,207,472,0.0,-0.0
-3.9,-4.5,217,352,0.0,-0.0
-3.6,-4.5,215,350,0.0,-0.0
-3.3,-4.5,212,351,0.0,-0.0
-2.9,-4.5,218,349,0.0,-0.0
-2.6,-4.5,220,345,0.0,-0.0
-2.3,-4.5,219,351,0.0,-0.0
-2.0,-4.5,209,359,0.0,-0.0
-1.7,-4.5,211,345,0.0,-0.0
-1.4,-4.5,221,338,0.0,-0.0
-1.1,-4.5,215,353,0.0,-0.0
-0.8,-4.5,224,351,0.0,-0.0
-0.5,-4.5,216,349,0.0,-0.0
-0.2,-4.5,214,345,0.0,-0.0
0.2,-4.5,211,340,0.0,-0.0
0.5,-4.5,219,360,0.0,-0.0
0.8,-4.5,218,360,0.0,-0.0
1.1,-4.5,210,359,0.0,-0.0
1.4,-4.5,214,356,0.0,-0.0
1.7,-4.5,219,352,0.0,-0.0
2.0,-4.5,219,344,0.0,-0.0
2.3,-4.5,210,362,0.0,-0.0
2.6,-4.5,209,362,0.0,-0.0
2.9,-4.5,215,341,0.0,-0.0
3.3,-4.5,218,340,0.0,-0.0
3.6,-4.5,214,356,0.0,-0.0
3.9,-4.5,215,351,0.0,-0.0
4.2,-4.5,217,346,0.0,-0.0
4.5,-4.5,221,336,0.0,-0.0
4.5,-4.2,222,337,0.0,-0.0
4.2,-4.2,218,335,0.0,-0.0
3.9,-4.2,212,346,0.0,-0.0
3.6,-4.2,217,346,0.0,-0.0
3.3,-4.2,215,339,0.0,-0.0
2.9,-4.2,211,358,0.0,-0.0
2.6,-4.2,223,333,0.0,-0.0
2.3,-4.2,219,342,0.0,-0.0
2.0,-4.2,218,346,0.0,-0.0
1.7,-4.2,223,342,0.0,-0.0
1.4,-4.2,210,357,0.0,-0.0
1.1,-4.2,213,351,0.0,-0.0
0.8,-4.2,211,359,0.0,-0.0
0.5,-4.2,211,354,0.0,-0.0
0.2,-4.2,215,350,0.0,-0.0
-0.2,-4.2,211,357,0.0,-0.0
-0.5,-4.2,209,367,0.0,-0.0
-0.8,-4.2,211,360,0.0,-0.0
-1.1,-4.2,218,342,0.0,-0.0
-1.4,-4.2,217,345,0.0,-0.0
-1.7,-4.2,221,341,0.0,-0.0
-2.0,-4.2,218,350,0.0,-0.0
-2.3,-4.2,209,364,0.0,-0.0
-2.6,-4.2,212,354,0.0,-0.0
-2.9,-4.2,210,367,0.0,-0.0
-3.3,-4.2,213,356,0.0,-0.0
-3.6,-4.2,213,346,0.0,-0.0
-3.9,-4.2,210,366,0.0,-0.0
-4.2,-4.2,219,348,0.0,-0.0
-4.5,-4.2,214,356,0.0,-0.0
-4.5,-3.9,206,360,0.0,-0.0
-4.2,-3.9,213,359,0.0,-0.0
-3.9,-3.9,217,354,0.0,-0.0
-3.6,-3.9,216,348,0.0,-0.0
-3.3,-3.9,220,347,0.0,-0.0
-2.9,-3.9,214,353,0.0,-0.0
-2.6,-3.9,211,367,0.0,-0.0
-2.3,-3.9,215,347,0.0,-0.0
-2.0,-3.9,220,343,0.0,-0.0
-1.7,-3.9,208,358,0.0,-0.0
-1.4,-3.9,219,346,0.0,-0.0
-1.1,-3.9,215,339,0.0,-0.0
-0.8,-3.9,217,344,0.0,-0.0
-0.5,-3.9,209,360,0.0,-0.0
-0.2,-3.9,217,344,0.0,-0.0
0.2,-3.9,210,346,0.0,-0.0
0.5,-3.9,211,355,0.0,-0.0
0.8,-3.9,208,367,0.0,-0.0
1.1,-3.9,213,359,0.0,-0.0
1.4,-3.9,211,364,0.0,-0.0
1.7,-3.9,211,352,0.0,-0.0
2.0,-3.9,217,341,0.0,0.0
2.3,-3.9,221,344,0.0,0.0
2.6,-3.9,216,346,0.0,0.0
2.9,-3.9,220,343,0.0,0.0
3.3,-3.9,211,366,0.0,-0.0
3.6,-3.9,211,355,0.0,-0.0
3.9,-3.9,213,357,0.0,-0.0
4.2,-3.9,210,342,0.0,-0.0
4.5,-3.9,221,338,0.0,-0.0
4.5,-3.6,218,345,0.0,-0.0
4.2,-3.6,219,343,0.0,-0.0
3.9,-3.6,212,346,0.0,-0.0
3.6,-3.6,214,357,0.0,-0.0
3.3,-3.6,215,355,0.0,-0.0
2.9,-3.6,216,334,0.0,-0.0
2.6,-3.6,221,344,0.0,-0.0
2.3,-3.6,211,343,0.0,-0.0
2.0,-3.6,209,363,0.0,-0.0
1.7,-3.6,212,363,0.0,-0.0
1.4,-3.6,213,352,0.0,-0.0
1.1,-3.6,210,350,0.0,-0.0
0.8,-3.6,217,334,0.0,-0.0
0.5,-3.6,216,351,0.0,-0.0
0.2,-3.6,220,336,0.0,-0.0
-0.2,-3.6,210,341,0.0,0.0
-0.5,-3.6,216,342,0.0,0.0
-0.8,-3.6,213,355,0.0,0.0
-1.1,-3.6,211,358,0.0,0.0
-1.4,-3.6,217,338,0.0,0.0
-1.7,-3.6,210,359,0.0,0.0
-2.0,-3.6,215,356,0.0,0.0
-2.3,-3.6,215,351,0.0,0.0
-2.6,-3.6,219,337,0.0,0.0
-3.0,-3.6,210,367,0.0,0.0
-3.3,-3.6,205,365,0.0,0.0
-3.6,-3.6,214,348,0.0,0.0
-3.9,-3.6,212,367,0.0,0.0
-4.2,-3.6,210,359,0.0,0.0
-4.5,-3.6,220,338,0.0,0.0
-4.5,-3.3,220,350,0.0,0.0
-4.2,-3.3,220,335,0.0,0.0
-3.9,-3.3,214,338,0.0,0.0
-3.6,-3.3,215,352,0.0,0.0
-3.3,-3.3,209,360,0.0,0.0
-3.0,-3.3,206,359,0.0,0.0
-2.6,-3.3,207,368,0.0,0.0
-2.3,-3.3,210,358,0.0,0.0
-2.0,-3.3,209,365,0.0,0.0
-1.7,-3.3,210,365,0.0,0.0
-1.4,-3.3,219,339,0.0,0.0
-1.1,-3.3,216,343,0.0,0.0
-0.8,-3.3,212,361,0.0,0.0
-0.5,-3.3,217,341,0.0,0.0
-0.2,-3.3,225,344,0.0,0.0
0.2,-3.3,214,367,0.0,0.0
0.5,-3.3,219,342,0.0,0.0
0.8,-3.3,220,339,0.0,0.0
1.1,-3.3,214,341,0.0,0.0
1.4,-3.3,219,347,0.0,0.0
1.7,-3.3,209,354,0.0,0.0
2.0,-3.3,213,344,0.0,0.0
2.3,-3.3,214,349,0.0,0.0
2.6,-3.3,215,347,0.0,0.0
2.9,-3.3,220,334,0.0,0.0
3.3,-3.3,211,354,0.0,0.0
3.6,-3.3,224,333,0.0,0.0
3.9,-3.3,215,348,0.0,0.0
4.2,-3.3,221,339,0.0,0.0
4.5,-3.3,221,345,0.0,0.0
4.5,-3.0,223,338,0.0,0.0
4.2,-3.0,218,341,0.0,0.0
3.9,-3.0,221,335,0.0,0.0
3.6,-3.0,219,336,0.0,0.0
3.3,-3.0,214,343,0.0,0.0
2.9,-3.0,217,338,0.0,0.0
2.6,-3.0,217,333,0.0,0.0
2.3,-3.0,221,336,0.0,0.0
2.0,-3.0,215,347,0.0,0.0
1.7,-3.0,210,355,0.0,0.0
1.4,-3.0,217,340,0.0,0.0
1.1,-3.0,215,346,0.0,0.0
0.8,-3.0,214,334,0.0,0.0
0.5,-3.0,217,345,0.0,0.0
0.2,-3.0,213,348,0.0,0.0
-0.2,-3.0,208,346,0.0,0.0
-0.5,-3.0,211,357,0.0,0.0
-0.8,-3.0,209,366,0.0,0.0
-1.1,-3.0,216,353,0.0,0.0
-1.4,-3.0,213,364,0.0,0.0
-1.7,-3.0,208,364,0.0,0.0
-2.0,-3.0,214,348,0.0,0.0
-2.3,-3.0,209,370,0.0,0.0
-2.6,-2.9,213,347,0.0,0.0
-3.0,-2.9,215,350,0.0,0.0
-3.3,-2.9,208,344,0.0,0.0
-3.6,-2.9,209,360,0.0,0.0
-3.9,-2.9,212,359,0.0,0.0
-4.2,-2.9,211,356,0.0,0.0
-4.5,-2.9,216,349,0.0,0.0
-4.5,-2.6,213,363,0.0,0.0
-4.2,-2.6,209,357,0.0,0.0
-3.9,-2.6,209,362,0.0,0.0
-3.6,-2.6,209,358,0.0,0.0
-3.3,-2.6,216,351,0.0,0.0
-3.0,-2.6,217,339,0.0,-0.0
-2.6,-2.6,208,354,0.0,-0.0
-2.3,-2.6,218,335,0.0,-0.0
-2.0,-2.6,220,340,0.0,-0.0
-1.7,-2.6,214,351,0.0,-0.0
-1.4,-2.6,213,351,0.0,-0.0
-1.1,-2.6,215,346,0.0,0.0
-0.8,-2.6,212,344,0.0,0.0
-0.5,-2.6,213,349,0.0,0.0
-0.2,-2.6,213,354,0.0,0.0
0.2,-2.6,213,354,0.0,0.0
0.5,-2.6,213,358,0.0,0.0
0.8,-2.6,216,357,0.0,0.0
1.1,-2.6,214,346,0.0,0.0
1.4,-2.6,214,345,0.0,0.0
1.7,-2.6,212,354,0.0,0.0
2.0,-2.6,217,343,0.0,0.0
2.3,-2.6,218,349,0.0,0.0
2.6,-2.6,218,341,0.0,-0.0
2.9,-2.6,214,342,0.0,-0.0
3.3,-2.6,222,332,0.0,-0.0
3.6,-2.6,211,346,0.0,-0.0
3.9,-2.6,218,338,0.0,-0.0
4.2,-2.6,221,323,0.0,-0.0
4.5,-2.6,221,332,0.0,-0.0
4.5,-2.3,212,350,0.0,-0.0
4.2,-2.3,224,327,0.0,-0.0
3.9,-2.3,221,338,0.0,-0.0
3.6,-2.3,215,346,0.0,-0.0
3.3,-2.3,215,347,0.0,-0.0
2.9,-2.3,213,348,0.0,-0.0
2.6,-2.3,216,338,0.0,-0.0
2.3,-2.3,218,341,0.0,-0.0
2.0,-2.3,220,338,0.0,-0.0
1.7,-2.3,212,354,0.0,-0.0
1.4,-2.3,216,340,0.0,-0.0
1.1,-2.3,214,345,0.0,-0.0
0.8,-2.3,214,352,0.0,-0.0
0.5,-2.3,218,340,0.0,-0.0
0.2,-2.3,214,354,0.0,-0.0
-0.2,-2.3,212,350,0.0,-0.0
-0.5,-2.3,219,342,0.0,-0.0
-0.8,-2.3,211,359,0.0,-0.0
-1.1,-2.3,215,342,0.0,-0.0
-1.4,-2.3,217,341,0.0,-0.0
-1.7,-2.3,204,373,0.0,-0.0
-2.0,-2.3,214,351,0.0,-0.0
-2.3,-2.3,218,349,0.0,-0.0
-2.6,-2.3,213,359,0.0,-0.0
-3.0,-2.3,210,348,0.0,-0.0
-3.3,-2.3,209,359,0.0,-0.0
-3.6,-2.3,209,370,0.0,-0.0
-3.9,-2.3,206,357,0.0,-0.0
-4.2,-2.3,206,374,0.0,-0.0
-4.5,-2.3,212,356,0.0,-0.0
-4.5,-2.0,210,350,0.0,-0.0
-4.2,-2.0,209,356,0.0,-0.0
-3.9,-2.0,213,355,0.0,-0.0
-3.6,-2.0,213,353,0.0,-0.0
-3.3,-2.0,212,356,0.0,-0.0
-2.9,-2.0,222,339,0.0,-0.0
-2.6,-2.0,218,345,0.0,-0.0
-2.3,-2.0,213,357,0.0,-0.0
-2.0,-2.0,210,348,0.0,-0.0
-1.7,-2.0,211,348,0.0,-0.0
-1.4,-2.0,211,370,0.0,-0.0
-1.1,-2.0,215,353,0.0,-0.0
-0.8,-2.0,211,358,0.0,-0.0
-0.5,-2.0,211,355,0.0,-0.0
-0.2,-2.0,217,339,0.0,-0.0
0.2,-2.0,222,337,0.0,-0.0
0.5,-2.0,220,334,0.0,-0.0
0.8,-2.0,221,340,0.0,-0.0
1.1,-2.0,220,343,0.0,-0.0
1.4,-2.0,216,341,0.0,-0.0
1.7,-2.0,219,346,0.0,-0.0
2.0,-2.0,224,330,0.0,-0.0
2.3,-2.0,217,339,0.0,-0.0
2.6,-2.0,218,338,0.0,-0.0
2.9,-2.0,216,348,0.0,-0.0
3.3,-2.0,213,358,0.0,-0.0
3.6,-2.0,211,359,0.0,-0.0
3.9,-2.0,217,342,0.0,-0.0
4.2,-2.0,214,344,0.0,-0.0
4.5,-2.0,212,346,0.0,-0.0
4.5,-1.7,225,333,0.0,-0.0
4.2,-1.7,219,344,0.0,-0.0
3.9,-1.7,219,337,0.0,-0.0
3.6,-1.7,215,342,0.0,-0.0
3.3,-1.7,224,334,0.0,-0.0
2.9,-1.7,222,327,0.0,-0.0
2.6,-1.7,217,344,0.0,-0.0
2.3,-1.7,221,341,0.0,-0.0
2.0,-1.7,217,338,0.0,-0.0
1.7,-1.7,217,345,0.0,0.0
1.4,-1.7,212,354,0.0,0.0
1.1,-1.7,212,355,0.0,0.0
0.8,-1.7,214,353,0.0,0.0
0.5,-1.7,212,352,0.0,0.0
0.2,-1.7,220,337,0.0,0.0
-0.2,-1.7,218,348,0.0,0.0
-0.5,-1.7,217,354,0.0,0.0
-0.8,-1.7,219,343,0.0,0.0
-1.1,-1.7,210,366,0.0,0.0
-1.4,-1.7,219,343,0.0,0.0
-1.7,-1.7,219,339,0.0,0.0
-2.0,-1.7,213,363,0.0,0.0
-2.3,-1.7,216,350,0.0,0.0
-2.6,-1.7,215,350,0.0,0.0
-3.0,-1.7,207,361,0.0,0.0
-3.3,-1.7,220,346,0.0,0.0
-3.6,-1.7,218,343,0.0,0.0
-3.9,-1.7,215,360,0.0,0.0
-4.2,-1.7,216,366,0.0,0.0
-4.5,-1.7,211,358,0.0,0.0
-4.5,-1.4,211,351,0.0,0.0
-4.2,-1.4,210,358,0.0,0.0
-3.9,-1.4,214,358,0.0,0.0
-3.6,-1.4,217,351,0.0,0.0
-3.3,-1.4,215,348,0.0,0.0
-3.0,-1.4,215,348,0.0,0.0
-2.6,-1.4,215,352,0.0,0.0
-2.3,-1.4,218,341,0.0,0.0
-2.0,-1.4,218,334,0.0,0.0
-1.7,-1.4,210,362,0.0,0.0
-1.4,-1.4,211,358,0.0,0.0
-1.1,-1.4,216,349,0.0,0.0
-0.8,-1.4,214,352,0.0,0.0
-0.5,-1.4,211,348,0.0,0.0
-0.2,-1.4,218,337,0.0,0.0
0.2,-1.4,216,349,0.0,0.0
0.5,-1.4,224,336,0.0,0.0
0.8,-1.4,218,350,0.0,0.0
1.1,-1.4,217,334,0.0,0.0
1.4,-1.4,222,336,0.0,0.0
1.7,-1.4,223,329,0.0,0.0
2.0,-1.4,218,335,0.0,0.0
2.3,-1.4,217,344,0.0,0.0
2.6,-1.4,216,346,0.0,0.0
2.9,-1.4,218,336,0.0,0.0
3.3,-1.4,224,332,0.0,0.0
3.6,-1.4,214,341,0.0,0.0
3.9,-1.4,225,330,0.0,0.0
4.2,-1.4,221,344,0.0,0.0
4.5,-1.4,225,339,0.0,0.0
4.5,-1.1,225,329,0.0,0.0
4.2,-1.1,221,330,0.0,0.0
3.9,-1.1,224,332,0.0,0.0
3.6,-1.1,216,355,0.0,0.0
3.3,-1.1,221,329,0.0,0.0
2.9,-1.1,221,339,0.0,0.0
2.6,-1.1,219,332,0.0,0.0
2.3,-1.1,219,334,0.0,0.0
2.0,-1.1,214,348,0.0,0.0
1.7,-1.1,218,339,0.0,0.0
1.4,-1.1,218,343,0.0,0.0
1.1,-1.1,213,347,0.0,0.0
0.8,-1.1,223,328,0.0,0.0
0.5,-1.1,211,359,0.0,0.0
0.2,-1.1,216,348,0.0,0.0
-0.2,-1.1,214,343,0.0,0.0
-0.5,-1.1,218,330,0.0,0.0
-0.8,-1.1,211,345,0.0,0.0
-1.1,-1.1,213,362,0.0,0.0
-1.4,-1.1,210,354,0.0,0.0
-1.7,-1.1,213,342,0.0,0.0
-2.0,-1.1,222,338,0.0,0.0
-2.3,-1.1,217,342,0.0,0.0
-2.6,-1.1,216,345,0.0,0.0
-3.0,-1.1,218,342,0.0,0.0
-3.3,-1.1,214,363,0.0,0.0
-3.6,-1.1,217,358,0.0,0.0
-3.9,-1.1,213,343,0.0,0.0
-4.2,-1.1,214,367,0.0,0.0
-4.5,-1.1,208,367,0.0,0.0
-4.5,-0.8,206,352,0.0,0.0
-4.2,-0.8,207,358,0.0,0.0
-3.9,-0.8,212,348,0.0,0.0
-3.6,-0.8,216,345,0.0,0.0
-3.3,-0.8,218,358,0.0,0.0
-3.0,-0.8,220,361,0.0,0.0
-2.6,-0.8,209,360,0.0,0.0
-2.3,-0.8,214,335,0.0,0.0
-2.0,-0.8,220,340,0.0,0.0
-1.7,-0.8,218,352,0.0,0.0
-1.4,-0.8,221,338,0.0,0.0
-1.1,-0.8,216,348,0.0,0.0
-0.8,-0.8,217,333,0.0,0.0
-0.5,-0.8,215,342,0.0,0.0
-0.2,-0.8,219,331,0.0,0.0
0.2,-0.8,218,333,0.0,0.0
0.5,-0.8,216,338,0.0,0.0
0.8,-0.8,214,352,0.0,0.0
1.1,-0.8,214,346,0.0,0.0
1.4,-0.8,213,344,0.0,0.0
1.7,-0.8,227,325,0.0,0.0
2.0,-0.8,215,340,0.0,0.0
2.3,-0.8,216,345,0.0,0.0
2.6,-0.8,220,343,0.0,0.0
2.9,-0.8,221,338,0.0,0.0
3.3,-0.8,217,342,0.0,0.0
3.6,-0.8,214,345,0.0,0.0
3.9,-0.8,220,333,0.0,0.0
4.2,-0.8,220,339,0.0,0.0
4.5,-0.8,227,325,0.0,0.0
4.5,-0.5,217,343,0.0,0.0
4.2,-0.5,222,328,0.0,0.0
3.9,-0.5,213,349,0.0,0.0
3.6,-0.5,215,338,0.0,0.0
3.3,-0.5,223,329,0.0,0.0
2.9,-0.5,220,342,0.0,0.0
2.6,-0.5,218,341,0.0,0.0
2.3,-0.5,218,335,0.0,0.0
2.0,-0.5,215,339,0.0,0.0
1.7,-0.5,220,340,0.0,0.0
1.4,-0.5,214,338,0.0,0.0
1.1,-0.5,221,340,0.0,0.0
0.8,-0.5,214,350,0.0,0.0
0.5,-0.5,215,353,0.0,0.0
0.2,-0.5,217,340,0.0,0.0
-0.2,-0.5,223,330,0.0,0.0
-0.5,-0.5,217,333,0.0,0.0
-0.8,-0.5,215,349,0.0,0.0
-1.1,-0.5,207,355,0.0,0.0
-1.4,-0.5,220,344,0.0,0.0
-1.7,-0.5,217,350,0.0,0.0
-2.0,-0.5,212,348,0.0,0.0
-2.3,-0.5,214,346,0.0,0.0
-2.6,-0.5,226,333,0.0,0.0
-3.0,-0.5,218,346,0.0,0.0
-3.3,-0.5,216,365,0.0,0.0
-3.6,-0.5,218,343,0.0,0.0
-3.9,-0.5,211,345,0.0,0.0
-4.2,-0.5,211,367,0.0,0.0
-4.5,-0.5,214,348,0.0,0.0
-4.5,-0.2,207,361,0.0,0.0
-4.2,-0.2,216,349,0.0,0.0
-3.9,-0.2,217,354,0.0,0.0
-3.6,-0.2,215,339,0.0,0.0
-3.3,-0.2,215,359,0.0,0.0
-3.0,-0.2,209,368,0.0,0.0
-2.6,-0.2,214,348,0.0,0.0
-2.3,-0.2,216,346,0.0,0.0
-2.0,-0.2,220,341,0.0,0.0
-1.7,-0.2,215,353,0.0,0.0
-1.4,-0.2,226,327,0.0,0.0
-1.1,-0.2,218,340,0.0,0.0
-0.8,-0.2,223,334,0.0,0.0
-0.5,-0.2,214,345,0.0,0.0
-0.2,-0.2,213,350,0.0,0.0
0.2,-0.2,214,341,0.0,0.0
0.5,-0.2,220,342,0.0,0.0
0.8,-0.2,215,347,0.0,0.0
1.1,-0.2,209,360,0.0,0.0
1.4,-0.2,218,338,0.0,0.0
1.7,-0.2,211,356,0.0,0.0
2.0,-0.2,216,350,0.0,0.0
2.3,-0.2,218,340,0.0,0.0
2.6,-0.2,221,338,0.0,0.0
2.9,-0.2,217,339,0.0,0.0
3.3,-0.2,224,326,0.0,0.0
3.6,-0.2,222,330,0.0,0.0
3.9,-0.2,229,324,0.0,0.0
4.2,-0.2,220,341,0.0,0.0
4.5,-0.2,220,336,0.0,0.0
4.5,0.2,224,326,0.0,0.0
4.2,0.2,223,327,0.0,0.0
3.9,0.2,223,337,0.0,0.0
3.6,0.2,222,345,0.0,0.0
3.3,0.2,219,341,0.0,0.0
2.9,0.2,220,342,0.0,0.0
2.6,0.2,222,324,0.0,0.0
2.3,0.2,216,340,0.0,0.0
2.0,0.2,220,341,0.0,0.0
1.7,0.2,216,344,0.0,0.0
1.4,0.2,215,348,0.0,0.0
1.1,0.2,219,345,0.0,0.0
0.8,0.2,209,347,0.0,0.0
0.5,0.2,213,349,0.0,0.0
0.2,0.2,214,350,0.0,0.0
-0.2,0.2,218,340,0.0,0.0
-0.5,0.2,215,352,0.0,0.0
-0.8,0.2,215,338,0.0,0.0
-1.1,0.2,220,336,0.0,0.0
-1.4,0.2,218,338,0.0,0.0
-1.7,0.2,224,327,0.0,0.0
-2.0,0.2,217,351,0.0,0.0
-2.3,0.2,216,349,0.0,0.0
-2.6,0.2,209,355,0.0,0.0
-3.0,0.2,211,359,0.0,0.0
-3.3,0.2,216,345,0.0,0.0
-3.6,0.2,217,359,0.0,0.0
-3.9,0.2,207,363,0.0,0.0
-4.2,0.2,208,345,0.0,0.0
-4.5,0.2,224,337,0.0,0.0
-4.5,0.5,211,345,0.0,0.0
-4.2,0.5,212,356,0.0,0.0
-3.9,0.5,217,355,0.0,0.0
-3.6,0.5,203,362,0.0,0.0
-3.3,0.5,206,368,0.0,0.0
-3.0,0.5,209,356,0.0,0.0
-2.6,0.5,212,357,0.0,0.0
-2.3,0.5,212,356,0.0,0.0
-2.0,0.5,211,354,0.0,0.0
-1.7,0.5,215,346,0.0,0.0
-1.4,0.5,215,349,0.0,0.0
-1.1,0.5,217,341,0.0,0.0
-0.8,0.5,208,354,0.0,0.0
-0.5,0.5,217,343,0.0,0.0
-0.2,0.5,214,344,0.0,0.0
0.2,0.5,222,328,0.0,0.0
0.5,0.5,212,346,0.0,0.0
0.8,0.5,212,349,0.0,0.0
1.1,0.5,225,333,0.0,0.0
1.4,0.5,213,354,0.0,0.0
1.7,0.5,223,331,0.0,0.0
2.0,0.5,219,335,0.0,0.0
2.3,0.5,224,327,0.0,0.0
2.6,0.5,221,342,0.0,0.0
2.9,0.5,215,347,0.0,0.0
3.3,0.5,217,334,0.0,0.0
3.6,0.5,221,339,0.0,0.0
3.9,0.5,225,333,0.0,0.0
4.2,0.5,216,348,0.0,0.0
4.5,0.5,215,349,0.0,0.0
4.5,0.8,218,336,0.0,0.0
4.2,0.8,219,339,0.0,0.0
3.9,0.8,223,333,0.0,0.0
3.6,0.8,221,331,0.0,0.0
3.3,0.8,215,339,0.0,0.0
2.9,0.8,211,350,0.0,0.0
2.6,0.8,221,338,0.0,0.0
2.3,0.8,218,336,0.0,0.0
2.0,0.8,224,334,0.0,0.0
1.7,0.8,221,334,0.0,0.0
1.4,0.8,224,329,0.0,0.0
1.1,0.8,219,349,0.0,0.0
0.8,0.8,221,334,0.0,0.0
0.5,0.8,215,334,0.0,0.0
0.2,0.8,220,336,0.0,0.0
-0.2,0.8,216,348,0.0,0.0
-0.5,0.8,216,348,0.0,0.0
-0.8,0.8,212,346,0.0,0.0
-1.1,0.8,217,352,0.0,0.0
-1.4,0.8,210,365,0.0,0.0
-1.7,0.8,215,345,0.0,0.0
-2.0,0.8,216,344,0.0,0.0
-2.3,0.8,212,359,0.0,0.0
-2.6,0.8,217,342,0.0,0.0
-3.0,0.8,218,352,0.0,0.0
-3.3,0.8,213,352,0.0,0.0
-3.6,0.8,209,356,0.0,0.0
-3.9,0.8,203,363,0.0,0.0
-4.2,0.8,224,351,0.0,0.0
-4.5,0.8,216,365,0.0,0.0
-4.5,1.1,217,353,0.0,0.0
-4.2,1.1,212,353,0.0,0.0
-3.9,1.1,219,349,0.0,0.0
-3.6,1.1,214,345,0.0,0.0
-3.3,1.1,216,341,0.0,0.0
-3.0,1.1,216,351,0.0,0.0
-2.6,1.1,211,352,0.0,0.0
-2.3,1.1,211,358,0.0,0.0
-2.0,1.1,208,356,0.0,0.0
-1.7,1.1,215,353,0.0,0.0
-1.4,1.1,210,343,0.0,0.0
-1.1,1.1,212,350,0.0,0.0
-0.8,1.1,210,353,0.0,0.0
-0.5,1.1,213,343,0.0,0.0
-0.2,1.1,215,348,0.0,0.0
0.2,1.1,212,349,0.0,0.0
0.5,1.1,216,338,0.0,0.0
0.8,1.1,217,338,0.0,0.0
1.1,1.1,221,334,0.0,0.0
1.4,1.1,220,343,0.0,0.0
1.7,1.1,226,324,0.0,0.0
2.0,1.1,210,355,0.0,0.0
2.3,1.1,219,338,0.0,0.0
2.6,1.1,226,323,0.0,0.0
2.9,1.1,223,339,0.0,0.0
3.3,1.1,223,338,0.0,0.0
3.6,1.1,221,334,0.0,0.0
3.9,1.1,222,331,0.0,0.0
4.2,1.1,220,336,0.0,0.0
4.5,1.1,213,347,0.0,0.0
4.5,1.4,211,351,0.0,0.0
4.2,1.4,217,342,0.0,0.0
3.9,1.4,221,343,0.0,0.0
3.6,1.4,217,336,0.0,0.0
3.3,1.4,224,333,0.0,0.0
2.9,1.4,220,340,0.0,0.0
2.6,1.4,220,332,0.0,0.0
2.3,1.4,220,340,0.0,0.0
2.0,1.4,221,328,0.0,0.0
1.7,1.4,220,341,0.0,0.0
1.4,1.4,215,348,0.0,0.0
1.1,1.4,214,353,0.0,0.0
0.8,1.4,210,360,0.0,0.0
0.5,1.4,217,342,0.0,0.0
0.1,1.4,208,346,0.0,0.0
-0.2,1.4,209,352,0.0,0.0
-0.5,1.4,224,330,0.0,0.0
-0.8,1.4,214,350,0.0,0.0
-1.1,1.4,218,341,0.0,0.0
-1.4,1.4,214,344,0.0,0.0
-1.7,1.4,216,341,0.0,0.0
-2.0,1.4,214,358,0.0,0.0
-2.3,1.4,220,353,0.0,0.0
-2.6,1.4,213,336,0.0,0.0
-3.0,1.4,211,361,0.0,0.0
-3.3,1.4,211,355,0.0,0.0
-3.6,1.4,217,357,0.0,0.0
-3.9,1.4,215,340,0.0,0.0
-4.2,1.4,214,360,0.0,0.0
-4.5,1.4,214,360,0.0,0.0
-4.5,1.7,202,356,0.0,0.0
-4.2,1.7,212,361,0.0,0.0
-3.9,1.7,213,365,0.0,0.0
-3.6,1.7,215,342,0.0,0.0
-3.3,1.7,215,355,0.0,0.0
-3.0,1.7,209,370,0.0,0.0
-2.6,1.7,217,359,0.0,0.0
-2.3,1.7,212,347,0.0,0.0
-2.0,1.7,210,367,0.0,0.0
-1.7,1.7,219,342,0.0,0.0
-1.4,1.7,214,338,0.0,0.0
-1.1,1.7,210,354,0.0,0.0
-0.8,1.7,214,346,0.0,0.0
-0.5,1.7,216,341,0.0,0.0
-0.2,1.7,213,336,0.0,0.0
0.1,1.7,212,347,0.0,0.0
0.5,1.7,214,332,0.0,0.0
0.8,1.7,215,338,0.0,0.0
1.1,1.7,217,338,0.0,0.0
1.4,1.7,216,352,0.0,0.0
1.7,1.7,224,324,0.0,0.0
2.0,1.7,213,340,0.0,0.0
2.3,1.7,224,323,0.0,0.0
2.6,1.7,215,340,0.0,0.0
2.9,1.7,215,342,0.0,0.0
3.3,1.7,218,337,0.0,0.0
3.6,1.7,222,331,0.0,0.0
3.9,1.7,215,335,0.0,0.0
4.2,1.7,221,334,0.0,0.0
4.5,1.7,223,343,0.0,0.0
4.5,2.0,219,347,0.0,0.0
4.2,2.0,216,348,0.0,0.0
3.9,2.0,213,339,0.0,0.0
3.6,2.0,219,332,0.0,0.0
3.3,2.0,217,337,0.0,0.0
2.9,2.0,217,338,0.0,0.0
2.6,2.0,214,343,0.0,0.0
2.3,2.0,213,347,0.0,0.0
2.0,2.0,217,338,0.0,0.0
1.7,2.0,216,346,0.0,0.0
1.4,2.0,211,353,0.0,0.0
1.1,2.0,219,327,0.0,0.0
0.8,2.0,214,347,0.0,0.0
0.5,2.0,209,356,0.0,0.0
0.1,2.0,220,331,0.0,0.0
-0.2,2.0,214,341,0.0,0.0
-0.5,2.0,216,353,0.0,0.0
-0.8,2.0,211,349,0.0,0.0
-1.1,2.0,219,344,0.0,0.0
-1.4,2.0,218,344,0.0,0.0
-1.7,2.0,214,346,0.0,0.0
-2.0,2.0,210,353,0.0,0.0
-2.3,2.0,213,348,0.0,0.0
-2.6,2.0,216,358,0.0,0.0
-3.0,2.0,209,366,0.0,0.0
-3.3,2.0,210,375,0.0,0.0
-3.6,2.0,208,361,0.0,0.0
-3.9,2.0,216,338,0.0,0.0
-4.2,2.0,208,362,0.0,0.0
-4.5,2.0,213,361,0.0,0.0
-4.5,2.3,222,345,0.0,0.0
-4.2,2.3,213,363,0.0,0.0
-3.9,2.3,211,345,0.0,0.0
-3.6,2.3,217,344,0.0,0.0
-3.3,2.3,211,377,0.0,0.0
-3.0,2.3,202,374,0.0,0.0
-2.6,2.3,212,349,0.0,0.0
-2.3,2.3,216,344,0.0,0.0
-2.0,2.3,218,343,0.0,0.0
-1.7,2.3,213,349,0.0,0.0
-1.4,2.3,211,356,0.0,0.0
-1.1,2.3,216,347,0.0,0.0
-0.8,2.3,213,344,0.0,0.0
-0.5,2.3,212,355,0.0,0.0
-0.2,2.3,214,348,0.0,0.0
0.1,2.3,217,339,0.0,0.0
0.5,2.3,210,347,0.0,0.0
0.8,2.3,217,346,0.0,0.0
1.1,2.3,219,344,0.0,0.0
1.4,2.3,212,345,0.0,0.0
1.7,2.3,217,337,0.0,0.0
2.0,2.3,218,350,0.0,0.0
2.3,2.3,216,343,0.0,0.0
2.6,2.3,221,337,0.0,0.0
2.9,2.3,216,339,0.0,0.0
3.3,2.3,216,345,0.0,0.0
3.6,2.3,213,346,0.0,0.0
3.9,2.3,216,347,0.0,0.0
4.2,2.3,223,332,0.0,0.0
4.5,2.3,220,339,0.0,0.0
4.5,2.6,221,330,0.0,0.0
4.2,2.6,224,333,0.0,0.0
3.9,2.6,223,340,0.0,0.0
3.6,2.6,220,341,0.0,0.0
3.3,2.6,214,342,0.0,0.0
2.9,2.6,223,332,0.0,0.0
2.6,2.6,220,329,0.0,0.0
2.3,2.6,213,346,0.0,0.0
2.0,2.6,219,340,0.0,0.0
1.7,2.6,229,328,0.0,0.0
1.4,2.6,218,334,0.0,0.0
1.1,2.6,214,344,0.0,0.0
0.8,2.6,216,345,0.0,0.0
0.5,2.6,208,363,0.0,0.0
0.1,2.6,214,348,0.0,0.0
-0.2,2.6,212,348,0.0,0.0
-0.5,2.6,217,343,0.0,0.0
-0.8,2.6,214,342,0.0,0.0
-1.1,2.6,217,343,0.0,0.0
-1.4,2.6,205,362,0.0,0.0
-1.7,2.6,212,360,0.0,0.0
-2.0,2.6,212,351,0.0,0.0
-2.3,2.6,207,377,0.0,0.0
-2.6,2.6,217,356,0.0,0.0
-3.0,2.6,217,341,0.0,0.0
-3.3,2.6,216,367,0.0,0.0
-3.6,2.6,214,348,0.0,0.0
-3.9,2.6,214,372,0.0,0.0
-4.2,2.6,220,356,0.0,0.0
-4.5,2.6,218,349,0.0,0.0
-4.5,2.9,220,348,0.0,0.0
-4.2,2.9,210,373,0.0,0.0
-3.9,2.9,212,356,0.0,0.0
-3.6,2.9,214,341,0.0,0.0
-3.3,2.9,222,350,0.0,0.0
-3.0,2.9,212,356,0.0,0.0
-2.6,2.9,216,356,0.0,0.0
-2.3,2.9,221,335,0.0,0.0
-2.0,2.9,208,368,0.0,0.0
-1.7,2.9,212,359,0.0,0.0
-1.4,2.9,215,342,0.0,0.0
-1.1,2.9,225,329,0.0,0.0
-0.8,2.9,222,338,0.0,0.0
-0.5,2.9,206,359,0.0,0.0
-0.2,2.9,214,351,0.0,0.0
0.1,2.9,218,345,0.0,0.0
0.5,2.9,215,350,0.0,0.0
0.8,2.9,217,344,0.0,0.0
1.1,2.9,216,354,0.0,0.0
1.4,2.9,216,347,0.0,0.0
1.7,2.9,215,351,0.0,0.0
2.0,2.9,218,336,0.0,0.0
2.3,2.9,213,357,0.0,0.0
2.6,2.9,225,334,0.0,0.0
2.9,2.9,223,335,0.0,0.0
3.3,2.9,214,346,0.0,0.0
3.6,2.9,212,353,0.0,0.0
3.9,2.9,217,336,0.0,0.0
4.2,2.9,225,336,0.0,0.0
4.5,2.9,217,337,0.0,0.0
4.5,3.3,220,337,0.0,0.0
4.2,3.3,220,340,0.0,0.0
3.9,3.3,226,325,0.0,0.0
3.6,3.3,218,340,0.0,0.0
3.3,3.3,222,334,0.0,0.0
2.9,3.3,217,343,0.0,0.0
2.6,3.3,215,341,0.0,0.0
2.3,3.3,219,343,0.0,0.0
2.0,3.3,218,341,0.0,0.0
1.7,3.3,214,346,0.0,0.0
1.4,3.3,213,348,0.0,0.0
1.1,3.3,215,348,0.0,0.0
0.8,3.3,221,335,0.0,0.0
0.5,3.3,220,342,0.0,0.0
0.1,3.3,222,339,0.0,0.0
-0.2,3.3,213,348,0.0,0.0
-0.5,3.3,211,344,0.0,0.0
-0.8,3.3,214,352,0.0,0.0
-1.1,3.3,219,337,0.0,0.0
-1.4,3.3,216,337,0.0,0.0
-1.7,3.3,214,343,0.0,0.0
-2.0,3.3,214,352,0.0,0.0
-2.3,3.3,214,343,0.0,0.0
-2.6,3.3,208,346,0.0,0.0
-3.0,3.3,221,344,0.0,0.0
-3.3,3.3,213,354,0.0,0.0
-3.6,3.3,213,360,0.0,0.0
-3.9,3.3,215,369,0.0,0.0
-4.2,3.3,217,345,0.0,0.0
-4.5,3.3,208,353,0.0,0.0
-4.5,3.6,205,369,0.0,0.0
-4.2,3.6,211,348,0.0,0.0
-3.9,3.6,210,354,0.0,0.0
-3.6,3.6,210,356,0.0,0.0
-3.3,3.6,216,353,0.0,0.0
-3.0,3.6,214,353,0.0,0.0
-2.6,3.6,210,370,0.0,0.0
-2.3,3.6,216,344,0.0,0.0
-2.0,3.6,215,354,0.0,0.0
-1.7,3.6,219,348,0.0,0.0
-1.4,3.6,210,351,0.0,0.0
-1.1,3.6,219,333,0.0,0.0
-0.8,3.6,211,351,0.0,0.0
-0.5,3.6,216,342,0.0,0.0
-0.2,3.6,207,367,0.0,0.0
0.1,3.6,208,355,0.0,0.0
0.5,3.6,224,342,0.0,0.0
0.8,3.6,213,349,0.0,0.0
1.1,3.6,217,342,0.0,0.0
1.4,3.6,215,338,0.0,0.0
1.7,3.6,213,357,0.0,0.0
2.0,3.6,218,345,0.0,0.0
2.3,3.6,213,343,0.0,0.0
2.6,3.6,214,345,0.0,0.0
2.9,3.6,221,339,0.0,0.0
3.3,3.6,221,348,0.0,0.0
3.6,3.6,216,342,0.0,0.0
3.9,3.6,213,353,0.0,0.0
4.2,3.6,221,338,0.0,0.0
4.5,3.6,215,352,0.0,0.0
4.5,3.9,218,350,0.0,0.0
4.2,3.9,219,341,0.0,0.0
3.9,3.9,217,348,0.0,0.0
3.6,3.9,221,330,0.0,0.0
3.3,3.9,217,340,0.0,0.0
2.9,3.9,223,335,0.0,0.0
2.6,3.9,218,326,0.0,0.0
2.3,3.9,229,334,0.0,0.0
2.0,3.9,215,349,0.0,0.0
1.7,3.9,219,330,0.0,0.0
1.4,3.9,214,344,0.0,0.0
1.1,3.9,217,322,0.0,0.0
0.8,3.9,208,347,0.0,0.0
0.5,3.9,221,351,0.0,0.0
0.1,3.9,225,339,0.0,0.0
-0.2,3.9,215,335,0.0,0.0
-0.5,3.9,211,346,0.0,0.0
-0.8,3.9,221,347,0.0,0.0
-1.1,3.9,220,355,0.0,0.0
-1.4,3.9,213,342,0.0,0.0
-1.7,3.9,210,357,0.0,0.0
-2.0,3.9,205,372,0.0,0.0
-2.3,3.9,214,357,0.0,0.0
-2.6,3.9,210,373,0.0,0.0
-3.0,3.9,202,388,0.0,0.0
-3.3,3.9,215,359,0.0,0.0
-3.6,3.9,211,369,0.0,0.0
-3.9,3.9,211,373,0.0,0.0
-4.2,3.9,205,371,0.0,0.0
-4.5,3.9,207,360,0.0,0.0
-4.5,4.2,219,356,0.0,0.0
-4.2,4.2,217,354,0.0,0.0
-3.9,4.2,214,364,0.0,0.0
-3.6,4.2,215,351,0.0,0.0
-3.3,4.2,212,361,0.0,0.0
-3.0,4.2,211,366,0.0,0.0
-2.6,4.2,213,360,0.0,0.0
-2.3,4.2,211,354,0.0,0.0
-2.0,4.2,219,337,0.0,0.0
-1.7,4.2,216,349,0.0,0.0
-1.4,4.2,225,340,0.0,0.0
-1.1,4.2,213,355,0.0,0.0
-0.8,4.2,220,336,0.0,0.0
-0.5,4.2,208,359,0.0,0.0
-0.2,4.2,209,370,0.0,0.0
0.1,4.2,217,340,0.0,0.0
0.5,4.2,211,354,0.0,0.0
0.8,4.2,213,352,0.0,0.0
1.1,4.2,213,343,0.0,0.0
1.4,4.2,212,353,0.0,0.0
1.7,4.2,214,343,0.0,0.0
2.0,4.2,213,342,0.0,0.0
2.3,4.2,212,347,0.0,0.0
2.6,4.2,220,328,0.0,0.0
2.9,4.2,221,333,0.0,0.0
3.3,4.2,213,346,0.0,0.0
3.6,4.2,217,341,0.0,0.0
3.9,4.2,213,348,0.0,0.0
4.2,4.2,216,341,0.0,0.0
4.5,4.2,222,332,0.0,0.0
4.5,4.5,223,336,0.0,0.0
4.2,4.5,221,336,0.0,0.0
3.9,4.5,222,338,0.0,0.0
3.6,4.5,214,343,0.0,0.0
3.3,4.5,225,333,0.0,0.0
2.9,4.5,215,343,0.0,0.0
2.6,4.5,217,348,0.0,0.0
2.3,4.5,219,341,0.0,0.0
2.0,4.5,219,346,0.0,0.0
1.7,4.5,223,338,0.0,0.0
1.4,4.5,217,338,0.0,0.0
1.1,4.5,219,336,0.0,0.0
0.8,4.5,221,336,0.0,0.0
0.5,4.5,221,335,0.0,0.0
0.2,4.5,218,332,0.0,0.0
-0.2,4.5,211,363,0.0,0.0
-0.5,4.5,211,340,0.0,0.0
-0.8,4.5,212,351,0.0,0.0
-1.1,4.5,209,355,0.0,0.0
-1.4,4.5,212,354,0.0,0.0
-1.7,4.5,213,360,0.0,0.0
-2.0,4.5,216,341,0.0,0.0
-2.3,4.5,218,357,0.0,0.0
-2.6,4.5,207,374,0.0,0.0
-3.0,4.5,215,359,0.0,0.0
-3.3,4.5,211,357,0.0,0.0
-3.6,4.5,216,368,0.0,0.0
-3.9,4.5,209,348,0.0,-0.0
-4.2,4.5,210,354,0.0,-0.0
-4.5,4.5,218,360,0.0,-0.0
-4.5,4.5,218,350,0.0,-0.0
-4.2,4.5,219,347,0.0,-0.0
-3.9,4.5,207,356,0.0,-0.0
-3.6,4.5,211,371,0.0,-0.0
-3.3,4.5,214,346,0.0,-0.0
-3.0,4.5,218,358,0.0,-0.0
-2.6,4.5,204,369,0.0,-0.0
-2.3,4.5,215,360,0.0,-0.0
-2.0,4.5,215,341,0.0,-0.0
-1.7,4.5,211,342,0.0,-0.0
-1.4,4.5,214,348,0.0,-0.0
-1.1,4.5,215,359,0.0,-0.0
-0.8,4.5,214,358,0.0,-0.0
-0.5,4.5,209,353,0.0,-0.0
-0.2,4.5,209,350,0.0,-0.0
0.2,4.5,217,342,0.0,-0.0
0.5,4.5,219,339,0.0,-0.0
0.8,4.5,217,337,0.0,-0.0
1.1,4.5,221,337,0.0,-0.0
1.4,4.5,216,340,0.0,-0.0
1.7,4.5,218,344,0.0,-0.0
2.0,4.5,218,343,0.0,-0.0
2.3,4.5,224,332,0.0,-0.0
2.6,4.5,225,338,0.0,-0.0
2.9,4.5,215,344,0.0,-0.0
3.3,4.5,216,335,0.0,-0.0
3.6,4.5,214,342,0.0,-0.0
3.9,4.5,219,338,0.0,-0.0
4.2,4.5,222,338,0.0,0.0
4.5,4.5,221,332,0.0,0.0
4.5,4.2,222,336,0.0,0.0
4.2,4.2,213,340,0.0,0.0
3.9,4.2,219,341,0.0,0.0
3.6,4.2,214,342,0.0,0.0
3.3,4.2,220,333,0.0,0.0
2.9,4.2,219,337,0.0,0.0
2.6,4.2,223,329,0.0,0.0
2.3,4.2,220,338,0.0,0.0
2.0,4.2,212,346,0.0,0.0
1.7,4.2,215,339,0.0,0.0
1.4,4.2,216,346,0.0,0.0
1.1,4.2,216,339,0.0,0.0
0.8,4.2,211,357,0.0,0.0
0.5,4.2,220,340,0.0,0.0
0.2,4.2,217,341,0.0,0.0
-0.2,4.2,215,355,0.0,0.0
-0.5,4.2,209,356,0.0,0.0
-0.8,4.2,222,338,0.0,0.0
-1.1,4.2,217,353,0.0,0.0
-1.4,4.2,221,337,0.0,0.0
-1.7,4.2,219,352,0.0,0.0
-2.0,4.2,224,349,0.0,0.0
-2.3,4.2,216,339,0.0,0.0
-2.6,4.2,214,350,0.0,0.0
-3.0,4.2,210,369,0.0,0.0
-3.3,4.2,216,355,0.0,0.0
-3.6,4.2,220,340,0.0,0.0
-3.9,4.2,220,350,0.0,0.0
-4.2,4.2,215,358,0.0,0.0
-4.5,4.2,222,352,0.0,0.0
-4.5,3.9,208,367,0.0,0.0
-4.2,3.9,208,354,0.0,0.0
-3.9,3.9,210,358,0.0,0.0
-3.6,3.9,205,369,0.0,0.0
-3.3,3.9,215,363,0.0,0.0
-3.0,3.9,214,355,0.0,0.0
-2.6,3.9,208,361,0.0,0.0
-2.3,3.9,214,351,0.0,0.0
-2.0,3.9,208,364,0.0,0.0
-1.7,3.9,207,357,0.0,0.0
-1.4,3.9,212,347,0.0,0.0
-1.1,3.9,215,348,0.0,0.0
-0.8,3.9,218,350,0.0,0.0
-0.5,3.9,216,335,0.0,0.0
-0.2,3.9,215,342,0.0,0.0
0.1,3.9,218,356,0.0,0.0
0.5,3.9,222,346,0.0,0.0
0.8,3.9,206,341,0.0,0.0
1.1,3.9,218,327,0.0,0.0
1.4,3.9,217,340,0.0,0.0
1.7,3.9,220,332,0.0,0.0
2.0,3.9,215,352,0.0,0.0
2.3,3.9,227,331,0.0,0.0
2.6,3.9,217,335,0.0,0.0
2.9,3.9,225,325,0.0,0.0
3.3,3.9,222,333,0.0,0.0
3.6,3.9,222,328,0.0,0.0
3.9,3.9,217,345,0.0,0.0
4.2,3.9,222,334,0.0,0.0
4.5,3.9,219,339,0.0,0.0
4.5,3.6,215,348,0.0,0.0
4.2,3.6,222,335,0.0,0.0
3.9,3.6,217,342,0.0,0.0
3.6,3.6,212,342,0.0,0.0
3.3,3.6,219,356,0.0,0.0
2.9,3.6,221,338,0.0,0.0
2.6,3.6,215,345,0.0,0.0
2.3,3.6,213,344,0.0,0.0
2.0,3.6,218,332,0.0,0.0
1.7,3.6,212,365,0.0,0.0
1.4,3.6,217,334,0.0,0.0
1.1,3.6,220,336,0.0,0.0
0.8,3.6,213,346,0.0,0.0
0.5,3.6,221,342,0.0,0.0
0.1,3.6,219,341,0.0,0.0
-0.2,3.6,210,357,0.0,0.0
-0.5,3.6,215,340,0.0,0.0
-0.8,3.6,207,345,0.0,0.0
-1.1,3.6,223,329,0.0,0.0
-1.4,3.6,209,352,0.0,0.0
-1.7,3.6,216,344,0.0,0.0
-2.0,3.6,214,354,0.0,0.0
-2.3,3.6,208,354,0.0,0.0
-2.6,3.6,216,358,0.0,0.0
-3.0,3.6,217,356,0.0,0.0
-3.3,3.6,216,353,0.0,0.0
-3.6,3.6,213,350,0.0,0.0
-3.9,3.6,209,350,0.0,0.0
-4.2,3.6,208,366,0.0,0.0
-4.5,3.6,208,366,0.0,0.0
-4.5,3.3,221,341,0.0,0.0
-4.2,3.3,211,351,0.0,0.0
-3.9,3.3,216,370,0.0,0.0
-3.6,3.3,219,372,0.0,0.0
-3.3,3.3,217,354,0.0,0.0
-3.0,3.3,215,350,0.0,0.0
-2.6,3.3,214,354,0.0,0.0
-2.3,3.3,217,340,0.0,0.0
-2.0,3.3,212,353,0.0,0.0
-1.7,3.3,216,354,0.0,0.0
-1.4,3.3,219,342,0.0,0.0
-1.1,3.3,219,344,0.0,0.0
-0.8,3.3,210,361,0.0,0.0
-0.5,3.3,212,347,0.0,0.0
-0.2,3.3,215,349,0.0,0.0
0.1,3.3,221,338,0.0,0.0
0.5,3.3,214,351,0.0,0.0
0.8,3.3,214,342,0.0,0.0
1.1,3.3,214,350,0.0,0.0
1.4,3.3,207,357,0.0,0.0
1.7,3.3,216,341,0.0,0.0
2.0,3.3,222,340,0.0,0.0
2.3,3.3,221,333,0.0,0.0
2.6,3.3,225,333,0.0,0.0
2.9,3.3,216,341,0.0,0.0
3.3,3.3,222,338,0.0,0.0
3.6,3.3,221,343,0.0,0.0
3.9,3.3,223,332,0.0,0.0
4.2,3.3,226,328,0.0,0.0
4.5,3.3,215,339,0.0,0.0
4.5,2.9,219,344,0.0,0.0
4.2,2.9,224,329,0.0,0.0
3.9,2.9,225,329,0.0,0.0
3.6,2.9,211,356,0.0,0.0
3.3,2.9,213,357,0.0,0.0
2.9,2.9,214,350,0.0,0.0
2.6,2.9,223,326,0.0,0.0
2.3,2.9,214,350,0.0,0.0
2.0,2.9,219,339,0.0,0.0
1.7,2.9,217,352,0.0,0.0
1.4,2.9,217,341,0.0,0.0
1.1,2.9,212,349,0.0,0.0
0.8,2.9,219,344,0.0,0.0
0.5,2.9,215,346,0.0,0.0
0.1,2.9,219,340,0.0,0.0
-0.2,2.9,212,343,0.0,0.0
-0.5,2.9,214,356,0.0,0.0
-0.8,2.9,217,349,0.0,0.0
-1.1,2.9,224,326,0.0,0.0
-1.4,2.9,212,346,0.0,0.0
-1.7,2.9,211,362,0.0,0.0
-2.0,2.9,209,366,0.0,0.0
-2.3,2.9,219,335,0.0,0.0
-2.6,2.9,214,368,0.0,0.0
-3.0,2.9,220,347,0.0,0.0
-3.3,2.9,216,348,0.0,0.0
-3.6,2.9,213,349,0.0,0.0
-3.9,2.9,215,359,0.0,0.0
-4.2,2.9,208,371,0.0,0.0
-4.5,2.9,218,349,0.0,0.0
-4.5,2.6,218,344,0.0,0.0
-4.2,2.6,213,354,0.0,0.0
-3.9,2.6,214,363,0.0,0.0
-3.6,2.6,210,363,0.0,0.0
-3.3,2.6,208,363,0.0,0.0
-3.0,2.6,209,350,0.0,0.0
-2.6,2.6,213,341,0.0,0.0
-2.3,2.6,214,368,0.0,0.0
-2.0,2.6,214,345,0.0,0.0
-1.7,2.6,214,344,0.0,0.0
-1.4,2.6,206,365,0.0,0.0
-1.1,2.6,221,340,0.0,0.0
-0.8,2.6,215,342,0.0,0.0
-0.5,2.6,218,349,0.0,0.0
-0.2,2.6,213,352,0.0,0.0
0.1,2.6,212,345,0.0,0.0
0.5,2.6,213,360,0.0,0.0
0.8,2.6,220,343,0.0,0.0
1.1,2.6,221,340,0.0,0.0
1.4,2.6,208,354,0.0,0.0
1.7,2.6,228,332,0.0,0.0
2.0,2.6,222,329,0.0,0.0
2.3,2.6,216,350,0.0,0.0
2.6,2.6,220,336,0.0,0.0
2.9,2.6,224,328,0.0,0.0
3.3,2.6,218,342,0.0,0.0
3.6,2.6,217,334,0.0,0.0
3.9,2.6,220,345,0.0,0.0
4.2,2.6,218,342,0.0,0.0
4.5,2.6,220,340,0.0,0.0
4.5,2.3,219,337,0.0,0.0
4.2,2.3,218,338,0.0,0.0
3.9,2.3,214,345,0.0,0.0
3.6,2.3,213,346,0.0,0.0
3.3,2.3,214,348,0.0,0.0
2.9,2.3,220,337,0.0,0.0
2.6,2.3,220,339,0.0,0.0
2.3,2.3,220,340,0.0,0.0
2.0,2.3,218,339,0.0,0.0
1.7,2.3,213,354,0.0,0.0
1.4,2.3,211,354,0.0,0.0
1.1,2.3,217,341,0.0,0.0
0.8,2.3,219,344,0.0,0.0
0.5,2.3,208,352,0.0,0.0
0.1,2.3,217,338,0.0,0.0
-0.2,2.3,215,352,0.0,0.0
-0.5,2.3,210,356,0.0,0.0
-0.8,2.3,213,344,0.0,0.0
-1.1,2.3,220,332,0.0,0.0
-1.4,2.3,213,350,0.0,0.0
-1.7,2.3,214,349,0.0,0.0
-2.0,2.3,217,337,0.0,0.0
-2.3,2.3,213,348,0.0,0.0
-2.6,2.3,215,349,0.0,0.0
-3.0,2.3,211,363,0.0,0.0
-3.3,2.3,211,364,0.0,0.0
-3.6,2.3,210,353,0.0,0.0
-3.9,2.3,213,352,0.0,0.0
-4.2,2.3,207,382,0.0,0.0
-4.5,2.3,212,346,0.0,0.0
-4.5,2.0,214,360,0.0,0.0
-4.2,2.0,209,357,0.0,0.0
-3.9,2.0,215,357,0.0,0.0
-3.6,2.0,217,349,0.0,0.0
-3.3,2.0,210,360,0.0,0.0
-3.0,2.0,215,362,0.0,0.0
-2.6,2.0,211,372,0.0,0.0
-2.3,2.0,219,338,0.0,0.0
-2.0,2.0,211,344,0.0,0.0
-1.7,2.0,216,334,0.0,0.0
-1.4,2.0,213,357,0.0,0.0
-1.1,2.0,217,335,0.0,0.0
-0.8,2.0,218,336,0.0,0.0
-0.5,2.0,211,347,0.0,0.0
-0.2,2.0,217,345,0.0,0.0
0.2,2.0,218,338,0.0,0.0
0.5,2.0,216,339,0.0,0.0
0.8,2.0,215,343,0.0,0.0
1.1,2.0,224,333,0.0,0.0
1.4,2.0,218,350,0.0,0.0
1.7,2.0,218,346,0.0,0.0
2.0,2.0,210,349,0.0,0.0
2.3,2.0,215,350,0.0,0.0
2.6,2.0,216,344,0.0,0.0
2.9,2.0,214,348,0.0,0.0
3.3,2.0,221,337,0.0,0.0
3.6,2.0,224,326,0.0,0.0
3.9,2.0,221,330,0.0,0.0
4.2,2.0,221,338,0.0,0.0
4.5,2.0,221,341,0.0,0.0
4.5,1.7,221,340,0.0,0.0
4.2,1.7,216,361,0.0,0.0
3.9,1.7,218,336,0.0,0.0
3.6,1.7,225,327,0.0,0.0
3.3,1.7,218,332,0.0,0.0
2.9,1.7,214,350,0.0,0.0
2.6,1.7,218,331,0.0,0.0
2.3,1.7,217,340,0.0,0.0
2.0,1.7,213,350,0.0,0.0
1.7,1.7,224,335,0.0,0.0
1.4,1.7,215,350,0.0,0.0
1.1,1.7,213,342,0.0,0.0
0.8,1.7,212,349,0.0,0.0
0.5,1.7,217,338,0.0,0.0
0.2,1.7,216,335,0.0,0.0
-0.2,1.7,209,358,0.0,0.0
-0.5,1.7,217,334,0.0,0.0
-0.8,1.7,216,342,0.0,0.0
-1.1,1.7,213,355,0.0,0.0
-1.4,1.7,214,342,0.0,0.0
-1.7,1.7,213,356,0.0,0.0
-2.0,1.7,221,341,0.0,0.0
-2.3,1.7,208,373,0.0,0.0
-2.6,1.7,222,333,0.0,0.0
-3.0,1.7,213,364,0.0,0.0
-3.3,1.7,210,345,0.0,0.0
-3.6,1.7,215,348,0.0,0.0
-3.9,1.7,210,345,0.0,0.0
-4.2,1.7,206,361,0.0,0.0
-4.5,1.7,205,353,0.0,0.0
-4.5,1.4,213,361,0.0,0.0
-4.2,1.4,211,355,0.0,0.0
-3.9,1.4,221,345,0.0,0.0
-3.6,1.4,218,351,0.0,0.0
-3.3,1.4,216,344,0.0,0.0
-3.0,1.4,215,349,0.0,0.0
-2.6,1.4,217,345,0.0,0.0
-2.3,1.4,217,355,0.0,0.0
-2.0,1.4,211,362,0.0,0.0
-1.7,1.4,214,351,0.0,0.0
-1.4,1.4,211,351,0.0,0.0
-1.1,1.4,218,354,0.0,0.0
-0.8,1.4,222,338,0.0,0.0
-0.5,1.4,215,348,0.0,0.0
-0.2,1.4,212,344,0.0,0.0
0.2,1.4,215,354,0.0,0.0
0.5,1.4,213,354,0.0,0.0
0.8,1.4,224,328,0.0,0.0
1.1,1.4,215,341,0.0,0.0
1.4,1.4,221,337,0.0,0.0
1.7,1.4,227,326,0.0,0.0
2.0,1.4,222,326,0.0,0.0
2.3,1.4,222,329,0.0,0.0
2.6,1.4,216,344,0.0,0.0
2.9,1.4,219,345,0.0,0.0
3.3,1.4,225,339,0.0,0.0
3.6,1.4,224,333,0.0,0.0
3.9,1.4,220,330,0.0,0.0
4.2,1.4,218,336,0.0,0.0
4.5,1.4,215,345,0.0,0.0
4.5,1.1,212,351,0.0,0.0
4.2,1.1,224,323,0.0,0.0
3.9,1.1,223,325,0.0,0.0
3.6,1.1,223,327,0.0,0.0
3.3,1.1,219,332,0.0,0.0
2.9,1.1,222,334,0.0,0.0
2.6,1.1,222,331,0.0,0.0
2.3,1.1,222,328,0.0,0.0
2.0,1.1,224,326,0.0,0.0
1.7,1.1,221,334,0.0,0.0
1.4,1.1,218,346,0.0,0.0
1.1,1.1,211,348,0.0,0.0
0.8,1.1,224,337,0.0,0.0
0.5,1.1,218,339,0.0,0.0
0.2,1.1,212,344,0.0,0.0
-0.2,1.1,224,338,0.0,0.0
-0.5,1.1,215,350,0.0,0.0
-0.8,1.1,213,340,0.0,0.0
-1.1,1.1,224,334,0.0,0.0
-1.4,1.1,216,345,0.0,0.0
-1.7,1.1,215,337,0.0,0.0
-2.0,1.1,220,340,0.0,0.0
-2.3,1.1,206,361,0.0,0.0
-2.6,1.1,215,351,0.0,0.0
-3.0,1.1,213,350,0.0,0.0
-3.3,1.1,216,339,0.0,0.0
-3.6,1.1,212,347,0.0,0.0
-3.9,1.1,208,359,0.0,0.0
-4.2,1.1,213,349,0.0,0.0
-4.5,1.1,215,351,0.0,0.0
-4.5,0.8,214,364,0.0,0.0
-4.2,0.8,219,335,0.0,0.0
-3.9,0.8,211,366,0.0,0.0
-3.6,0.8,207,352,0.0,0.0
-3.3,0.8,207,358,0.0,0.0
-3.0,0.8,214,358,0.0,0.0
-2.6,0.8,213,356,0.0,0.0
-2.3,0.8,218,341,0.0,0.0
-2.0,0.8,223,336,0.0,0.0
-1.7,0.8,214,356,0.0,0.0
-1.4,0.8,210,361,0.0,0.0
-1.1,0.8,213,352,0.0,0.0
-0.8,0.8,213,343,0.0,0.0
-0.5,0.8,216,345,0.0,0.0
-0.2,0.8,211,357,0.0,0.0
0.2,0.8,217,336,0.0,0.0
0.5,0.8,212,348,0.0,0.0
0.8,0.8,215,341,0.0,0.0
1.1,0.8,214,341,0.0,0.0
1.4,0.8,222,337,0.0,0.0
1.7,0.8,218,341,0.0,0.0
2.0,0.8,218,339,0.0,0.0
2.3,0.8,219,329,0.0,0.0
2.6,0.8,213,345,0.0,0.0
2.9,0.8,217,348,0.0,0.0
3.3,0.8,223,326,0.0,0.0
3.6,0.8,223,329,0.0,0.0
3.9,0.8,217,345,0.0,0.0
4.2,0.8,217,351,0.0,0.0
4.5,0.8,219,340,0.0,0.0
4.5,0.5,221,331,0.0,0.0
4.2,0.5,225,330,0.0,0.0
3.9,0.5,224,335,0.0,0.0
3.6,0.5,223,338,0.0,0.0
3.3,0.5,216,339,0.0,0.0
2.9,0.5,213,343,0.0,0.0
2.6,0.5,213,343,0.0,0.0
2.3,0.5,216,342,0.0,0.0
2.0,0.5,217,334,0.0,0.0
1.7,0.5,218,336,0.0,0.0
1.4,0.5,220,342,0.0,0.0
1.1,0.5,217,349,0.0,0.0
0.8,0.5,212,350,0.0,0.0
0.5,0.5,218,339,0.0,0.0
0.2,0.5,222,327,0.0,0.0
-0.2,0.5,217,345,0.0,0.0
-0.5,0.5,210,358,0.0,0.0
-0.8,0.5,211,343,0.0,0.0
-1.1,0.5,220,330,0.0,0.0
-1.4,0.5,225,327,0.0,0.0
-1.7,0.5,222,327,0.0,0.0
-2.0,0.5,215,361,0.0,0.0
-2.3,0.5,221,335,0.0,0.0
-2.6,0.5,216,343,0.0,0.0
-3.0,0.5,213,347,0.0,0.0
-3.3,0.5,216,352,0.0,0.0
-3.6,0.5,209,358,0.0,0.0
-3.9,0.5,208,361,0.0,0.0
-4.2,0.5,212,350,0.0,0.0
-4.5,0.5,215,344,0.0,0.0
-4.5,0.1,216,355,0.0,0.0
-4.2,0.1,220,341,0.0,0.0
-3.9,0.1,218,352,0.0,0.0
-3.6,0.1,214,345,0.0,0.0
-3.3,0.1,212,350,0.0,0.0
-3.0,0.1,209,368,0.0,0.0
-2.6,0.1,217,341,0.0,0.0
-2.3,0.1,209,347,0.0,0.0
-2.0,0.1,220,343,0.0,0.0
-1.7,0.1,226,335,0.0,0.0
-1.4,0.1,218,339,0.0,0.0
-1.1,0.1,216,349,0.0,0.0
-0.8,0.1,215,346,0.0,0.0
-0.5,0.1,211,358,0.0,0.0
-0.2,0.1,213,344,0.0,0.0
0.2,0.1,211,361,0.0,0.0
0.5,0.1,215,350,0.0,0.0
0.8,0.1,212,349,0.0,0.0
1.1,0.2,211,353,0.0,0.0
1.4,0.2,216,338,0.0,0.0
1.7,0.2,218,337,0.0,0.0
2.0,0.2,217,348,0.0,0.0
2.3,0.2,217,336,0.0,0.0
2.6,0.2,217,342,0.0,0.0
2.9,0.2,217,339,0.0,0.0
3.3,0.2,216,342,0.0,0.0
3.6,0.2,224,337,0.0,0.0
3.9,0.2,226,329,0.0,0.0
4.2,0.2,219,340,0.0,0.0
4.5,0.2,220,338,0.0,0.0
4.5,-0.2,217,337,0.0,0.0
4.2,-0.2,225,322,0.0,0.0
3.9,-0.2,225,329,0.0,0.0
3.6,-0.2,221,330,0.0,0.0
3.3,-0.2,220,337,0.0,0.0
2.9,-0.2,220,337,0.0,0.0
2.6,-0.2,214,354,0.0,0.0
2.3,-0.2,219,335,0.0,0.0
2.0,-0.2,218,343,0.0,0.0
1.7,-0.2,218,343,0.0,0.0
1.4,-0.2,213,353,0.0,0.0
1.1,-0.2,214,363,0.0,0.0
0.8,-0.2,212,351,0.0,0.0
0.5,-0.2,208,356,0.0,0.0
0.2,-0.2,212,345,0.0,0.0
-0.2,-0.2,221,333,0.0,0.0
-0.5,-0.2,224,332,0.0,0.0
-0.8,-0.2,217,337,0.0,0.0
-1.1,-0.2,216,338,0.0,0.0
-1.4,-0.2,224,326,0.0,0.0
-1.7,-0.2,215,357,0.0,0.0
-2.0,-0.2,216,344,0.0,0.0
-2.3,-0.2,211,362,0.0,0.0
-2.6,-0.2,220,344,0.0,0.0
-3.0,-0.2,213,351,0.0,0.0
-3.3,-0.2,213,354,0.0,0.0
-3.6,-0.2,214,350,0.0,0.0
-3.9,-0.2,211,345,0.0,0.0
-4.2,-0.2,210,352,0.0,0.0
-4.5,-0.2,213,352,0.0,0.0
-4.5,-0.5,211,359,0.0,0.0
-4.2,-0.5,210,348,0.0,0.0
-3.9,-0.5,214,345,0.0,0.0
-3.6,-0.5,218,335,0.0,0.0
-3.3,-0.5,219,344,0.0,0.0
-3.0,-0.5,213,361,0.0,0.0
-2.6,-0.5,217,349,0.0,0.0
-2.3,-0.5,217,339,0.0,0.0
-2.0,-0.5,212,354,0.0,0.0
-1.7,-0.5,210,360,0.0,0.0
-1.4,-0.5,217,344,0.0,0.0
-1.1,-0.5,218,340,0.0,0.0
-0.8,-0.5,215,349,0.0,0.0
-0.5,-0.5,217,331,0.0,0.0
-0.2,-0.5,218,329,0.0,0.0
0.2,-0.5,216,337,0.0,0.0
0.5,-0.5,221,328,0.0,0.0
0.8,-0.5,219,334,0.0,0.0
1.1,-0.5,211,359,0.0,0.0
1.4,-0.5,216,345,0.0,0.0
1.7,-0.5,223,339,0.0,0.0
2.0,-0.5,214,348,0.0,0.0
2.3,-0.5,223,329,0.0,0.0
2.6,-0.5,221,344,0.0,0.0
2.9,-0.5,220,338,0.0,0.0
3.3,-0.5,216,337,0.0,0.0
3.6,-0.5,214,347,0.0,0.0
3.9,-0.5,224,334,0.0,0.0
4.2,-0.5,218,336,0.0,0.0
4.5,-0.5,219,335,0.0,0.0
4.5,-0.8,227,324,0.0,0.0
4.2,-0.8,224,324,0.0,0.0
3.9,-0.8,222,330,0.0,0.0
3.6,-0.8,215,345,0.0,0.0
3.3,-0.8,222,335,0.0,0.0
2.9,-0.8,220,330,0.0,0.0
2.6,-0.8,216,346,0.0,0.0
2.3,-0.8,224,327,0.0,0.0
2.0,-0.8,214,345,0.0,0.0
1.7,-0.8,217,345,0.0,0.0
1.4,-0.8,213,352,0.0,0.0
1.1,-0.8,212,346,0.0,0.0
0.8,-0.8,223,327,0.0,0.0
0.5,-0.8,212,354,0.0,0.0
0.2,-0.8,208,364,0.0,0.0
-0.2,-0.8,210,349,0.0,0.0
-0.5,-0.8,215,340,0.0,0.0
-0.8,-0.8,213,346,0.0,0.0
-1.1,-0.8,213,363,0.0,0.0
-1.4,-0.8,211,352,0.0,0.0
-1.7,-0.8,212,346,0.0,0.0
-2.0,-0.8,222,338,0.0,0.0
-2.3,-0.8,208,357,0.0,0.0
-2.6,-0.8,225,338,0.0,0.0
-3.0,-0.8,211,370,0.0,0.0
-3.3,-0.8,219,345,0.0,0.0
-3.6,-0.8,216,349,0.0,0.0
-3.9,-0.8,213,347,0.0,0.0
-4.2,-0.8,212,366,0.0,0.0
-4.5,-0.8,211,363,0.0,0.0
-4.5,-1.1,213,361,0.0,0.0
-4.2,-1.1,218,356,0.0,0.0
-3.9,-1.1,209,347,0.0,0.0
-3.6,-1.1,214,351,0.0,0.0
-3.3,-1.1,216,352,0.0,0.0
-3.0,-1.1,211,348,0.0,0.0
-2.6,-1.1,215,342,0.0,0.0
-2.3,-1.1,217,345,0.0,0.0
-2.0,-1.1,217,339,0.0,0.0
-1.7,-1.1,210,352,0.0,0.0
-1.4,-1.1,216,346,0.0,0.0
-1.1,-1.1,223,337,0.0,0.0
-0.8,-1.1,221,334,0.0,0.0
-0.5,-1.1,212,342,0.0,0.0
-0.2,-1.1,217,341,0.0,0.0
0.2,-1.1,217,349,0.0,0.0
0.5,-1.1,222,342,0.0,0.0
0.8,-1.1,220,346,0.0,0.0
1.1,-1.1,216,343,0.0,0.0
1.4,-1.1,220,337,0.0,0.0
1.7,-1.1,216,340,0.0,0.0
2.0,-1.1,225,329,0.0,0.0
2.3,-1.1,218,340,0.0,0.0
2.6,-1.1,223,335,0.0,0.0
2.9,-1.1,218,336,0.0,0.0
3.3,-1.1,226,325,0.0,0.0
3.6,-1.1,217,338,0.0,0.0
3.9,-1.1,216,338,0.0,0.0
4.2,-1.1,223,329,0.0,0.0
4.5,-1.1,227,329,0.0,0.0
4.5,-1.4,216,345,0.0,0.0
4.2,-1.4,219,337,0.0,0.0
3.9,-1.4,219,334,0.0,0.0
3.6,-1.4,213,344,0.0,0.0
3.3,-1.4,218,341,0.0,0.0
2.9,-1.4,216,342,0.0,0.0
2.6,-1.4,212,345,0.0,0.0
2.3,-1.4,215,347,0.0,0.0
2.0,-1.4,217,332,0.0,0.0
1.7,-1.4,224,324,0.0,0.0
1.4,-1.4,218,346,0.0,0.0
1.1,-1.4,217,342,0.0,0.0
0.8,-1.4,213,348,0.0,0.0
0.5,-1.4,213,353,0.0,0.0
0.1,-1.4,220,330,0.0,0.0
-0.2,-1.4,213,354,0.0,0.0
-0.5,-1.4,218,352,0.0,0.0
-0.8,-1.4,208,353,0.0,0.0
-1.1,-1.4,212,348,0.0,0.0
-1.4,-1.4,214,353,0.0,0.0
-1.7,-1.4,227,333,0.0,0.0
-2.0,-1.4,214,345,0.0,0.0
-2.3,-1.4,217,350,0.0,0.0
-2.6,-1.4,213,347,0.0,0.0
-3.0,-1.4,218,347,0.0,0.0
-3.3,-1.4,215,353,0.0,0.0
-3.6,-1.4,216,342,0.0,0.0
-3.9,-1.4,224,344,0.0,0.0
-4.2,-1.4,216,350,0.0,0.0
-4.5,-1.4,215,349,0.0,0.0
-4.5,-1.7,215,342,0.0,0.0
-4.2,-1.7,209,374,0.0,0.0
-3.9,-1.7,218,354,0.0,0.0
-3.6,-1.7,209,358,0.0,0.0
-3.3,-1.7,212,351,0.0,0.0
-3.0,-1.7,218,343,0.0,0.0
-2.6,-1.7,215,351,0.0,0.0
-2.3,-1.7,213,358,0.0,0.0
-2.0,-1.7,214,348,0.0,0.0
-1.7,-1.7,213,344,0.0,0.0
-1.4,-1.7,210,363,0.0,0.0
-1.1,-1.7,222,348,0.0,0.0
-0.8,-1.7,211,357,0.0,0.0
-0.5,-1.7,214,350,0.0,0.0
-0.2,-1.7,218,346,0.0,0.0
0.1,-1.7,221,336,0.0,0.0
0.5,-1.7,218,333,0.0,0.0
0.8,-1.7,219,345,0.0,0.0
1.1,-1.7,218,338,0.0,0.0
1.4,-1.7,215,348,0.0,0.0
1.7,-1.7,221,336,0.0,0.0
2.0,-1.7,222,334,0.0,0.0
2.3,-1.7,219,336,0.0,0.0
2.6,-1.7,212,346,0.0,0.0
2.9,-1.7,220,330,0.0,0.0
3.3,-1.7,215,344,0.0,0.0
3.6,-1.7,217,343,0.0,0.0
3.9,-1.7,220,330,0.0,0.0
4.2,-1.7,215,340,0.0,0.0
4.5,-1.7,217,337,0.0,0.0
4.5,-2.0,215,335,0.0,0.0
4.2,-2.0,222,323,0.0,0.0
3.9,-2.0,219,336,0.0,0.0
3.6,-2.0,211,351,0.0,0.0
3.3,-2.0,214,349,0.0,0.0
2.9,-2.0,217,343,0.0,0.0
2.6,-2.0,218,335,0.0,0.0
2.3,-2.0,215,347,0.0,0.0
2.0,-2.0,221,336,0.0,0.0
1.7,-2.0,217,352,0.0,0.0
1.4,-2.0,215,347,0.0,0.0
1.1,-2.0,213,349,0.0,0.0
0.8,-2.0,219,340,0.0,0.0
0.5,-2.0,219,338,0.0,0.0
0.1,-2.0,211,351,0.0,0.0
-0.2,-2.0,215,343,0.0,0.0
-0.5,-2.0,219,341,0.0,0.0
-0.8,-2.0,214,353,0.0,0.0
-1.1,-2.0,212,345,0.0,0.0
-1.4,-2.0,217,342,0.0,0.0
-1.7,-2.0,208,351,0.0,0.0
-2.0,-2.0,216,350,0.0,0.0
-2.3,-2.0,214,349,0.0,0.0
-2.6,-2.0,210,364,0.0,0.0
-3.0,-2.0,211,348,0.0,0.0
-3.3,-2.0,211,350,0.0,0.0
-3.6,-2.0,207,360,0.0,0.0
-3.9,-2.0,212,354,0.0,0.0
-4.2,-2.0,216,358,0.0,0.0
-4.5,-2.0,209,356,0.0,0.0
-4.5,-2.3,208,369,0.0,0.0
-4.2,-2.3,209,360,0.0,0.0
-3.9,-2.3,211,358,0.0,0.0
-3.6,-2.3,207,358,0.0,0.0
-3.3,-2.3,209,356,0.0,0.0
-3.0,-2.3,213,340,0.0,0.0
-2.6,-2.3,209,355,0.0,0.0
-2.3,-2.3,218,349,0.0,0.0
-2.0,-2.3,218,345,0.0,0.0
-1.7,-2.3,213,350,0.0,0.0
-1.4,-2.3,217,340,0.0,0.0
-1.1,-2.3,225,332,0.0,0.0
-0.8,-2.3,215,340,0.0,0.0
-0.5,-2.3,212,357,0.0,0.0
-0.2,-2.3,217,342,0.0,0.0
0.2,-2.3,218,333,0.0,0.0
0.5,-2.3,215,349,0.0,0.0
0.8,-2.3,213,366,0.0,0.0
1.1,-2.3,214,341,0.0,0.0
1.4,-2.3,216,353,0.0,0.0
1.7,-2.3,216,348,0.0,0.0
2.0,-2.3,219,353,0.0,0.0
2.3,-2.3,213,347,0.0,0.0
2.6,-2.3,224,330,0.0,0.0
2.9,-2.3,214,342,0.0,0.0
3.3,-2.3,218,339,0.0,0.0
3.6,-2.3,220,340,0.0,0.0
3.9,-2.3,217,343,0.0,0.0
4.2,-2.3,213,346,0.0,0.0
4.5,-2.3,211,348,0.0,0.0
4.5,-2.6,225,336,0.0,0.0
4.2,-2.6,217,342,0.0,0.0
3.9,-2.6,220,336,0.0,0.0
3.6,-2.6,214,348,0.0,0.0
3.3,-2.6,219,341,0.0,0.0
2.9,-2.6,222,338,0.0,0.0
2.6,-2.6,219,336,0.0,0.0
2.3,-2.6,222,332,0.0,0.0
2.0,-2.6,215,349,0.0,0.0
1.7,-2.6,214,356,0.0,0.0
1.4,-2.6,216,339,0.0,0.0
1.1,-2.6,219,336,0.0,0.0
0.8,-2.6,218,332,0.0,0.0
0.5,-2.6,217,339,0.0,0.0
0.1,-2.6,213,345,0.0,0.0
-0.2,-2.6,209,349,0.0,0.0
-0.5,-2.6,214,354,0.0,0.0
-0.8,-2.6,212,359,0.0,0.0
-1.1,-2.6,216,346,0.0,0.0
-1.4,-2.6,213,353,0.0,0.0
-1.7,-2.6,217,349,0.0,0.0
-2.0,-2.6,219,340,0.0,0.0
-2.3,-2.6,213,353,0.0,0.0
-2.6,-2.6,216,344,0.0,0.0
-3.0,-2.6,216,343,0.0,0.0
-3.3,-2.6,220,339,0.0,0.0
-3.6,-2.6,204,361,0.0,0.0
-3.9,-2.6,209,372,0.0,0.0
-4.2,-2.6,212,369,0.0,0.0
-4.5,-2.6,213,354,0.0,0.0
-4.5,-3.0,214,351,0.0,0.0
-4.2,-3.0,215,353,0.0,0.0
-3.9,-3.0,210,336,0.0,0.0
-3.6,-3.0,217,345,0.0,0.0
-3.3,-3.0,210,355,0.0,0.0
-3.0,-3.0,210,356,0.0,0.0
-2.6,-3.0,217,353,0.0,0.0
-2.3,-3.0,223,351,0.0,0.0
-2.0,-3.0,212,355,0.0,0.0
-1.7,-3.0,212,353,0.0,0.0
-1.4,-3.0,212,363,0.0,0.0
-1.1,-3.0,216,339,0.0,0.0
-0.8,-3.0,214,361,0.0,0.0
-0.5,-3.0,215,350,0.0,0.0
-0.2,-3.0,217,351,0.0,0.0
0.1,-3.0,210,355,0.0,0.0
0.5,-3.0,213,348,0.0,0.0
0.8,-3.0,219,332,0.0,0.0
1.1,-3.0,218,339,0.0,0.0
1.4,-3.0,222,344,0.0,0.0
1.7,-3.0,212,340,0.0,0.0
2.0,-3.0,213,348,0.0,0.0
2.3,-3.0,211,356,0.0,0.0
2.6,-3.0,215,344,0.0,0.0
2.9,-3.0,216,334,0.0,0.0
3.3,-3.0,214,351,0.0,0.0
3.6,-3.0,215,344,0.0,0.0
3.9,-3.0,213,345,0.0,0.0
4.2,-3.0,217,346,0.0,0.0
4.5,-3.0,218,352,0.0,0.0
4.5,-3.3,215,348,0.0,0.0
4.2,-3.3,213,345,0.0,0.0
3.9,-3.3,217,341,0.0,0.0
3.6,-3.3,221,336,0.0,0.0
3.3,-3.3,218,339,0.0,0.0
2.9,-3.3,211,341,0.0,0.0
2.6,-3.3,212,347,0.0,0.0
2.3,-3.3,213,341,0.0,0.0
2.0,-3.3,212,348,0.0,0.0
1.7,-3.3,210,359,0.0,0.0
1.4,-3.3,219,340,0.0,0.0
1.1,-3.3,212,346,0.0,0.0
0.8,-3.3,223,336,0.0,0.0
0.5,-3.3,224,343,0.0,0.0
0.1,-3.3,219,338,0.0,0.0
-0.2,-3.3,208,367,0.0,0.0
-0.5,-3.3,212,350,0.0,0.0
-0.8,-3.3,210,354,0.0,0.0
-1.1,-3.3,213,348,0.0,0.0
-1.4,-3.3,221,337,0.0,0.0
-1.7,-3.3,208,363,0.0,0.0
-2.0,-3.3,209,356,0.0,0.0
-2.3,-3.3,215,347,0.0,0.0
-2.6,-3.3,216,357,0.0,0.0
-3.0,-3.3,214,348,0.0,0.0
-3.3,-3.3,203,375,0.0,0.0
-3.6,-3.3,209,354,0.0,0.0
-3.9,-3.3,215,355,0.0,0.0
-4.2,-3.3,211,348,0.0,0.0
-4.5,-3.3,221,333,0.0,0.0
-4.5,-3.6,220,335,0.0,0.0
-4.2,-3.6,213,362,0.0,0.0
-3.9,-3.6,215,356,0.0,0.0
-3.6,-3.6,217,350,0.0,0.0
-3.3,-3.6,218,341,0.0,0.0
-3.0,-3.6,216,348,0.0,0.0
-2.6,-3.6,210,359,0.0,0.0
-2.3,-3.6,212,349,0.0,0.0
-2.0,-3.6,214,342,0.0,0.0
-1.7,-3.6,207,368,0.0,0.0
-1.4,-3.6,220,346,0.0,0.0
-1.1,-3.6,208,358,0.0,0.0
-0.8,-3.6,210,353,0.0,0.0
-0.5,-3.6,210,346,0.0,0.0
-0.2,-3.6,211,356,0.0,0.0
0.1,-3.6,210,358,0.0,0.0
0.5,-3.6,214,348,0.0,0.0
0.8,-3.6,217,349,0.0,0.0
1.1,-3.6,209,349,0.0,0.0
1.4,-3.6,214,360,0.0,0.0
1.7,-3.6,213,346,0.0,0.0
2.0,-3.6,216,339,0.0,0.0
2.3,-3.6,213,346,0.0,0.0
2.6,-3.6,218,345,0.0,0.0
2.9,-3.6,218,348,0.0,0.0
3.2,-3.6,208,369,0.0,0.0
3.6,-3.6,211,349,0.0,0.0
3.9,-3.6,214,351,0.0,0.0
4.2,-3.6,215,343,0.0,0.0
4.5,-3.6,213,351,0.0,0.0
4.5,-3.9,214,338,0.0,0.0
4.2,-3.9,216,341,0.0,0.0
3.9,-3.9,213,343,0.0,0.0
3.6,-3.9,221,341,0.0,0.0
3.2,-3.9,209,370,0.0,0.0
2.9,-3.9,209,356,0.0,0.0
2.6,-3.9,219,342,0.0,0.0
2.3,-3.9,217,353,0.0,0.0
2.0,-3.9,216,347,0.0,0.0
1.7,-3.9,213,356,0.0,0.0
1.4,-3.9,208,369,0.0,0.0
1.1,-3.9,217,338,0.0,0.0
0.8,-3.9,211,358,0.0,0.0
0.5,-3.9,211,361,0.0,0.0
0.1,-3.9,216,344,0.0,0.0
-0.2,-3.9,226,334,0.0,0.0
-0.5,-3.9,215,350,0.0,0.0
-0.8,-3.9,217,343,0.0,0.0
-1.1,-3.9,220,340,0.0,0.0
-1.4,-3.9,215,353,0.0,0.0
-1.7,-3.9,216,353,0.0,0.0
-2.0,-3.9,221,342,0.0,0.0
-2.3,-3.9,213,364,0.0,0.0
-2.6,-3.9,214,357,0.0,0.0
-3.0,-3.9,214,358,0.0,0.0
-3.3,-3.9,217,350,0.0,0.0
-3.6,-3.9,215,346,0.0,0.0
-3.9,-3.9,214,356,0.0,0.0
-4.2,-3.9,221,338,0.0,0.0
-4.5,-3.9,209,363,0.0,0.0
-4.5,-4.2,219,342,0.0,0.0
-4.2,-4.2,216,354,0.0,0.0
-3.9,-4.2,210,366,0.0,0.0
-3.6,-4.2,217,360,0.0,0.0
-3.3,-4.2,211,357,0.0,0.0
-3.0,-4.2,222,338,0.0,0.0
-2.6,-4.2,216,347,0.0,0.0
-2.3,-4.2,210,348,0.0,0.0
-2.0,-4.2,215,345,0.0,0.0
-1.7,-4.2,215,349,0.0,0.0
-1.4,-4.2,217,353,0.0,0.0
-1.1,-4.2,219,345,0.0,0.0
-0.8,-4.2,211,347,0.0,0.0
-0.5,-4.2,210,362,0.0,0.0
-0.2,-4.2,210,357,0.0,0.0
0.1,-4.2,219,341,0.0,0.0
0.5,-4.2,214,351,0.0,0.0
0.8,-4.2,213,367,0.0,0.0
1.1,-4.2,213,347,0.0,0.0
1.4,-4.2,211,354,0.0,0.0
1.7,-4.2,212,361,0.0,0.0
2.0,-4.2,214,350,0.0,0.0
2.3,-4.2,215,348,0.0,0.0
2.6,-4.2,213,348,0.0,0.0
2.9,-4.2,220,336,0.0,0.0
3.3,-4.2,217,337,0.0,0.0
3.6,-4.2,222,327,0.0,0.0
3.9,-4.2,213,359,0.0,0.0
4.2,-4.2,215,343,0.0,0.0
4.5,-4.2,223,331,0.0,0.0
4.5,-4.5,215,345,0.0,0.0
4.2,-4.5,222,332,0.0,0.0
3.9,-4.5,217,340,0.0,0.0
3.6,-4.5,215,350,0.0,0.0
3.3,-4.5,218,338,0.0,0.0
2.9,-4.5,214,354,0.0,0.0
2.6,-4.5,219,340,0.0,0.0
2.3,-4.5,215,353,0.0,0.0
2.0,-4.5,213,350,0.0,0.0
1.7,-4.5,216,345,0.0,0.0
1.4,-4.5,216,344,0.0,0.0
1.1,-4.5,218,344,0.0,0.0
0.8,-4.5,215,346,0.0,0.0
0.5,-4.5,212,348,0.0,0.0
0.1,-4.5,218,340,0.0,0.0
-0.2,-4.5,214,345,0.0,0.0
-0.5,-4.5,215,353,0.0,0.0
-0.8,-4.5,216,353,0.0,0.0
-1.1,-4.5,215,352,0.0,0.0
-1.4,-4.5,216,347,0.0,0.0
-1.7,-4.5,214,357,0.0,0.0
-2.0,-4.5,213,351,0.0,0.0
-2.3,-4.5,210,350,0.0,0.0
-2.6,-4.5,219,351,0.0,0.0
-3.0,-4.5,214,361,0.0,0.0
-3.3,-4.5,211,352,0.0,0.0
-3.6,-4.5,204,363,0.0,0.0
-3.9,-4.5,212,354,0.0,0.0
-4.2,-4.5,216,344,0.0,0.0
-4.5,-4.5,213,361,0.0,0.0
-4.5,-4.5,210,369,0.0,0.0
-4.2,-4.5,217,353,0.0,0.0
-3.9,-4.5,214,346,0.0,0.0
-3.6,-4.5,209,354,0.0,0.0
-3.3,-4.5,211,351,0.0,0.0
-3.0,-4.5,212,359,0.0,0.0
-2.6,-4.5,213,350,0.0,0.0
-2.3,-4.5,214,357,0.0,0.0
-2.0,-4.5,212,356,0.0,0.0
-1.7,-4.5,211,362,0.0,0.0
-1.4,-4.5,209,351,0.0,0.0
-1.1,-4.5,219,352,0.0,0.0
-0.8,-4.5,216,348,0.0,0.0
-0.5,-4.5,213,353,0.0,0.0
-0.2,-4.5,213,347,0.0,0.0
0.1,-4.5,216,351,0.0,0.0
0.5,-4.5,218,341,0.0,0.0
0.8,-4.5,217,354,0.0,0.0
1.1,-4.5,219,342,0.0,0.0
1.4,-4.5,214,346,0.0,0.0
1.7,-4.5,217,342,0.0,0.0
2.0,-4.5,213,352,0.0,0.0
2.3,-4.5,213,361,0.0,0.0
2.6,-4.5,219,337,0.0,0.0
2.9,-4.5,212,355,0.0,0.0
3.2,-4.5,214,341,0.0,0.0
3.6,-4.5,213,351,0.0,0.0
3.9,-4.5,214,355,0.0,0.0
4.2,-4.5,220,338,0.0,0.0
4.5,-4.5,217,336,0.0,0.0
4.5,-4.2,223,334,0.0,0.0
4.2,-4.2,222,341,0.0,0.0
3.9,-4.2,214,351,0.0,0.0
3.6,-4.2,215,341,0.0,0.0
3.2,-4.2,222,327,0.0,0.0
2.9,-4.2,219,339,0.0,0.0
2.6,-4.2,218,344,0.0,0.0
2.3,-4.2,213,351,0.0,0.0
2.0,-4.2,213,356,0.0,0.0
1.7,-4.2,213,359,0.0,0.0
1.4,-4.2,213,352,0.0,0.0
1.1,-4.2,214,340,0.0,0.0
0.8,-4.2,211,366,0.0,0.0
0.5,-4.2,216,350,0.0,0.0
0.1,-4.2,210,352,0.0,0.0
-0.2,-4.2,206,360,0.0,0.0
-0.5,-4.2,209,358,0.0,0.0
-0.8,-4.2,208,358,0.0,0.0
-1.1,-4.2,219,347,0.0,0.0
-1.4,-4.2,218,358,0.0,0.0
-1.7,-4.2,216,343,0.0,0.0
-2.0,-4.2,219,357,0.0,0.0
-2.3,-4.2,209,348,0.0,0.0
-2.6,-4.2,214,355,0.0,0.0
-3.0,-4.2,222,344,0.0,0.0
-3.3,-4.2,212,347,0.0,0.0
-3.6,-4.2,216,358,0.0,0.0
-3.9,-4.2,210,369,0.0,0.0
-4.2,-4.2,209,354,0.0,0.0
-4.5,-4.2,216,358,0.0,0.0
-4.5,-3.9,215,365,0.0,0.0
-4.2,-3.9,221,336,0.0,0.0
-3.9,-3.9,211,350,0.0,0.0
-3.6,-3.9,215,348,0.0,0.0
-3.3,-3.9,219,343,0.0,0.0
-3.0,-3.9,213,355,0.0,0.0
-2.6,-3.9,214,352,0.0,0.0
-2.3,-3.9,210,364,0.0,0.0
-2.0,-3.9,220,345,0.0,0.0
-1.7,-3.9,210,361,0.0,0.0
-1.4,-3.9,216,354,0.0,0.0
-1.1,-3.9,219,340,0.0,0.0
-0.8,-3.9,217,344,0.0,0.0
-0.5,-3.9,209,358,0.0,0.0
-0.2,-3.9,221,345,0.0,0.0
0.1,-3.9,214,344,0.0,0.0
0.5,-3.9,217,347,0.0,0.0
0.8,-3.9,211,358,0.0,0.0
1.1,-3.9,219,344,0.0,0.0
1.4,-3.9,214,356,0.0,0.0
1.7,-3.9,214,354,0.0,0.0
2.0,-3.9,216,353,0.0,0.0
2.3,-3.9,218,345,0.0,0.0
2.6,-3.9,221,346,0.0,0.0
2.9,-3.9,212,356,0.0,0.0
3.2,-3.9,210,371,0.0,0.0
3.6,-3.9,211,354,0.0,0.0
3.9,-3.9,214,356,0.0,0.0
4.2,-3.9,215,343,0.0,0.0
4.5,-3.9,217,341,0.0,0.0
4.5,-3.6,212,344,0.0,0.0
4.2,-3.6,212,352,0.0,0.0
3.9,-3.6,215,344,0.0,0.0
3.6,-3.6,214,349,0.0,0.0
3.3,-3.6,210,360,0.0,0.0
2.9,-3.6,221,347,0.0,0.0
2.6,-3.6,219,338,0.0,0.0
2.3,-3.6,217,335,0.0,0.0
2.0,-3.6,221,335,0.0,0.0
1.7,-3.6,213,341,0.0,0.0
1.4,-3.6,216,364,0.0,0.0
1.1,-3.6,208,352,0.0,0.0
0.8,-3.6,222,346,0.0,0.0
0.5,-3.6,213,344,0.0,0.0
0.1,-3.6,212,359,0.0,0.0
-0.2,-3.6,210,354,0.0,0.0
-0.5,-3.6,217,342,0.0,0.0
-0.8,-3.6,212,347,0.0,0.0
-1.1,-3.6,207,367,0.0,0.0
-1.4,-3.6,214,332,0.0,0.0
-1.7,-3.6,205,367,0.0,0.0
-2.0,-3.6,206,359,0.0,0.0
-2.3,-3.6,210,349,0.0,0.0
-2.6,-3.6,215,351,0.0,0.0
-3.0,-3.6,214,360,0.0,0.0
-3.3,-3.6,218,334,0.0,0.0
-3.6,-3.6,220,340,0.0,0.0
-3.9,-3.6,213,361,0.0,0.0
-4.2,-3.6,212,355,0.0,0.0
-4.5,-3.6,218,336,0.0,0.0
-4.5,-3.3,222,334,0.0,0.0
-4.2,-3.3,220,335,0.0,0.0
-3.9,-3.3,213,364,0.0,0.0
-3.6,-3.3,213,350,0.0,0.0
-3.3,-3.3,205,375,0.0,0.0
-3.0,-3.3,211,352,0.0,0.0
-2.6,-3.3,212,366,0.0,0.0
-2.3,-3.3,219,343,0.0,0.0
-2.0,-3.3,211,355,0.0,0.0
-1.7,-3.3,213,352,0.0,0.0
-1.4,-3.3,224,338,0.0,0.0
-1.1,-3.3,211,353,0.0,0.0
-0.8,-3.3,202,375,0.0,0.0
-0.5,-3.3,214,349,0.0,0.0
-0.2,-3.3,210,359,0.0,0.0
0.1,-3.3,209,360,0.0,0.0
0.5,-3.3,224,335,0.0,0.0
0.8,-3.3,218,348,0.0,0.0
1.1,-3.3,220,345,0.0,0.0
1.4,-3.3,218,341,0.0,0.0
1.7,-3.3,213,348,0.0,0.0
2.0,-3.3,210,349,0.0,0.0
2.3,-3.3,214,336,0.0,0.0
2.6,-3.3,211,341,0.0,0.0
2.9,-3.3,220,341,0.0,0.0
3.3,-3.3,212,345,0.0,0.0
3.6,-3.3,221,342,0.0,0.0
3.9,-3.3,220,337,0.0,0.0
4.2,-3.3,213,342,0.0,0.0
4.5,-3.3,214,338,0.0,0.0
4.5,-3.0,217,346,0.0,0.0
4.2,-3.0,215,344,0.0,0.0
3.9,-3.0,212,353,0.0,0.0
3.6,-3.0,216,347,0.0,0.0
3.2,-3.0,216,347,0.0,0.0
2.9,-3.0,216,346,0.0,0.0
2.6,-3.0,216,337,0.0,0.0
2.3,-3.0,217,347,0.0,0.0
2.0,-3.0,212,350,0.0,0.0
1.7,-3.0,214,345,0.0,0.0
1.4,-3.0,214,345,0.0,0.0
1.1,-3.0,212,342,0.0,0.0
0.8,-3.0,212,345,0.0,0.0
0.5,-3.0,214,340,0.0,0.0
0.1,-3.0,210,361,0.0,0.0
-0.2,-3.0,223,344,0.0,0.0
-0.5,-3.0,208,353,0.0,0.0
-0.8,-3.0,214,361,0.0,0.0
-1.1,-3.0,217,340,0.0,0.0
-1.4,-3.0,215,344,0.0,0.0
-1.7,-3.0,209,365,0.0,0.0
-2.0,-3.0,212,359,0.0,0.0
-2.3,-3.0,211,366,0.0,0.0
-2.6,-3.0,221,343,0.0,0.0
-3.0,-3.0,211,352,0.0,0.0
-3.3,-3.0,207,365,0.0,0.0
-3.6,-3.0,217,347,0.0,0.0
-3.9,-3.0,212,338,0.0,0.0
-4.2,-3.0,210,355,0.0,0.0
-4.5,-3.0,211,362,0.0,0.0
-4.5,-2.7,218,346,0.0,0.0
-4.2,-2.7,211,359,0.0,0.0
-3.9,-2.7,213,359,0.0,0.0
-3.6,-2.7,204,359,0.0,0.0
-3.3,-2.7,211,362,0.0,0.0
-3.0,-2.7,217,344,0.0,0.0
-2.6,-2.7,218,341,0.0,0.0
-2.3,-2.7,219,347,0.0,0.0
-2.0,-2.7,222,334,0.0,0.0
-1.7,-2.7,218,354,0.0,0.0
-1.4,-2.7,215,357,0.0,0.0
-1.1,-2.7,215,353,0.0,0.0
-0.8,-2.7,208,359,0.0,0.0
-0.5,-2.7,214,356,0.0,0.0
-0.2,-2.7,214,349,0.0,0.0
0.1,-2.7,223,330,0.0,0.0
0.5,-2.7,214,350,0.0,0.0
0.8,-2.7,219,343,0.0,0.0
1.1,-2.7,213,335,0.0,0.0
1.4,-2.7,218,341,0.0,0.0
1.7,-2.7,210,361,0.0,0.0
2.0,-2.7,212,349,0.0,0.0
2.3,-2.7,213,349,0.0,0.0
2.6,-2.7,218,336,0.0,0.0
2.9,-2.7,222,336,0.0,0.0
3.2,-2.7,226,323,0.0,0.0
3.6,-2.7,213,350,0.0,0.0
3.9,-2.7,212,356,0.0,0.0
4.2,-2.7,223,327,0.0,0.0
4.5,-2.7,220,345,0.0,0.0
4.5,-2.3,212,350,0.0,0.0
4.2,-2.3,223,336,0.0,0.0
3.9,-2.3,220,343,0.0,0.0
3.6,-2.3,219,338,0.0,0.0
3.2,-2.3,217,335,0.0,0.0
2.9,-2.3,218,339,0.0,0.0
2.6,-2.3,224,323,0.0,0.0
2.3,-2.3,226,325,0.0,0.0
2.0,-2.3,215,354,0.0,0.0
1.7,-2.3,214,343,0.0,0.0
1.4,-2.3,217,350,0.0,0.0
1.1,-2.3,215,348,0.0,0.0
0.8,-2.3,210,360,0.0,0.0
0.5,-2.3,218,342,0.0,0.0
0.1,-2.3,216,345,0.0,0.0
-0.2,-2.3,219,334,0.0,0.0
-0.5,-2.3,212,350,0.0,0.0
-0.8,-2.3,214,343,0.0,0.0
-1.1,-2.3,225,330,0.0,0.0
-1.4,-2.3,219,336,0.0,0.0
-1.7,-2.3,211,354,0.0,0.0
-2.0,-2.3,215,337,0.0,0.0
-2.3,-2.3,219,341,0.0,0.0
-2.6,-2.3,216,353,0.0,0.0
-3.0,-2.3,215,337,0.0,0.0
-3.3,-2.3,216,347,0.0,0.0
-3.6,-2.3,210,359,0.0,0.0
-3.9,-2.3,211,371,0.0,0.0
-4.2,-2.3,207,360,0.0,0.0
-4.5,-2.3,211,362,0.0,0.0
-4.5,-2.0,207,358,0.0,0.0
-4.2,-2.0,211,355,0.0,0.0
-3.9,-2.0,211,359,0.0,0.0
-3.6,-2.0,208,358,0.0,0.0
-3.3,-2.0,209,354,0.0,0.0
-3.0,-2.0,213,352,0.0,0.0
-2.6,-2.0,213,356,0.0,0.0
-2.3,-2.0,212,355,0.0,0.0
-2.0,-2.0,215,352,0.0,0.0
-1.7,-2.0,214,342,0.0,0.0
-1.4,-2.0,214,352,0.0,0.0
-1.1,-2.0,211,348,0.0,0.0
-0.8,-2.0,212,355,0.0,0.0
-0.5,-2.0,219,339,0.0,0.0
-0.2,-2.0,216,338,0.0,0.0
0.1,-2.0,209,355,0.0,0.0
0.5,-2.0,218,348,0.0,0.0
0.8,-2.0,218,339,0.0,0.0
1.1,-2.0,218,345,0.0,0.0
1.4,-2.0,217,343,0.0,0.0
1.7,-2.0,217,343,0.0,0.0
2.0,-2.0,218,345,0.0,0.0
2.3,-2.0,217,340,0.0,0.0
2.6,-2.0,220,334,0.0,0.0
2.9,-2.0,216,346,0.0,0.0
3.2,-2.0,215,345,0.0,0.0
3.6,-2.0,213,353,0.0,0.0
3.9,-2.0,219,338,0.0,0.0
4.2,-2.0,222,335,0.0,0.0
4.5,-2.0,215,337,0.0,0.0
4.5,-1.7,220,333,0.0,0.0
4.2,-1.7,216,340,0.0,0.0
3.9,-1.7,221,328,0.0,0.0
3.6,-1.7,214,343,0.0,0.0
3.2,-1.7,215,345,0.0,0.0
2.9,-1.7,221,336,0.0,0.0
2.6,-1.7,215,343,0.0,0.0
2.3,-1.7,214,348,0.0,0.0
2.0,-1.7,222,332,0.0,0.0
1.7,-1.7,215,348,0.0,0.0
1.4,-1.7,212,357,0.0,0.0
1.1,-1.7,219,341,0.0,0.0
0.8,-1.7,219,349,0.0,0.0
0.5,-1.7,216,346,0.0,0.0
0.1,-1.7,217,332,0.0,0.0
-0.2,-1.7,218,340,0.0,0.0
-0.5,-1.7,219,342,0.0,0.0
-0.8,-1.7,212,359,0.0,0.0
-1.1,-1.7,214,344,0.0,0.0
-1.4,-1.7,212,362,0.0,0.0
-1.7,-1.7,213,365,0.0,0.0
-2.0,-1.7,213,338,0.0,0.0
-2.3,-1.7,213,359,0.0,0.0
-2.6,-1.7,210,349,0.0,0.0
-3.0,-1.7,222,338,0.0,0.0
-3.3,-1.7,218,344,0.0,0.0
-3.6,-1.7,209,360,0.0,0.0
-3.9,-1.7,210,355,0.0,0.0
-4.2,-1.7,214,351,0.0,0.0
-4.5,-1.7,211,379,0.0,0.0
-4.5,-1.4,210,365,0.0,0.0
-4.2,-1.4,216,346,0.0,0.0
-3.9,-1.4,217,356,0.0,0.0
-3.6,-1.4,220,338,0.0,0.0
-3.3,-1.4,217,343,0.0,0.0
-3.0,-1.4,214,344,0.0,0.0
-2.6,-1.4,216,355,0.0,0.0
-2.3,-1.4,216,350,0.0,0.0
-2.0,-1.4,219,334,0.0,0.0
-1.7,-1.4,217,346,0.0,0.0
-1.4,-1.4,215,343,0.0,0.0
-1.1,-1.4,214,346,0.0,0.0
-0.8,-1.4,210,355,0.0,0.0
-0.5,-1.4,215,352,0.0,0.0
-0.2,-1.4,209,362,0.0,0.0
0.1,-1.4,219,335,0.0,0.0
0.5,-1.4,213,350,0.0,0.0
0.8,-1.4,214,350,0.0,0.0
1.1,-1.4,218,338,0.0,0.0
1.4,-1.4,212,346,0.0,0.0
1.7,-1.4,224,329,0.0,0.0
2.0,-1.4,220,328,0.0,0.0
2.3,-1.4,214,346,0.0,0.0
2.6,-1.4,215,350,0.0,0.0
2.9,-1.4,210,354,0.0,0.0
3.2,-1.4,214,337,0.0,0.0
3.6,-1.4,213,342,0.0,0.0
3.9,-1.4,215,340,0.0,0.0
4.2,-1.4,219,342,0.0,0.0
4.5,-1.4,217,335,0.0,0.0
4.5,-1.1,220,348,0.0,0.0
4.2,-1.1,226,323,0.0,0.0
3.9,-1.1,219,343,0.0,0.0
3.6,-1.1,212,345,0.0,0.0
3.2,-1.1,223,331,0.0,0.0
2.9,-1.1,221,330,0.0,0.0
2.6,-1.1,221,339,0.0,0.0
2.3,-1.1,221,339,0.0,0.0
2.0,-1.1,226,327,0.0,0.0
1.7,-1.1,224,327,0.0,0.0
1.4,-1.1,214,350,0.0,0.0
1.1,-1.1,212,341,0.0,0.0
0.8,-1.1,216,344,0.0,0.0
0.5,-1.1,211,363,0.0,0.0
0.1,-1.1,219,341,0.0,0.0
-0.2,-1.1,216,344,0.0,0.0
-0.5,-1.1,215,351,0.0,0.0
-0.8,-1.1,210,349,0.0,0.0
-1.1,-1.1,219,342,0.0,0.0
-1.4,-1.1,215,348,0.0,0.0
-1.7,-1.1,209,350,0.0,0.0
-2.0,-1.1,214,349,0.0,0.0
-2.3,-1.1,224,334,0.0,0.0
-2.6,-1.1,217,344,0.0,0.0
-3.0,-1.1,212,342,0.0,0.0
-3.3,-1.1,213,359,0.0,0.0
-3.6,-1.1,219,352,0.0,0.0
-3.9,-1.1,213,350,0.0,0.0
-4.2,-1.1,211,365,0.0,0.0
-4.5,-1.1,215,359,0.0,0.0
-4.5,-0.8,214,371,0.0,0.0
-4.2,-0.8,215,355,0.0,0.0
-3.9,-0.8,216,344,0.0,0.0
-3.6,-0.8,214,348,0.0,0.0
-3.3,-0.8,223,336,0.0,0.0
-3.0,-0.8,209,362,0.0,0.0
-2.6,-0.8,223,358,0.0,0.0
-2.3,-0.8,216,354,0.0,0.0
-2.0,-0.8,216,349,0.0,0.0
-1.7,-0.8,216,345,0.0,0.0
-1.4,-0.8,213,343,0.0,0.0
-1.1,-0.8,216,345,0.0,0.0
-0.8,-0.8,222,336,0.0,0.0
-0.5,-0.8,219,339,0.0,0.0
-0.2,-0.8,208,345,0.0,0.0
0.1,-0.8,213,346,0.0,0.0
0.5,-0.8,211,348,0.0,0.0
0.8,-0.8,215,354,0.0,0.0
1.1,-0.8,215,338,0.0,0.0
1.4,-0.8,211,356,0.0,0.0
1.7,-0.8,227,332,0.0,0.0
2.0,-0.8,213,345,0.0,0.0
2.3,-0.8,224,331,0.0,0.0
2.6,-0.8,218,333,0.0,0.0
2.9,-0.8,222,334,0.0,0.0
3.2,-0.8,222,333,0.0,0.0
3.6,-0.8,219,353,0.0,0.0
3.9,-0.8,217,334,0.0,0.0
4.2,-0.8,225,326,0.0,0.0
4.5,-0.8,226,333,0.0,0.0
4.5,-0.5,219,331,0.0,0.0
4.2,-0.5,215,342,0.0,0.0
3.9,-0.5,223,327,0.0,0.0
3.6,-0.5,219,333,0.0,0.0
3.2,-0.5,216,334,0.0,0.0
2.9,-0.5,217,349,0.0,0.0
2.6,-0.5,224,333,0.0,0.0
2.3,-0.5,224,329,0.0,0.0
2.0,-0.5,212,350,0.0,0.0
1.7,-0.5,221,346,0.0,0.0
1.4,-0.5,220,330,0.0,0.0
1.1,-0.5,215,349,0.0,0.0
0.8,-0.5,220,339,0.0,0.0
0.5,-0.5,217,341,0.0,0.0
0.1,-0.5,218,333,0.0,0.0
-0.2,-0.5,218,337,0.0,0.0
-0.5,-0.5,218,335,0.0,0.0
-0.8,-0.5,218,339,0.0,0.0
-1.1,-0.5,214,343,0.0,0.0
-1.4,-0.5,216,341,0.0,0.0
-1.7,-0.5,215,340,0.0,0.0
-2.0,-0.5,210,348,0.0,0.0
-2.3,-0.5,217,355,0.0,0.0
-2.7,-0.5,223,346,0.0,0.0
-3.0,-0.5,215,361,0.0,0.0
-3.3,-0.5,214,349,0.0,0.0
-3.6,-0.5,219,338,0.0,0.0
-3.9,-0.5,214,344,0.0,0.0
-4.2,-0.5,211,359,0.0,0.0
-4.5,-0.5,210,366,0.0,0.0
-4.5,-0.2,207,382,0.0,0.0
-4.2,-0.2,220,351,0.0,0.0
-3.9,-0.2,216,353,0.0,0.0
-3.6,-0.2,222,353,0.0,0.0
-3.3,-0.2,214,363,0.0,0.0
-3.0,-0.2,206,361,0.0,0.0
-2.6,-0.2,216,346,0.0,0.0
-2.3,-0.2,214,351,0.0,0.0
-2.0,-0.2,218,351,0.0,0.0
-1.7,-0.2,218,355,0.0,0.0
-1.4,-0.2,226,322,0.0,0.0
-1.1,-0.2,221,331,0.0,0.0
-0.8,-0.2,220,333,0.0,0.0
-0.5,-0.2,217,337,0.0,0.0
-0.2,-0.2,214,345,0.0,0.0
0.1,-0.2,213,357,0.0,0.0
0.5,-0.2,211,351,0.0,0.0
0.8,-0.2,213,350,0.0,0.0
1.1,-0.2,208,368,0.0,0.0
1.4,-0.2,212,353,0.0,0.0
1.7,-0.2,214,353,0.0,0.0
2.0,-0.2,218,346,0.0,0.0
2.3,-0.2,221,336,0.0,0.0
2.6,-0.2,215,347,0.0,0.0
2.9,-0.2,214,343,0.0,0.0
3.2,-0.2,224,331,0.0,0.0
3.6,-0.2,221,330,0.0,0.0
3.9,-0.2,226,323,0.0,0.0
4.2,-0.2,222,334,0.0,0.0
4.5,-0.2,220,334,0.0,0.0
4.5,0.2,217,344,0.0,0.0
4.2,0.2,222,336,0.0,0.0
3.9,0.2,223,337,0.0,0.0
3.6,0.2,227,333,0.0,0.0
3.2,0.2,216,352,0.0,0.0
2.9,0.2,219,345,0.0,0.0
2.6,0.2,223,333,0.0,0.0
2.3,0.2,218,335,0.0,0.0
2.0,0.2,223,336,0.0,0.0
1.7,0.2,219,338,0.0,0.0
1.4,0.2,216,336,0.0,0.0
1.1,0.2,211,351,0.0,0.0
0.8,0.2,216,342,0.0,0.0
0.5,0.2,219,343,0.0,0.0
0.1,0.2,209,363,0.0,0.0
-0.2,0.2,217,342,0.0,0.0
-0.5,0.2,209,357,0.0,0.0
-0.8,0.2,212,349,0.0,0.0
-1.1,0.2,221,337,0.0,0.0
-1.4,0.2,214,345,0.0,0.0
-1.7,0.2,221,341,0.0,0.0
-2.0,0.2,213,347,0.0,0.0
-2.3,0.2,219,339,0.0,0.0
-2.6,0.2,215,344,0.0,0.0
-3.0,0.2,214,366,0.0,0.0
-3.3,0.2,216,349,0.0,0.0
-3.6,0.2,213,352,0.0,0.0
-3.9,0.2,214,348,0.0,0.0
-4.2,0.2,213,365,0.0,0.0
-4.5,0.2,224,337,0.0,0.0
-4.5,0.5,218,343,0.0,0.0
-4.2,0.5,211,348,0.0,0.0
-3.9,0.5,211,360,0.0,0.0
-3.6,0.5,207,362,0.0,0.0
-3.3,0.5,211,361,0.0,0.0
-3.0,0.5,214,348,0.0,0.0
-2.6,0.5,217,358,0.0,0.0
-2.3,0.5,218,344,0.0,0.0
-2.0,0.5,217,350,0.0,0.0
-1.7,0.5,223,332,0.0,0.0
-1.4,0.5,220,332,0.0,0.0
-1.1,0.5,216,337,0.0,0.0
-0.8,0.5,212,353,0.0,0.0
-0.5,0.5,210,354,0.0,0.0
-0.2,0.5,218,340,0.0,0.0
0.1,0.5,221,339,0.0,0.0
0.5,0.5,215,338,0.0,0.0
0.8,0.5,211,348,0.0,0.0
1.1,0.5,212,340,0.0,0.0
1.4,0.5,218,354,0.0,0.0
1.7,0.5,219,339,0.0,0.0
2.0,0.5,219,338,0.0,0.0
2.3,0.5,214,343,0.0,0.0
2.6,0.5,220,327,0.0,0.0
2.9,0.5,213,348,0.0,0.0
3.2,0.5,218,337,0.0,0.0
3.6,0.5,218,343,0.0,0.0
3.9,0.5,219,342,0.0,0.0
4.2,0.5,218,349,0.0,0.0
4.5,0.5,222,331,0.0,0.0
4.5,0.8,222,328,0.0,0.0
4.2,0.8,223,334,0.0,0.0
3.9,0.8,216,343,0.0,0.0
3.6,0.8,220,325,0.0,0.0
3.2,0.8,225,329,0.0,0.0
2.9,0.8,212,346,0.0,0.0
2.6,0.8,226,335,0.0,0.0
2.3,0.8,222,329,0.0,0.0
2.0,0.8,226,325,0.0,0.0
1.7,0.8,221,338,0.0,0.0
1.4,0.8,223,330,0.0,0.0
1.1,0.8,217,352,0.0,0.0
0.8,0.8,219,343,0.0,0.0
0.5,0.8,213,344,0.0,0.0
0.1,0.8,219,341,0.0,0.0
-0.2,0.8,210,357,0.0,0.0
-0.5,0.8,215,356,0.0,0.0
-0.8,0.8,211,351,0.0,0.0
-1.1,0.8,211,349,0.0,0.0
-1.4,0.8,211,354,0.0,0.0
-1.7,0.8,213,344,0.0,0.0
-2.0,0.8,224,341,0.0,0.0
-2.3,0.8,223,335,0.0,0.0
-2.7,0.8,212,352,0.0,0.0
-3.0,0.8,217,345,0.0,0.0
-3.3,0.8,207,348,0.0,0.0
-3.6,0.8,209,359,0.0,0.0
-3.9,0.8,205,371,0.0,0.0
-4.2,0.8,214,345,0.0,0.0
-4.5,0.8,214,368,0.0,0.0
-4.5,1.1,216,357,0.0,0.0
-4.2,1.1,215,346,0.0,0.0
-3.9,1.1,207,367,0.0,0.0
-3.6,1.1,210,357,0.0,0.0
-3.3,1.1,216,342,0.0,0.0
-3.0,1.1,216,348,0.0,0.0
-2.7,1.1,212,368,0.0,0.0
-2.3,1.1,206,356,0.0,0.0
-2.0,1.1,221,341,0.0,0.0
-1.7,1.1,214,338,0.0,0.0
-1.4,1.1,210,347,0.0,0.0
-1.1,1.1,219,338,0.0,0.0
-0.8,1.1,212,343,0.0,0.0
-0.5,1.1,209,344,0.0,0.0
-0.2,1.1,216,344,0.0,0.0
0.1,1.1,212,346,0.0,0.0
0.5,1.1,219,337,0.0,0.0
0.8,1.1,225,332,0.0,0.0
1.1,1.1,223,338,0.0,0.0
1.4,1.1,219,345,0.0,0.0
1.7,1.1,219,337,0.0,0.0
2.0,1.1,212,358,0.0,0.0
2.3,1.1,221,329,0.0,0.0
2.6,1.1,222,332,0.0,0.0
2.9,1.1,224,332,0.0,0.0
3.2,1.1,219,344,0.0,0.0
3.6,1.1,225,328,0.0,0.0
3.9,1.1,220,331,0.0,0.0
4.2,1.1,227,321,0.0,0.0
4.5,1.1,218,339,0.0,0.0
4.5,1.4,213,332,0.0,0.0
4.2,1.4,219,328,0.0,0.0
3.9,1.4,215,340,0.0,0.0
3.6,1.4,225,333,0.0,0.0
3.2,1.4,221,338,0.0,0.0
2.9,1.4,216,344,0.0,0.0
2.6,1.4,218,340,0.0,0.0
2.3,1.4,220,334,0.0,0.0
2.0,1.4,223,322,0.0,0.0
1.7,1.4,223,334,0.0,0.0
1.4,1.4,222,339,0.0,0.0
1.1,1.4,218,334,0.0,0.0
0.8,1.4,223,331,0.0,0.0
0.5,1.4,220,346,0.0,0.0
0.1,1.4,211,357,0.0,0.0
-0.2,1.4,210,350,0.0,0.0
-0.5,1.4,222,338,0.0,0.0
-0.8,1.4,212,355,0.0,0.0
-1.1,1.4,221,342,0.0,0.0
-1.4,1.4,214,346,0.0,0.0
-1.7,1.4,215,346,0.0,0.0
-2.0,1.4,205,364,0.0,0.0
-2.3,1.4,216,350,0.0,0.0
-2.6,1.4,214,353,0.0,0.0
-3.0,1.4,211,359,0.0,0.0
-3.3,1.4,209,351,0.0,0.0
-3.6,1.4,211,359,0.0,0.0
-3.9,1.4,218,348,0.0,0.0
-4.2,1.4,215,354,0.0,0.0
-4.5,1.4,212,371,0.0,0.0
-4.5,1.7,208,355,0.0,0.0
-4.2,1.7,208,363,0.0,0.0
-3.9,1.7,207,361,0.0,0.0
-3.6,1.7,211,360,0.0,0.0
-3.3,1.7,216,337,0.0,0.0
-3.0,1.7,208,357,0.0,0.0
-2.7,1.7,220,342,0.0,0.0
-2.3,1.7,212,372,0.0,0.0
-2.0,1.7,216,343,0.0,0.0
-1.7,1.7,218,343,0.0,0.0
-1.4,1.7,215,343,0.0,0.0
-1.1,1.7,207,353,0.0,0.0
-0.8,1.7,213,351,0.0,0.0
-0.5,1.7,217,343,0.0,0.0
-0.2,1.7,216,334,0.0,0.0
0.1,1.7,213,342,0.0,0.0
0.5,1.7,217,334,0.0,0.0
0.8,1.7,214,357,0.0,0.0
1.1,1.7,217,344,0.0,0.0
1.4,1.7,216,349,0.0,0.0
1.7,1.7,224,330,0.0,0.0
2.0,1.7,213,347,0.0,0.0
2.3,1.7,216,338,0.0,0.0
2.6,1.7,221,337,0.0,0.0
2.9,1.7,212,347,0.0,0.0
3.2,1.7,218,341,0.0,0.0
3.6,1.7,224,322,0.0,0.0
3.9,1.7,218,333,0.0,0.0
4.2,1.7,212,356,0.0,0.0
4.5,1.7,218,342,0.0,0.0
4.5,2.0,219,348,0.0,0.0
4.2,2.0,215,350,0.0,0.0
3.9,2.0,219,341,0.0,0.0
3.6,2.0,222,331,0.0,0.0
3.2,2.0,221,335,0.0,0.0
2.9,2.0,220,335,0.0,0.0
2.6,2.0,218,342,0.0,0.0
2.3,2.0,216,344,0.0,0.0
2.0,2.0,226,331,0.0,0.0
1.7,2.0,213,345,0.0,0.0
1.4,2.0,208,355,0.0,0.0
1.1,2.0,219,331,0.0,0.0
0.8,2.0,218,347,0.0,0.0
0.5,2.0,215,344,0.0,0.0
0.1,2.0,219,341,0.0,0.0
-0.2,2.0,216,341,0.0,0.0
-0.5,2.0,212,344,0.0,0.0
-0.8,2.0,217,335,0.0,0.0
-1.1,2.0,215,334,0.0,0.0
-1.4,2.0,222,332,0.0,0.0
-1.7,2.0,217,333,0.0,0.0
-2.0,2.0,211,349,0.0,0.0
-2.3,2.0,214,348,0.0,0.0
-2.6,2.0,216,355,0.0,0.0
-3.0,2.0,211,369,0.0,0.0
-3.3,2.0,213,362,0.0,0.0
-3.6,2.0,212,356,0.0,0.0
-3.9,2.0,213,354,0.0,0.0
-4.2,2.0,206,368,0.0,0.0
-4.5,2.0,205,371,0.0,0.0
-4.5,2.3,215,348,0.0,0.0
-4.2,2.3,206,372,0.0,0.0
-3.9,2.3,217,346,0.0,0.0
-3.6,2.3,217,342,0.0,0.0
-3.3,2.3,213,370,0.0,0.0
-3.0,2.3,206,369,0.0,0.0
-2.6,2.3,213,357,0.0,0.0
-2.3,2.3,216,346,0.0,0.0
-2.0,2.3,215,347,0.0,0.0
-1.7,2.3,216,345,0.0,0.0
-1.4,2.3,218,349,0.0,0.0
-1.1,2.3,218,346,0.0,0.0
-0.8,2.3,218,339,0.0,0.0
-0.5,2.3,212,356,0.0,0.0
-0.2,2.3,216,345,0.0,0.0
0.1,2.3,221,342,0.0,0.0
0.5,2.3,212,354,0.0,0.0
0.8,2.3,213,354,0.0,0.0
1.1,2.3,218,341,0.0,0.0
1.4,2.3,213,346,0.0,0.0
1.7,2.3,211,346,0.0,0.0
2.0,2.3,214,350,0.0,0.0
2.3,2.3,217,345,0.0,0.0
2.6,2.3,215,343,0.0,0.0
2.9,2.3,218,334,0.0,0.0
3.2,2.3,215,344,0.0,0.0
3.6,2.3,214,344,0.0,0.0
3.9,2.3,213,349,0.0,0.0
4.2,2.3,221,335,0.0,0.0
4.5,2.3,216,348,0.0,0.0
4.5,2.6,218,335,0.0,0.0
4.2,2.6,224,338,0.0,0.0
3.9,2.6,221,338,0.0,0.0
3.6,2.6,218,341,0.0,0.0
3.2,2.6,213,346,0.0,0.0
2.9,2.6,225,326,0.0,0.0
2.6,2.6,221,333,0.0,0.0
2.3,2.6,214,356,0.0,0.0
2.0,2.6,222,335,0.0,0.0
1.7,2.6,220,341,0.0,0.0
1.4,2.6,215,341,0.0,0.0
1.1,2.6,215,339,0.0,0.0
0.8,2.6,217,354,0.0,0.0
0.5,2.6,208,366,0.0,0.0
0.1,2.6,214,349,0.0,0.0
-0.2,2.6,212,349,0.0,0.0
-0.5,2.6,217,340,0.0,0.0
-0.8,2.6,221,334,0.0,0.0
-1.1,2.6,216,338,0.0,0.0
-1.4,2.6,212,356,0.0,0.0
-1.7,2.6,210,340,0.0,0.0
-2.0,2.6,212,345,0.0,0.0
-2.3,2.6,206,375,0.0,0.0
-2.6,2.6,215,355,0.0,0.0
-3.0,2.6,211,349,0.0,0.0
-3.3,2.6,217,354,0.0,0.0
-3.6,2.6,214,354,0.0,0.0
-3.9,2.6,216,356,0.0,0.0
-4.2,2.6,219,353,0.0,0.0
-4.5,2.6,217,350,0.0,0.0
-4.5,2.9,213,349,0.0,0.0
-4.2,2.9,210,349,0.0,0.0
-3.9,2.9,216,356,0.0,0.0
-3.6,2.9,215,345,0.0,0.0
-3.3,2.9,215,347,0.0,0.0
-3.0,2.9,211,355,0.0,0.0
-2.6,2.9,214,361,0.0,0.0
-2.3,2.9,216,347,0.0,0.0
-2.0,2.9,209,370,0.0,0.0
-1.7,2.9,215,353,0.0,0.0
-1.4,2.9,207,360,0.0,0.0
-1.1,2.9,224,330,0.0,0.0
-0.8,2.9,216,347,0.0,0.0
-0.5,2.9,210,363,0.0,0.0
-0.2,2.9,214,352,0.0,0.0
0.1,2.9,214,349,0.0,0.0
0.5,2.9,212,356,0.0,0.0
0.8,2.9,219,338,0.0,0.0
1.1,2.9,212,348,0.0,0.0
1.4,2.9,215,351,0.0,0.0
1.7,2.9,215,353,0.0,0.0
2.0,2.9,220,335,0.0,0.0
2.3,2.9,213,348,0.0,0.0
2.6,2.9,218,342,0.0,0.0
2.9,2.9,222,345,0.0,0.0
3.2,2.9,216,346,0.0,0.0
3.6,2.9,212,349,0.0,0.0
3.9,2.9,215,338,0.0,0.0
4.2,2.9,226,326,0.0,0.0
4.5,2.9,219,341,0.0,0.0
4.5,3.3,217,340,0.0,0.0
4.2,3.3,218,340,0.0,0.0
3.9,3.3,226,328,0.0,0.0
3.6,3.3,218,340,0.0,0.0
3.2,3.3,218,346,0.0,0.0
2.9,3.3,218,341,0.0,0.0
2.6,3.3,219,332,0.0,0.0
2.3,3.3,217,338,0.0,0.0
2.0,3.3,217,350,0.0,0.0
1.7,3.3,218,339,0.0,0.0
1.4,3.3,210,349,0.0,0.0
1.1,3.3,215,349,0.0,0.0
0.8,3.3,216,336,0.0,0.0
0.5,3.3,216,346,0.0,0.0
0.1,3.3,224,339,0.0,0.0
-0.2,3.3,210,357,0.0,0.0
-0.5,3.3,211,349,0.0,0.0
-0.8,3.3,214,357,0.0,0.0
-1.1,3.3,220,338,0.0,0.0
-1.4,3.3,217,338,0.0,0.0
-1.7,3.3,220,335,0.0,0.0
-2.0,3.3,214,347,0.0,0.0
-2.3,3.3,210,353,0.0,0.0
-2.6,3.3,209,353,0.0,0.0
-3.0,3.3,217,351,0.0,0.0
-3.3,3.3,214,346,0.0,0.0
-3.6,3.3,214,373,0.0,0.0
-3.9,3.3,219,369,0.0,0.0
-4.2,3.3,218,348,0.0,0.0
-4.5,3.3,209,352,0.0,0.0
-4.5,3.6,207,360,0.0,0.0
-4.2,3.6,209,346,0.0,0.0
-3.9,3.6,208,358,0.0,0.0
-3.6,3.6,210,362,0.0,0.0
-3.3,3.6,216,336,0.0,0.0
-3.0,3.6,211,361,0.0,0.0
-2.6,3.6,214,354,0.0,0.0
-2.3,3.6,216,346,0.0,0.0
-2.0,3.6,216,351,0.0,0.0
-1.7,3.6,216,347,0.0,0.0
-1.4,3.6,210,349,0.0,0.0
-1.1,3.6,227,335,0.0,0.0
-0.8,3.6,213,350,0.0,0.0
-0.5,3.6,216,342,0.0,0.0
-0.2,3.6,211,359,0.0,0.0
0.1,3.6,212,354,0.0,0.0
0.5,3.6,225,341,0.0,0.0
0.8,3.6,212,351,0.0,0.0
1.1,3.6,220,340,0.0,0.0
1.4,3.6,215,339,0.0,0.0
1.7,3.6,211,359,0.0,0.0
2.0,3.6,212,347,0.0,0.0
2.3,3.6,215,338,0.0,0.0
2.6,3.6,219,339,0.0,0.0
2.9,3.6,220,334,0.0,0.0
3.2,3.6,215,354,0.0,0.0
3.6,3.6,218,330,0.0,0.0
3.9,3.6,213,348,0.0,0.0
4.2,3.6,220,342,0.0,0.0
4.5,3.6,212,352,0.0,0.0
4.5,3.9,219,346,0.0,0.0
4.2,3.9,220,341,0.0,0.0
3.9,3.9,220,344,0.0,0.0
3.6,3.9,220,336,0.0,0.0
3.2,3.9,220,337,0.0,0.0
2.9,3.9,222,338,0.0,0.0
2.6,3.9,222,326,0.0,0.0
2.3,3.9,229,332,0.0,0.0
2.0,3.9,213,346,0.0,0.0
1.7,3.9,224,332,0.0,0.0
1.4,3.9,219,339,0.0,0.0
1.1,3.9,221,324,0.0,0.0
0.8,3.9,208,340,0.0,0.0
0.5,3.9,217,350,0.0,0.0
0.1,3.9,220,351,0.0,0.0
-0.2,3.9,218,335,0.0,0.0
-0.5,3.9,216,338,0.0,0.0
-0.8,3.9,217,348,0.0,0.0
-1.1,3.9,218,350,0.0,0.0
-1.4,3.9,211,345,0.0,0.0
-1.7,3.9,211,360,0.0,0.0
-2.0,3.9,207,378,0.0,0.0
-2.3,3.9,214,351,0.0,0.0
-2.6,3.9,206,386,0.0,0.0
-3.0,3.9,201,385,0.0,0.0
-3.3,3.9,215,355,0.0,0.0
-3.6,3.9,213,374,0.0,0.0
-3.9,3.9,211,366,0.0,0.0
-4.2,3.9,207,365,0.0,0.0
-4.5,3.9,209,351,0.0,0.0
-4.5,4.2,219,357,0.0,0.0
-4.2,4.2,216,360,0.0,0.0
-3.9,4.2,215,364,0.0,0.0
-3.6,4.2,216,354,0.0,0.0
-3.3,4.2,220,357,0.0,0.0
-3.0,4.2,211,364,0.0,0.0
-2.7,4.2,217,366,0.0,0.0
-2.3,4.2,218,344,0.0,0.0
-2.0,4.2,220,347,0.0,0.0
-1.7,4.2,216,356,0.0,0.0
-1.4,4.2,221,340,0.0,0.0
-1.1,4.2,215,355,0.0,0.0
-0.8,4.2,220,344,0.0,0.0
-0.5,4.2,212,352,0.0,0.0
-0.2,4.2,210,356,0.0,0.0
0.1,4.2,217,344,0.0,0.0
0.5,4.2,212,360,0.0,0.0
0.8,4.2,218,344,0.0,0.0
1.1,4.2,218,337,0.0,0.0
1.4,4.2,215,342,0.0,0.0
1.7,4.2,215,340,0.0,0.0
2.0,4.2,216,335,0.0,0.0
2.3,4.2,220,338,0.0,0.0
2.6,4.2,217,338,0.0,0.0
2.9,4.2,218,339,0.0,0.0
3.2,4.2,216,342,0.0,0.0
3.6,4.2,222,334,0.0,0.0
3.9,4.2,215,337,0.0,0.0
4.2,4.2,212,346,0.0,0.0
4.5,4.2,225,330,0.0,0.0
4.5,4.5,220,339,0.0,0.0
4.2,4.5,224,330,0.0,0.0
3.9,4.5,220,338,0.0,0.0
3.6,4.5,219,339,0.0,0.0
3.2,4.5,227,331,0.0,0.0
2.9,4.5,210,361,0.0,0.0
2.6,4.5,221,348,0.0,0.0
2.3,4.5,217,344,0.0,0.0
2.0,4.5,218,347,0.0,0.0
1.7,4.5,224,340,0.0,0.0
1.4,4.5,218,335,0.0,0.0
1.1,4.5,220,334,0.0,0.0
0.8,4.5,221,348,0.0,0.0
0.5,4.5,220,339,0.0,0.0
0.1,4.5,223,336,0.0,0.0
-0.2,4.5,209,345,0.0,0.0
-0.5,4.5,212,352,0.0,0.0
-0.8,4.5,211,356,0.0,0.0
-1.1,4.5,210,355,0.0,0.0
-1.4,4.5,214,346,0.0,0.0
-1.7,4.5,212,358,0.0,0.0
-2.0,4.5,213,343,0.0,0.0
-2.3,4.5,214,342,0.0,0.0
-2.7,4.5,203,373,0.0,0.0
-3.0,4.5,219,358,0.0,0.0
-3.3,4.5,215,348,0.0,0.0
-3.6,4.5,213,376,0.0,0.0
-3.9,4.5,210,350,0.0,0.0
-4.2,4.5,209,362,0.0,0.0
-4.5,4.5,218,358,0.0,0.0
-4.5,4.5,220,358,0.0,0.0
-4.2,4.5,217,345,0.0,0.0
-3.9,4.5,207,354,0.0,0.0
-3.6,4.5,212,370,0.0,0.0
-3.3,4.5,215,349,0.0,0.0
-3.0,4.5,224,356,0.0,0.0
-2.7,4.5,210,361,0.0,0.0
-2.3,4.5,216,349,0.0,0.0
-2.0,4.5,209,336,0.0,0.0
-1.7,4.5,209,344,0.0,0.0
-1.4,4.5,212,346,0.0,0.0
-1.1,4.5,212,350,0.0,0.0
-0.8,4.5,206,358,0.0,0.0
-0.5,4.5,211,355,0.0,0.0
-0.2,4.5,210,343,0.0,0.0
0.1,4.5,219,342,0.0,0.0
0.5,4.5,220,344,0.0,0.0
0.8,4.5,220,352,0.0,0.0
1.1,4.5,218,336,0.0,0.0
1.4,4.5,221,334,0.0,0.0
1.7,4.5,223,340,0.0,0.0
2.0,4.5,219,347,0.0,0.0
2.3,4.5,217,340,0.0,0.0
2.6,4.5,223,343,0.0,0.0
2.9,4.5,214,352,0.0,0.0
3.2,4.5,224,336,0.0,0.0
3.6,4.5,219,340,0.0,0.0
3.9,4.5,220,335,0.0,0.0
4.2,4.5,220,334,0.0,0.0
4.5,4.5,223,335,0.0,0.0
4.5,4.2,225,329,0.0,0.0
4.2,4.2,219,342,0.0,0.0
3.9,4.2,223,333,0.0,0.0
3.6,4.2,220,341,0.0,0.0
3.2,4.2,219,336,0.0,0.0
2.9,4.2,216,342,0.0,0.0
2.6,4.2,222,336,0.0,0.0
2.3,4.2,218,341,0.0,0.0
2.0,4.2,214,335,0.0,0.0
1.7,4.2,216,345,0.0,0.0
1.4,4.2,215,343,0.0,0.0
1.1,4.2,216,336,0.0,0.0
0.8,4.2,210,353,0.0,0.0
0.5,4.2,219,345,0.0,0.0
0.1,4.2,218,340,0.0,0.0
-0.2,4.2,214,352,0.0,0.0
-0.5,4.2,210,361,0.0,0.0
-0.8,4.2,221,340,0.0,0.0
-1.1,4.2,216,350,0.0,0.0
-1.4,4.2,221,341,0.0,0.0
-1.7,4.2,217,347,0.0,0.0
-2.0,4.2,221,350,0.0,0.0
-2.3,4.2,218,340,0.0,0.0
-2.7,4.2,216,350,0.0,0.0
-3.0,4.2,207,367,0.0,0.0
-3.3,4.2,222,351,0.0,0.0
-3.6,4.2,220,348,0.0,0.0
-3.9,4.2,216,350,0.0,0.0
-4.2,4.2,214,370,0.0,0.0
-4.5,4.2,219,354,0.0,0.0
-4.5,3.9,207,360,0.0,0.0
-4.2,3.9,208,363,0.0,0.0
-3.9,3.9,211,362,0.0,0.0
-3.6,3.9,212,375,0.0,0.0
-3.3,3.9,212,360,0.0,0.0
-3.0,3.9,206,384,0.0,0.0
-2.7,3.9,204,386,0.0,0.0
-2.3,3.9,217,351,0.0,0.0
-2.0,3.9,205,377,0.0,0.0
-1.7,3.9,211,364,0.0,0.0
-1.4,3.9,214,342,0.0,0.0
-1.1,3.9,213,357,0.0,0.0
-0.8,3.9,215,372,0.0,0.0
-0.5,3.9,216,338,0.0,0.0
-0.2,3.9,217,332,0.0,0.0
0.1,3.9,213,350,0.0,0.0
0.5,3.9,219,345,0.0,0.0
0.8,3.9,212,352,0.0,0.0
1.1,3.9,221,327,0.0,0.0
1.4,3.9,217,336,0.0,0.0
1.7,3.9,222,330,0.0,0.0
2.0,3.9,216,338,0.0,0.0
2.3,3.9,217,341,0.0,0.0
2.6,3.9,217,342,0.0,0.0
2.9,3.9,223,331,0.0,0.0
3.2,3.9,219,346,0.0,0.0
3.6,3.9,225,322,0.0,0.0
3.9,3.9,219,343,0.0,0.0
4.2,3.9,224,331,0.0,0.0
4.5,3.9,218,340,0.0,0.0
4.5,3.6,214,348,0.0,0.0
4.2,3.6,218,344,0.0,0.0
3.9,3.6,214,354,0.0,0.0
3.6,3.6,211,341,0.0,0.0
3.2,3.6,218,345,0.0,0.0
2.9,3.6,222,337,0.0,0.0
2.6,3.6,220,332,0.0,0.0
2.3,3.6,216,342,0.0,0.0
2.0,3.6,219,336,0.0,0.0
1.7,3.6,211,353,0.0,0.0
1.4,3.6,219,333,0.0,0.0
1.1,3.6,220,343,0.0,0.0
0.8,3.6,216,350,0.0,0.0
0.5,3.6,220,340,0.0,0.0
0.1,3.6,213,354,0.0,0.0
-0.2,3.6,205,374,0.0,0.0
-0.5,3.6,215,341,0.0,0.0
-0.8,3.6,212,349,0.0,0.0
-1.1,3.6,219,333,0.0,0.0
-1.4,3.6,210,341,0.0,0.0
-1.7,3.6,214,347,0.0,0.0
-2.0,3.6,213,363,0.0,0.0
-2.3,3.6,207,357,0.0,0.0
-2.7,3.6,214,363,0.0,0.0
-3.0,3.6,218,344,0.0,0.0
-3.3,3.6,216,347,0.0,0.0
-3.6,3.6,212,352,0.0,0.0
-3.9,3.6,209,350,0.0,0.0
-4.2,3.6,213,358,0.0,0.0
-4.5,3.6,204,380,0.0,0.0
-4.5,3.2,216,344,0.0,0.0
-4.2,3.2,213,355,0.0,0.0
-3.9,3.3,217,373,0.0,0.0
-3.6,3.3,216,376,0.0,0.0
-3.3,3.3,215,365,0.0,0.0
-3.0,3.3,213,349,0.0,0.0
-2.7,3.3,209,357,0.0,0.0
-2.3,3.3,217,358,0.0,0.0
-2.0,3.3,211,355,0.0,0.0
-1.7,3.3,215,348,0.0,0.0
-1.4,3.3,220,342,0.0,0.0
-1.1,3.3,219,344,0.0,0.0
-0.8,3.3,211,350,0.0,0.0
-0.5,3.3,217,356,0.0,0.0
-0.2,3.3,215,344,0.0,0.0
0.1,3.3,216,345,0.0,0.0
0.5,3.3,212,354,0.0,0.0
0.8,3.3,215,350,0.0,0.0
1.1,3.3,214,353,0.0,0.0
1.4,3.3,211,352,0.0,0.0
1.7,3.3,211,338,0.0,0.0
2.0,3.3,214,355,0.0,0.0
2.3,3.3,222,335,0.0,0.0
2.6,3.3,212,344,0.0,0.0
2.9,3.3,216,344,0.0,0.0
3.2,3.3,224,323,0.0,0.0
3.6,3.3,215,348,0.0,0.0
3.9,3.3,224,332,0.0,0.0
4.2,3.3,222,333,0.0,0.0
4.5,3.3,216,347,0.0,0.0
4.5,2.9,223,340,0.0,0.0
4.2,2.9,225,329,0.0,0.0
3.9,2.9,222,329,0.0,0.0
3.6,2.9,217,339,0.0,0.0
3.2,2.9,214,353,0.0,0.0
2.9,2.9,212,358,0.0,0.0
2.6,2.9,225,329,0.0,0.0
2.3,2.9,211,349,0.0,0.0
2.0,2.9,216,335,0.0,0.0
1.7,2.9,220,350,0.0,0.0
1.4,2.9,213,356,0.0,0.0
1.1,2.9,213,348,0.0,0.0
0.8,2.9,221,341,0.0,0.0
0.5,2.9,220,343,0.0,0.0
0.1,2.9,210,348,0.0,0.0
-0.2,2.9,212,352,0.0,0.0
-0.5,2.9,212,350,0.0,0.0
-0.8,2.9,217,348,0.0,0.0
-1.1,2.9,224,327,0.0,0.0
-1.4,2.9,215,342,0.0,0.0
-1.7,2.9,212,362,0.0,0.0
-2.0,2.9,210,367,0.0,0.0
-2.3,2.9,216,346,0.0,0.0
-2.7,2.9,216,354,0.0,0.0
-3.0,2.9,218,349,0.0,0.0
-3.3,2.9,213,351,0.0,0.0
-3.6,2.9,211,359,0.0,0.0
-3.9,2.9,215,355,0.0,0.0
-4.2,2.9,207,374,0.0,0.0
-4.5,2.9,213,347,0.0,0.0
-4.5,2.6,221,342,0.0,0.0
-4.2,2.6,214,347,0.0,0.0
-3.9,2.6,218,352,0.0,0.0
-3.6,2.6,211,366,0.0,0.0
-3.3,2.6,221,356,0.0,0.0
-3.0,2.6,211,357,0.0,0.0
-2.7,2.6,212,345,0.0,0.0
-2.3,2.6,209,374,0.0,0.0
-2.0,2.6,217,346,0.0,0.0
-1.7,2.6,219,348,0.0,0.0
-1.4,2.6,208,358,0.0,0.0
-1.1,2.6,215,342,0.0,0.0
-0.8,2.6,216,344,0.0,0.0
-0.5,2.6,218,349,0.0,0.0
-0.2,2.6,214,346,0.0,0.0
0.1,2.6,214,344,0.0,0.0
0.5,2.6,215,359,0.0,0.0
0.8,2.6,217,356,0.0,0.0
1.1,2.6,219,337,0.0,0.0
1.4,2.6,212,348,0.0,0.0
1.7,2.6,224,332,0.0,0.0
2.0,2.6,219,340,0.0,0.0
2.3,2.6,213,357,0.0,0.0
2.6,2.6,218,344,0.0,0.0
2.9,2.6,224,324,0.0,0.0
3.2,2.6,219,332,0.0,0.0
3.6,2.6,218,343,0.0,0.0
3.9,2.6,215,348,0.0,0.0
4.2,2.6,221,340,0.0,0.0
4.5,2.6,220,344,0.0,0.0
4.5,2.3,213,340,0.0,0.0
4.2,2.3,216,346,0.0,0.0
3.9,2.3,216,340,0.0,0.0
3.6,2.3,212,347,0.0,0.0
3.2,2.3,214,347,0.0,0.0
2.9,2.3,221,327,0.0,0.0
2.6,2.3,219,342,0.0,0.0
2.3,2.3,214,351,0.0,0.0
2.0,2.3,221,335,0.0,0.0
1.7,2.3,211,340,0.0,0.0
1.4,2.3,213,342,0.0,0.0
1.1,2.3,219,331,0.0,0.0
0.8,2.3,210,356,0.0,0.0
0.5,2.3,215,349,0.0,0.0
0.1,2.3,226,333,0.0,0.0
-0.2,2.3,212,356,0.0,0.0
-0.5,2.3,211,356,0.0,0.0
-0.8,2.3,217,339,0.0,0.0
-1.1,2.3,219,345,0.0,0.0
-1.4,2.3,217,346,0.0,0.0
-1.7,2.3,216,341,0.0,0.0
-2.0,2.3,216,344,0.0,0.0
-2.3,2.3,214,345,0.0,0.0
-2.7,2.3,222,340,0.0,0.0
-3.0,2.3,210,362,0.0,0.0
-3.3,2.3,218,359,0.0,0.0
-3.6,2.3,210,360,0.0,0.0
-3.9,2.3,216,345,0.0,0.0
-4.2,2.3,208,379,0.0,0.0
-4.5,2.3,213,364,0.0,0.0
-4.5,2.0,211,362,0.0,0.0
-4.2,2.0,209,350,0.0,0.0
-3.9,2.0,216,346,0.0,0.0
-3.6,2.0,213,351,0.0,0.0
-3.3,2.0,209,372,0.0,0.0
-3.0,2.0,217,358,0.0,0.0
-2.7,2.0,212,355,0.0,0.0
-2.3,2.0,220,337,0.0,0.0
-2.0,2.0,213,347,0.0,0.0
-1.7,2.0,208,351,0.0,0.0
-1.4,2.0,219,338,0.0,0.0
-1.1,2.0,221,336,0.0,0.0
-0.8,2.0,221,333,0.0,0.0
-0.5,2.0,215,347,0.0,0.0
-0.2,2.0,214,349,0.0,0.0
0.1,2.0,219,336,0.0,0.0
0.5,2.0,216,345,0.0,0.0
0.8,2.0,215,346,0.0,0.0
1.1,2.0,220,339,0.0,0.0
1.4,2.0,218,350,0.0,0.0
1.7,2.0,214,341,0.0,0.0
2.0,2.0,217,330,0.0,0.0
2.3,2.0,215,348,0.0,0.0
2.6,2.0,212,354,0.0,0.0
2.9,2.0,215,348,0.0,0.0
3.2,2.0,223,336,0.0,0.0
3.6,2.0,226,327,0.0,0.0
3.9,2.0,218,334,0.0,0.0
4.2,2.0,218,336,0.0,0.0
4.5,2.0,224,340,0.0,0.0
4.5,1.7,220,339,0.0,0.0
4.2,1.7,214,346,0.0,0.0
3.9,1.7,218,337,0.0,0.0
3.6,1.7,224,331,0.0,0.0
3.2,1.7,221,335,0.0,0.0
2.9,1.7,213,353,0.0,0.0
2.6,1.7,218,331,0.0,0.0
2.3,1.7,221,333,0.0,0.0
2.0,1.7,216,342,0.0,0.0
1.7,1.7,223,333,0.0,0.0
1.4,1.7,213,346,0.0,0.0
1.1,1.7,213,352,0.0,0.0
0.8,1.7,212,363,0.0,0.0
0.5,1.7,218,331,0.0,0.0
0.1,1.7,216,344,0.0,0.0
-0.2,1.7,213,353,0.0,0.0
-0.5,1.7,218,341,0.0,0.0
-0.8,1.7,214,350,0.0,0.0
-1.1,1.7,208,351,0.0,0.0
-1.4,1.7,216,341,0.0,0.0
-1.7,1.7,213,357,0.0,0.0
-2.0,1.7,217,356,0.0,0.0
-2.3,1.7,210,368,0.0,0.0
-2.7,1.7,222,336,0.0,0.0
-3.0,1.7,216,358,0.0,0.0
-3.3,1.7,210,349,0.0,0.0
-3.6,1.7,214,354,0.0,0.0
-3.9,1.7,210,342,0.0,0.0
-4.2,1.7,205,375,0.0,0.0
-4.5,1.7,208,366,0.0,0.0
-4.5,1.4,214,364,0.0,0.0
-4.2,1.4,210,361,0.0,0.0
