-1.1,1.4,200.44,179.05,-4.3,-0.5,33,25
-0.8,1.4,200.91,178.82,-4.3,-0.5,32,25
-1.1,1.4,200.44,179.05,-4.3,-0.5,33,25
-0.8,1.4,200.91,178.82,-4.3,-0.5,32,25
-1.1,1.4,200.44,179.05,-4.3,-0.5,33,25
-2.7,-3.0,201.43,195.80,-0.3,-0.0,01,00
-2.4,-3.0,200.77,178.71,-0.3,0.0,02,00
-2.1,-3.0,201.12,179.23,-0.3,0.0,03,00
-1.7,-3.0,201.26,178.84,-0.3,0.0,04,00
-1.4,-3.0,200.85,179.46,-0.3,0.0,05,00
-1.1,-3.0,201.09,179.09,-0.3,0.0,06,00
-0.8,-3.0,200.77,179.66,-0.3,0.0,07,00
-0.5,-3.0,201.29,178.13,-0.3,0.0,08,00
-0.2,-3.0,200.75,179.68,-0.4,-0.0,09,00
0.2,-3.0,200.99,179.10,-0.4,-0.0,10,00
0.5,-3.0,200.84,178.43,-0.4,-0.0,11,00
0.8,-3.0,201.08,178.69,-0.4,-0.0,12,00
1.1,-3.0,200.92,179.47,-0.4,-0.0,13,00
1.4,-3.0,201.27,179.50,-0.4,-0.0,14,00
1.7,-3.0,200.69,179.27,-0.4,-0.0,15,00
2.1,-3.0,201.23,179.30,-0.4,-0.0,16,00
2.4,-3.0,200.70,178.22,-0.4,-0.0,17,00
2.7,-3.0,201.03,178.92,-0.4,-0.0,18,00
3.0,-3.0,201.37,178.69,-0.4,-0.0,19,00
3.0,-2.7,201.20,178.26,-0.4,-0.0,20,01
2.7,-2.7,201.96,178.39,-0.4,-0.0,21,01
2.4,-2.7,201.22,179.60,-0.4,-0.0,22,01
2.1,-2.7,201.15,178.99,-0.4,-0.0,23,01
1.7,-2.7,200.77,178.56,-0.4,-0.0,24,01
1.4,-2.7,201.25,178.99,-0.4,-0.0,25,01
1.1,-2.7,201.61,179.47,-0.4,-0.0,26,01
0.8,-2.7,200.75,179.15,-0.4,-0.0,27,01
0.5,-2.7,201.55,179.54,-0.4,-0.0,28,01
0.2,-2.7,201.08,178.88,-0.4,-0.0,29,01
-0.2,-2.7,201.45,178.71,-0.4,-0.0,30,01
-0.5,-2.7,201.05,179.27,-0.4,-0.0,31,01
-0.8,-2.7,200.97,179.52,-0.4,-0.0,32,01
-1.1,-2.7,201.03,179.87,-0.4,-0.0,33,01
-1.4,-2.7,200.84,178.67,-0.4,-0.0,34,01
-1.7,-2.7,201.55,178.80,-0.4,-0.0,35,01
-2.1,-2.7,200.84,178.39,-0.4,-0.0,36,01
-2.4,-2.7,200.68,179.71,-0.4,-0.0,37,01
-2.7,-2.7,201.61,179.44,-0.4,-0.0,38,01
-3.0,-2.7,201.54,178.63,-0.4,-0.0,39,01
-3.0,-2.4,200.95,179.04,-0.4,-0.0,00,02
-2.7,-2.4,200.78,179.23,-0.4,-0.0,01,02
-2.4,-2.4,199.40,182.26,-0.4,-0.0,02,02
-2.1,-2.4,198.35,185.84,-0.4,-0.0,03,02
-1.7,-2.4,201.01,179.32,-0.4,-0.0,04,02
-1.4,-2.4,200.69,179.29,-0.4,-0.0,05,02
-1.1,-2.4,201.58,178.73,-0.4,-0.0,06,02
-0.8,-2.4,200.84,178.48,-0.4,-0.0,07,02
-0.5,-2.4,201.23,178.44,-0.4,-0.0,08,02
-0.2,-2.4,201.15,179.51,-0.7,0.1,09,02
0.2,-2.4,201.24,179.58,-0.7,0.1,10,02
0.5,-2.4,201.09,179.25,-0.7,0.1,11,02
0.8,-2.4,200.98,178.61,-0.7,0.1,12,02
1.1,-2.4,201.20,179.06,-0.7,0.1,13,02
1.4,-2.4,201.75,178.98,-0.7,0.1,14,02
1.7,-2.4,201.30,179.20,-0.7,0.1,15,02
2.1,-2.4,201.30,179.65,-0.7,0.1,16,02
2.4,-2.4,200.88,178.61,-0.7,0.1,17,02
2.7,-2.4,200.55,178.78,-0.7,0.1,18,02
3.0,-2.4,201.78,177.69,-0.7,0.1,19,02
3.0,-2.1,201.53,179.78,-0.7,0.1,20,03
2.7,-2.1,200.80,179.44,-0.7,0.1,21,03
2.4,-2.1,201.22,179.27,-0.7,0.1,22,03
2.1,-2.1,201.20,178.69,-0.7,0.1,23,03
1.7,-2.1,201.97,178.89,-0.7,0.1,24,03
1.4,-2.1,201.29,179.44,-0.7,0.1,25,03
1.1,-2.1,202.35,179.66,-0.7,0.1,26,03
0.8,-2.1,200.12,179.24,-0.7,0.1,27,03
0.5,-2.1,201.86,179.33,-0.8,0.3,28,03
0.2,-2.1,201.15,178.62,-0.8,0.3,29,03
-0.2,-2.1,200.84,179.47,-0.8,0.3,30,03
-0.5,-2.1,201.14,178.76,-0.8,0.3,31,03
-0.8,-2.1,201.21,179.07,-0.8,0.3,32,03
-1.1,-2.1,201.07,179.51,-0.8,0.3,33,03
-1.4,-2.1,201.29,178.43,-0.8,0.3,34,03
-1.7,-2.1,200.70,178.67,-0.8,0.3,35,03
-2.1,-2.1,200.68,178.77,-0.8,0.3,36,03
-2.4,-2.1,200.13,178.42,-0.8,0.3,37,03
-2.7,-2.1,201.80,178.99,-0.8,0.3,38,03
-3.0,-2.1,200.95,179.55,-0.8,0.3,39,03
-1.7,-1.7,200.87,179.62,-0.8,0.3,04,04
-1.4,-1.7,201.48,180.18,-0.8,0.3,05,04
-1.1,-1.7,198.28,184.33,-0.8,0.3,06,04
-0.8,-1.7,200.70,179.97,-0.8,0.3,07,04
-0.5,-1.7,200.99,179.71,-0.8,0.3,08,04
-0.2,-1.7,201.69,178.52,-0.8,0.3,09,04
0.2,-1.7,201.89,178.18,-0.8,0.3,10,04
0.5,-1.7,202.32,178.90,-0.8,0.3,11,04
0.8,-1.7,200.66,179.49,-0.8,0.3,12,04
1.1,-1.7,201.87,178.80,-0.8,0.3,13,04
1.4,-1.7,201.56,178.91,-0.8,0.3,14,04
1.7,-1.7,200.60,178.85,-0.8,0.3,15,04
2.1,-1.7,201.67,178.02,-1.0,0.3,16,04
2.4,-1.7,201.27,179.21,-1.0,0.3,17,04
2.7,-1.7,201.27,179.17,-1.0,0.3,18,04
3.0,-1.7,201.13,178.17,-1.0,0.3,19,04
3.0,-1.4,200.94,179.52,-1.0,0.3,20,05
2.7,-1.4,201.42,178.18,-1.0,0.3,21,05
2.4,-1.4,201.09,179.43,-1.0,0.3,22,05
2.1,-1.4,200.87,178.58,-1.0,0.3,23,05
1.7,-1.4,200.56,179.25,-1.0,0.3,24,05
1.4,-1.4,200.76,178.62,-1.0,0.3,25,05
1.1,-1.4,201.35,179.68,-1.0,0.3,26,05
0.8,-1.4,200.82,178.97,-1.0,0.3,27,05
0.5,-1.4,201.17,179.54,-1.0,0.3,28,05
0.2,-1.4,201.00,179.17,-1.0,0.3,29,05
-0.2,-1.4,200.78,178.30,-1.0,0.3,30,05
-0.5,-1.4,201.38,181.76,-1.1,0.4,31,05
-0.8,-1.4,201.89,178.47,-1.1,0.4,32,05
-1.1,-1.4,200.93,178.78,-1.1,0.4,33,05
-1.4,-1.4,201.05,179.28,-1.1,0.4,34,05
-1.7,-1.4,200.93,179.46,-1.1,0.4,35,05
-2.1,-1.4,201.35,178.49,-1.1,0.4,36,05
-2.4,-1.4,200.50,179.04,-1.1,0.4,37,05
-3.0,-1.1,198.58,184.43,-1.1,0.4,00,06
-2.7,-1.1,200.93,179.86,-1.2,0.4,01,06
-2.4,-1.1,201.06,179.00,-1.2,0.4,02,06
-2.1,-1.1,194.60,186.64,-1.2,0.4,03,06
-1.7,-1.1,201.06,178.95,-1.2,0.4,04,06
-1.4,-1.1,200.59,178.97,-1.2,0.4,05,06
-1.1,-1.1,201.08,179.59,-1.2,0.4,06,06
-0.8,-1.1,201.49,178.46,-1.2,0.4,07,06
-0.5,-1.1,201.22,179.23,-1.2,0.4,08,06
-0.2,-1.1,200.93,179.59,-1.2,0.4,09,06
0.2,-1.1,201.38,178.56,-1.2,0.4,10,06
0.5,-1.1,201.81,178.49,-1.2,0.4,11,06
0.8,-1.1,201.21,178.88,-1.2,0.4,12,06
1.1,-1.1,201.06,178.85,-1.2,0.5,13,06
1.4,-1.1,200.53,179.16,-1.2,0.5,14,06
1.7,-1.1,200.63,179.07,-1.2,0.5,15,06
2.1,-1.1,201.12,178.88,-1.2,0.5,16,06
2.4,-1.1,200.97,178.92,-1.2,0.5,17,06
2.7,-1.1,201.02,179.73,-1.2,0.5,18,06
3.0,-1.1,200.93,178.59,-1.3,0.6,19,06
3.0,-0.8,201.24,179.44,-1.3,0.6,20,07
2.7,-0.8,201.25,178.96,-1.3,0.6,21,07
2.4,-0.8,200.67,178.68,-1.3,0.6,22,07
2.1,-0.8,200.53,178.74,-1.3,0.6,23,07
1.7,-0.8,200.84,178.71,-1.3,0.6,24,07
1.4,-0.8,200.82,179.69,-1.3,0.6,25,07
1.1,-0.8,200.70,179.16,-1.3,0.6,26,07
0.8,-0.8,200.82,178.43,-1.3,0.6,27,07
0.5,-0.8,200.75,178.80,-1.3,0.7,28,07
0.2,-0.8,200.80,179.32,-1.3,0.7,29,07
-0.2,-0.8,200.77,178.98,-1.3,0.7,30,07
-0.5,-0.8,201.05,179.04,-1.3,0.7,31,07
-0.8,-0.8,201.16,178.62,-1.3,0.6,32,07
-1.1,-0.8,201.26,179.29,-1.3,0.6,33,07
-1.4,-0.8,201.25,179.57,-1.3,0.6,34,07
-1.7,-0.8,200.47,178.53,-1.3,0.6,35,07
-2.1,-0.8,201.24,178.42,-1.3,0.6,36,07
-2.4,-0.8,200.54,178.56,-1.3,0.6,37,07
-2.7,-0.8,199.94,181.15,-1.3,0.6,38,07
-2.4,-0.5,201.21,180.22,-1.4,0.6,02,08
-2.1,-0.5,201.39,179.30,-1.4,0.6,03,08
-1.7,-0.5,200.76,179.59,-1.4,0.6,04,08
-1.4,-0.5,201.15,179.17,-1.4,0.6,05,08
-1.1,-0.5,201.46,178.61,-1.4,0.6,06,08
-0.8,-0.5,200.72,178.66,-1.4,0.6,07,08
-0.5,-0.5,201.91,178.83,-1.4,0.6,08,08
-0.2,-0.5,200.95,177.89,-1.4,0.6,09,08
0.2,-0.5,200.82,178.96,-1.4,0.6,10,08
0.5,-0.5,201.75,178.60,-1.4,0.6,11,08
0.8,-0.5,201.57,178.74,-1.4,0.6,12,08
1.1,-0.5,200.82,178.78,-1.4,0.6,13,08
1.4,-0.5,200.84,175.25,-1.4,0.6,14,08
1.7,-0.5,200.54,178.40,-1.4,0.6,15,08
2.1,-0.5,200.93,178.66,-1.4,0.6,16,08
2.4,-0.5,201.36,179.21,-1.4,0.6,17,08
2.7,-0.5,202.35,179.40,-1.4,0.6,18,08
3.0,-0.5,201.07,179.26,-1.4,0.6,19,08
3.0,-0.2,200.55,178.72,-1.4,0.6,20,09
2.7,-0.2,200.63,179.35,-1.4,0.6,21,09
2.4,-0.2,201.46,179.14,-1.4,0.6,22,09
2.1,-0.2,201.14,178.99,-1.4,0.6,23,09
1.7,-0.2,200.56,178.65,-1.4,0.6,24,09
1.4,-0.2,201.28,178.58,-1.4,0.6,25,09
1.1,-0.2,200.81,178.79,-1.4,0.6,26,09
0.8,-0.2,201.15,178.66,-1.4,0.6,27,09
0.5,-0.2,200.88,179.04,-1.4,0.6,28,09
0.2,-0.2,200.41,178.74,-1.4,0.6,29,09
-0.2,-0.2,201.11,178.89,-1.4,0.6,30,09
-0.5,-0.2,200.92,178.99,-1.4,0.6,31,09
-0.8,-0.2,200.72,179.14,-1.4,0.6,32,09
-1.1,-0.2,201.58,178.49,-1.4,0.6,33,09
-1.4,-0.2,200.96,179.53,-1.4,0.6,34,09
-1.7,-0.2,201.14,179.21,-1.4,0.6,35,09
-2.1,-0.2,201.56,179.45,-1.4,0.6,36,09
-2.4,-0.2,201.25,179.07,-1.4,0.6,37,09
-2.7,-0.2,201.60,178.23,-1.4,0.6,38,09
-3.0,-0.2,201.40,179.53,-1.4,0.6,39,09
-3.0,0.2,200.77,178.96,-1.4,0.6,00,10
-2.7,0.2,202.02,179.16,-1.5,0.6,01,10
-2.4,0.2,200.56,178.69,-1.5,0.6,02,10
-2.1,0.2,200.34,178.70,-1.5,0.6,03,10
-1.7,0.2,201.11,180.06,-1.5,0.6,04,10
-1.4,0.2,201.08,179.34,-1.5,0.6,05,10
-1.1,0.2,200.94,178.58,-1.5,0.6,06,10
-0.8,0.2,200.66,178.52,-1.5,0.6,07,10
-0.5,0.2,201.11,178.43,-1.5,0.6,08,10
-0.2,0.2,200.76,179.25,-1.5,0.6,09,10
0.2,0.2,200.73,178.94,-1.5,0.6,10,10
0.5,0.2,201.03,178.90,-1.5,0.6,11,10
0.8,0.2,201.08,178.93,-1.5,0.6,12,10
1.1,0.2,200.68,178.75,-1.5,0.6,13,10
1.4,0.2,201.25,178.84,-1.5,0.6,14,10
1.7,0.2,201.43,179.11,-1.5,0.6,15,10
2.1,0.2,200.60,178.07,-1.5,0.6,16,10
2.4,0.2,201.52,177.91,-1.5,0.6,17,10
2.7,0.2,201.60,178.54,-1.5,0.6,18,10
3.0,0.2,200.97,179.10,-1.5,0.6,19,10
3.0,0.5,201.51,179.13,-1.5,0.6,20,11
2.7,0.5,200.51,178.87,-1.5,0.6,21,11
2.4,0.5,200.73,179.01,-1.5,0.6,22,11
2.1,0.5,201.12,178.27,-1.6,0.7,23,11
1.7,0.5,201.11,179.27,-1.6,0.7,24,11
1.4,0.5,201.21,178.56,-1.6,0.7,25,11
1.1,0.5,200.84,178.64,-1.6,0.8,26,11
0.8,0.5,201.39,179.41,-1.6,0.8,27,11
0.5,0.5,200.57,179.00,-1.6,0.8,28,11
0.2,0.5,201.08,178.44,-1.6,0.8,29,11
-0.2,0.5,201.29,179.04,-1.6,0.8,30,11
-0.5,0.5,201.41,178.31,-1.6,0.8,31,11
-0.8,0.5,201.01,178.85,-1.6,0.7,32,11
-1.1,0.5,201.17,179.42,-1.6,0.7,33,11
-1.4,0.5,201.10,179.65,-1.6,0.7,34,11
-1.7,0.5,200.69,179.29,-1.6,0.7,35,11
-2.1,0.5,200.95,178.63,-1.6,0.7,36,11
-2.4,0.5,201.33,178.43,-1.6,0.7,37,11
-2.7,0.5,201.12,178.61,-1.6,0.7,38,11
-3.0,0.5,201.17,179.63,-1.6,0.7,39,11
-3.0,0.8,200.81,179.33,-1.6,0.7,00,12
-2.7,0.8,201.39,178.95,-1.6,0.7,01,12
-2.4,0.8,200.74,179.30,-1.6,0.7,02,12
-2.1,0.8,201.64,179.19,-1.6,0.7,03,12
-1.7,0.8,200.71,178.83,-1.6,0.7,04,12
-1.4,0.8,200.68,178.37,-1.6,0.8,05,12
-1.1,0.8,201.17,178.67,-1.6,0.8,06,12
-0.8,0.8,201.17,178.38,-1.6,0.8,07,12
-0.5,0.8,201.63,178.30,-1.6,0.8,08,12
-0.2,0.8,201.13,178.81,-1.6,0.8,09,12
0.2,0.8,200.65,178.92,-1.6,0.8,10,12
0.5,0.8,201.96,177.96,-1.6,0.8,11,12
0.8,0.8,201.02,179.06,-1.6,0.8,12,12
1.1,0.8,201.20,178.94,-1.6,0.8,13,12
1.4,0.8,201.03,178.74,-1.6,0.8,14,12
1.7,0.8,200.93,178.66,-1.6,0.8,15,12
2.1,0.8,200.59,178.65,-1.6,0.8,16,12
2.4,0.8,200.98,178.15,-1.6,0.8,17,12
2.7,0.8,200.70,179.69,-1.6,0.8,18,12
3.0,0.8,201.07,178.22,-1.6,0.8,19,12
3.0,1.1,200.85,179.46,-1.6,0.8,20,13
2.7,1.1,200.63,179.35,-1.6,0.8,21,13
2.4,1.1,200.93,178.33,-1.6,0.8,22,13
2.1,1.1,201.12,179.50,-1.6,0.8,23,13
1.7,1.1,200.99,178.42,-1.6,0.8,24,13
1.4,1.1,201.13,178.97,-1.6,0.8,25,13
1.1,1.1,201.72,177.62,-1.6,0.8,26,13
0.8,1.1,200.71,179.22,-1.6,0.8,27,13
0.5,1.1,201.18,178.99,-1.6,0.8,28,13
0.2,1.1,201.07,179.33,-1.6,0.8,29,13
-0.2,1.1,201.28,178.47,-1.6,0.8,30,13
-0.5,1.1,200.54,178.36,-1.6,0.8,31,13
-0.8,1.1,201.88,178.97,-1.6,0.8,32,13
-1.1,1.1,201.31,178.79,-1.6,0.8,33,13
-1.4,1.1,200.70,179.36,-1.6,0.8,34,13
-1.7,1.1,201.31,178.49,-1.6,0.8,35,13
-2.1,1.1,201.32,178.76,-1.6,0.8,36,13
-2.4,1.1,200.73,179.49,-1.6,0.8,37,13
-2.7,1.1,200.82,179.43,-1.7,0.8,38,13
-3.0,1.1,200.87,178.64,-1.7,0.8,39,13
-3.0,1.4,200.78,179.60,-1.7,0.8,00,14
-2.7,1.4,200.68,179.12,-1.7,0.8,01,14
-2.4,1.4,201.04,178.97,-1.7,0.8,02,14
-2.1,1.4,200.95,179.16,-1.7,0.9,03,14
-1.7,1.4,200.82,179.19,-1.7,0.9,04,14
-1.4,1.4,201.21,179.87,-1.7,0.9,05,14
-1.1,1.4,201.26,178.33,-1.7,0.9,06,14
-0.8,1.4,200.39,178.77,-1.7,0.9,07,14
-0.5,1.4,200.63,178.26,-1.7,0.9,08,14
-0.2,1.4,201.05,177.73,-1.7,0.9,09,14
0.2,1.4,200.95,178.15,-1.7,0.9,10,14
0.5,1.4,201.08,178.77,-1.7,0.9,11,14
0.8,1.4,201.16,178.18,-1.7,0.9,12,14
1.1,1.4,201.30,178.49,-1.7,0.9,13,14
1.4,1.4,201.81,178.71,-1.7,0.9,14,14
1.7,1.4,200.83,178.52,-1.7,0.9,15,14
2.1,1.4,201.26,178.44,-1.7,0.9,16,14
2.4,1.4,202.17,178.18,-1.7,0.9,17,14
2.7,1.4,201.33,178.19,-1.7,0.9,18,14
3.0,1.4,200.71,179.33,-1.7,0.9,19,14
3.0,1.7,200.71,178.69,-1.7,0.9,20,15
2.7,1.7,200.82,178.62,-1.7,0.9,21,15
2.4,1.7,200.92,178.76,-1.7,0.9,22,15
2.1,1.7,201.02,178.65,-1.7,0.9,23,15
1.7,1.7,200.75,179.11,-1.7,0.9,24,15
1.4,1.7,200.60,179.40,-1.7,0.9,25,15
1.1,1.7,201.40,178.79,-1.7,0.9,26,15
0.8,1.7,201.11,179.13,-1.7,0.9,27,15
0.5,1.7,200.54,178.53,-1.7,0.9,28,15
0.2,1.7,201.42,178.95,-1.7,0.9,29,15
-0.2,1.7,200.83,179.05,-1.7,0.9,30,15
-0.5,1.7,201.18,178.26,-1.7,0.9,31,15
-0.8,1.7,200.56,178.18,-1.7,0.9,32,15
-1.1,1.7,201.14,178.42,-1.7,0.9,33,15
-1.4,1.7,200.74,178.92,-1.7,0.9,34,15
-1.7,1.7,201.61,178.41,-1.7,0.9,35,15
-2.1,1.7,200.97,178.98,-1.7,0.9,36,15
-2.4,1.7,200.52,179.04,-1.7,0.9,37,15
-2.7,1.7,200.81,179.56,-1.8,0.8,38,15
-3.0,1.7,201.78,178.19,-1.8,0.8,39,15
-3.0,2.1,201.34,178.78,-1.8,0.8,00,16
-2.7,2.1,201.31,179.53,-1.8,0.8,01,16
-2.4,2.1,201.18,177.79,-1.8,0.8,02,16
-2.1,2.1,200.75,178.81,-1.8,0.8,03,16
-1.7,2.1,201.42,177.87,-1.8,0.8,04,16
-1.4,2.1,201.01,178.41,-1.8,0.7,05,16
-1.1,2.1,200.71,179.07,-1.8,0.7,06,16
-0.8,2.1,200.51,179.24,-1.8,0.7,07,16
-0.5,2.1,201.30,179.35,-1.8,0.7,08,16
-0.2,2.1,200.67,178.33,-1.8,0.7,09,16
0.2,2.1,200.71,179.08,-1.8,0.7,10,16
0.5,2.1,200.95,178.66,-1.8,0.7,11,16
0.8,2.1,200.76,179.76,-1.8,0.7,12,16
1.1,2.1,200.58,178.82,-1.8,0.7,13,16
1.4,2.1,201.51,178.16,-1.8,0.7,14,16
1.7,2.1,200.59,179.01,-1.8,0.7,15,16
2.1,2.1,200.79,179.36,-1.8,0.7,16,16
2.4,2.1,201.77,178.36,-1.8,0.7,17,16
2.7,2.1,201.73,179.33,-1.8,0.7,18,16
3.0,2.1,200.53,179.16,-1.8,0.7,19,16
3.0,2.4,201.23,179.01,-1.8,0.7,20,17
2.7,2.4,200.65,178.92,-1.8,0.7,21,17
2.4,2.4,200.46,178.99,-1.8,0.7,22,17
2.1,2.4,200.55,178.67,-1.8,0.7,23,17
1.7,2.4,200.97,177.56,-1.8,0.7,24,17
1.4,2.4,201.22,178.17,-1.8,0.7,25,17
1.1,2.4,200.66,178.99,-1.8,0.7,26,17
0.8,2.4,201.40,178.55,-1.8,0.7,27,17
0.5,2.4,201.74,177.88,-1.8,0.7,28,17
0.2,2.4,200.78,178.65,-1.8,0.7,29,17
-0.2,2.4,200.50,179.16,-1.8,0.7,30,17
-0.5,2.4,201.29,179.20,-1.8,0.7,31,17
-0.8,2.4,201.49,177.76,-1.8,0.7,32,17
-1.1,2.4,201.20,178.91,-1.8,0.7,33,17
-1.4,2.4,201.64,178.79,-1.8,0.7,34,17
-1.7,2.4,201.05,179.07,-1.8,0.7,35,17
-2.1,2.4,200.44,179.00,-1.8,0.7,36,17
-2.4,2.4,200.52,178.68,-1.8,0.7,37,17
-2.7,2.4,168.95,178.10,-1.8,0.7,38,17
-3.0,2.4,200.50,180.14,-1.8,0.7,39,17
-3.0,2.7,200.81,179.02,-1.8,0.7,00,18
-2.7,2.7,201.49,179.30,-1.8,0.7,01,18
-2.4,2.7,201.84,178.21,-1.8,0.7,02,18
-2.1,2.7,201.19,178.43,-1.8,0.7,03,18
-1.7,2.7,200.79,179.06,-1.8,0.7,04,18
-1.4,2.7,200.96,178.69,-1.8,0.7,05,18
-1.1,2.7,201.33,178.33,-1.8,0.7,06,18
-0.8,2.7,201.54,178.54,-2.0,0.8,07,18
-0.5,2.7,201.06,179.13,-2.0,0.8,08,18
-0.2,2.7,200.72,178.91,-2.0,0.8,09,18
0.2,2.7,201.38,178.91,-2.0,0.8,10,18
0.5,2.7,201.45,179.83,-2.0,0.8,11,18
0.8,2.7,201.34,178.25,-2.0,0.8,12,18
1.1,2.7,201.78,178.44,-2.0,0.8,13,18
1.4,2.7,201.14,178.61,-2.0,0.8,14,18
1.7,2.7,200.80,179.15,-2.0,0.8,15,18
2.1,2.7,245.21,217.49,-2.0,0.8,16,18
2.4,2.7,201.18,177.77,-2.0,0.8,17,18
2.7,2.7,200.78,178.60,-2.0,0.8,18,18
3.0,2.7,201.60,177.80,-2.0,0.8,19,18
3.0,3.0,201.56,177.98,-2.0,0.8,20,19
2.7,3.0,200.72,179.26,-2.0,0.8,21,19
2.4,3.0,200.49,178.96,-2.0,0.8,22,19
2.1,3.0,201.01,179.08,-2.0,0.8,23,19
1.7,3.0,200.81,179.32,-2.0,0.8,24,19
1.4,3.0,200.85,178.65,-2.0,0.8,25,19
1.1,3.0,200.89,179.09,-2.0,0.8,26,19
0.8,3.0,201.43,178.51,-2.0,0.8,27,19
0.5,3.0,200.65,179.11,-2.0,0.8,28,19
0.2,3.0,200.87,178.66,-2.0,0.8,29,19
-0.2,3.0,200.70,178.14,-2.0,0.8,30,19
-0.5,3.0,200.52,178.89,-2.0,0.8,31,19
-0.8,3.0,201.40,179.07,-2.1,0.8,32,19
-1.1,3.0,200.92,178.59,-2.1,0.8,33,19
-1.4,3.0,201.11,178.98,-2.1,0.8,34,19
-1.7,3.0,200.63,178.44,-2.1,0.8,35,19
-2.1,3.0,201.33,178.27,-2.1,0.8,36,19
-2.4,3.0,201.04,178.42,-2.1,0.8,37,19
-2.7,3.0,200.69,178.79,-2.1,0.8,38,19
-3.0,3.0,201.52,179.27,-2.1,0.8,39,19
-3.0,3.0,200.70,178.97,-2.1,0.8,00,20
-2.7,3.0,200.85,178.97,-2.1,0.8,01,20
-2.4,3.0,201.23,178.76,-2.1,0.8,02,20
-2.1,3.0,200.88,177.94,-2.1,0.8,03,20
-1.7,3.0,200.96,178.79,-2.1,0.8,04,20
-1.4,3.0,201.27,179.09,-2.1,0.8,05,20
-1.1,3.0,201.49,179.48,-2.1,0.8,06,20
-0.8,3.0,201.14,178.43,-2.1,0.8,07,20
-0.5,3.0,201.50,178.71,-2.1,0.8,08,20
-0.2,3.0,201.05,178.54,-2.1,0.8,09,20
0.2,3.0,200.53,178.83,-2.1,0.8,10,20
0.5,3.0,201.82,178.73,-2.1,0.8,11,20
0.8,3.0,200.48,178.90,-2.1,0.8,12,20
1.1,3.0,200.83,179.49,-2.1,0.8,13,20
1.4,3.0,201.15,179.36,-2.1,0.8,14,20
1.7,3.0,200.69,178.67,-2.1,0.8,15,20
2.1,3.0,201.71,178.72,-2.1,0.8,16,20
2.4,3.0,201.16,179.21,-2.1,0.8,17,20
2.7,3.0,201.19,178.64,-2.1,0.8,18,20
3.0,3.0,201.47,179.09,-2.1,0.8,19,20
3.0,2.7,201.52,178.92,-2.1,0.8,20,21
2.7,2.7,201.07,178.27,-2.1,0.8,21,21
2.4,2.7,200.76,179.03,-2.1,0.8,22,21
2.1,2.7,200.62,178.76,-2.1,0.8,23,21
1.7,2.7,201.38,178.67,-2.1,0.8,24,21
1.4,2.7,200.91,178.58,-2.1,0.8,25,21
1.1,2.7,200.81,178.93,-2.1,0.8,26,21
0.8,2.7,201.72,177.43,-2.1,0.8,27,21
0.5,2.7,201.12,178.90,-2.1,0.8,28,21
0.2,2.7,201.24,177.74,-2.1,0.8,29,21
-0.2,2.7,201.61,178.69,-2.1,0.8,30,21
-0.5,2.7,200.95,178.84,-2.1,0.8,31,21
-0.8,2.7,200.61,179.36,-2.1,0.8,32,21
-1.1,2.7,200.92,178.94,-2.1,0.8,33,21
-1.4,2.7,201.28,179.19,-2.1,0.8,34,21
-1.7,2.7,201.05,178.72,-2.1,0.8,35,21
-2.1,2.7,201.32,179.03,-2.1,0.8,36,21
-2.4,2.7,201.28,179.04,-2.1,0.8,37,21
-2.7,2.7,201.14,179.36,-2.1,0.8,38,21
-3.0,2.7,200.90,178.50,-2.1,0.7,39,21
-3.0,2.4,200.98,178.39,-2.1,0.7,00,22
-2.7,2.4,201.66,178.98,-2.1,0.7,01,22
-2.4,2.4,200.78,179.28,-2.1,0.7,02,22
-2.1,2.4,202.17,178.05,-2.1,0.7,03,22
-1.7,2.4,201.02,178.45,-2.1,0.8,04,22
-1.4,2.4,200.66,179.17,-2.1,0.8,05,22
-1.1,2.4,200.56,178.95,-2.1,0.8,06,22
-0.8,2.4,201.00,178.60,-2.1,0.8,07,22
-0.5,2.4,201.04,179.11,-2.1,0.8,08,22
-0.2,2.4,201.10,178.83,-2.1,0.7,09,22
0.2,2.4,200.80,179.35,-2.1,0.7,10,22
0.5,2.4,201.25,179.21,-2.1,0.8,11,22
0.8,2.4,200.90,179.01,-2.1,0.8,12,22
1.1,2.4,200.43,178.96,-2.1,0.8,13,22
1.4,2.4,200.60,179.40,-2.1,0.8,14,22
1.7,2.4,201.14,179.05,-2.1,0.7,15,22
2.1,2.4,201.16,179.55,-2.1,0.8,16,22
2.4,2.4,201.88,178.12,-2.1,0.8,17,22
2.7,2.4,201.13,178.67,-2.1,0.8,18,22
3.0,2.4,200.63,179.13,-2.1,0.8,19,22
3.0,2.1,201.25,178.24,-2.1,0.8,20,23
2.7,2.1,200.98,179.24,-2.1,0.8,21,23
2.4,2.1,200.83,179.43,-2.1,0.8,22,23
2.1,2.1,201.17,179.10,-2.1,0.8,23,23
1.7,2.1,201.13,178.22,-2.1,0.8,24,23
1.4,2.1,200.88,179.05,-2.1,0.8,25,23
1.1,2.1,201.06,178.69,-2.1,0.8,26,23
0.8,2.1,201.23,179.63,-2.1,0.8,27,23
0.5,2.1,200.62,178.88,-2.1,0.8,28,23
0.2,2.1,200.45,178.47,-2.1,0.8,29,23
-0.2,2.1,201.41,178.88,-2.1,0.8,30,23
-0.5,2.1,200.44,178.74,-2.1,0.8,31,23
-0.8,2.1,201.04,179.06,-2.1,0.8,32,23
-1.1,2.1,201.17,179.56,-2.1,0.8,33,23
-1.4,2.1,200.57,178.60,-2.1,0.8,34,23
-1.7,2.1,202.36,177.50,-2.1,0.8,35,23
-2.1,2.1,200.62,179.13,-2.1,0.8,36,23
-2.4,2.1,201.00,179.17,-2.0,0.7,37,23
-2.7,2.1,200.62,178.62,-2.0,0.7,38,23
-3.0,2.1,201.24,179.74,-2.0,0.7,39,23
-3.0,1.7,200.87,178.89,-2.0,0.7,00,24
-2.7,1.7,200.56,179.07,-2.0,0.7,01,24
-2.4,1.7,200.92,179.27,-2.0,0.7,02,24
-2.1,1.7,201.46,178.31,-2.0,0.7,03,24
-1.7,1.7,200.66,179.29,-2.0,0.7,04,24
-1.4,1.7,200.48,178.32,-2.0,0.7,05,24
-1.1,1.7,200.68,178.99,-2.0,0.7,06,24
-0.8,1.7,201.09,178.78,-2.0,0.7,07,24
-0.5,1.7,201.04,178.67,-2.0,0.7,08,24
-0.2,1.7,201.35,178.82,-2.0,0.7,09,24
0.2,1.7,200.59,179.16,-2.0,0.7,10,24
0.5,1.7,200.96,178.89,-2.0,0.7,11,24
0.8,1.7,201.25,178.78,-2.0,0.7,12,24
1.1,1.7,200.45,178.13,-2.0,0.7,13,24
1.4,1.7,201.03,179.48,-2.0,0.7,14,24
1.7,1.7,200.56,179.20,-2.0,0.7,15,24
2.1,1.7,200.88,178.47,-2.0,0.7,16,24
2.4,1.7,201.36,178.72,-2.0,0.7,17,24
2.7,1.7,201.35,178.64,-2.0,0.7,18,24
3.0,1.7,202.11,178.84,-2.0,0.7,19,24
3.0,1.4,200.86,179.26,-2.0,0.7,20,25
2.7,1.4,201.32,178.33,-2.0,0.7,21,25
2.4,1.4,201.15,178.40,-2.0,0.7,22,25
2.1,1.4,200.84,179.40,-2.0,0.7,23,25
1.7,1.4,200.98,179.33,-2.0,0.7,24,25
1.4,1.4,200.71,178.39,-2.0,0.7,25,25
1.1,1.4,200.83,178.83,-2.0,0.7,26,25
0.8,1.4,200.67,179.02,-2.0,0.7,27,25
0.5,1.4,201.04,178.47,-2.0,0.7,28,25
0.2,1.4,200.67,179.25,-2.0,0.7,29,25
-0.2,1.4,200.15,178.70,-2.0,0.7,30,25
-0.5,1.4,201.03,178.95,-2.0,0.7,31,25
-0.8,1.4,201.80,178.47,-2.0,0.7,32,25
-1.1,1.4,200.59,178.68,-2.0,0.7,33,25
-1.4,1.4,200.92,179.37,-2.0,0.7,34,25
-1.7,1.4,200.91,178.64,-2.0,0.7,35,25
-2.1,1.4,200.56,178.35,-1.9,0.5,36,25
-2.4,1.4,200.75,178.64,-1.9,0.5,37,25
-2.7,1.4,201.06,178.89,-1.9,0.5,38,25
-3.0,1.4,201.18,179.36,-1.9,0.5,39,25
-3.0,1.1,201.05,179.50,-1.9,0.5,00,26
-2.7,1.1,200.82,179.08,-1.9,0.5,01,26
-2.4,1.1,200.73,179.10,-1.9,0.5,02,26
-2.1,1.1,200.68,178.81,-1.8,0.6,03,26
-1.7,1.1,201.70,178.88,-1.8,0.6,04,26
-1.4,1.1,200.67,179.21,-1.8,0.6,05,26
-1.1,1.1,200.61,179.00,-1.8,0.6,06,26
-0.8,1.1,200.86,178.90,-1.8,0.6,07,26
-0.5,1.1,200.64,178.72,-1.8,0.6,08,26
-0.2,1.1,201.26,179.27,-1.8,0.6,09,26
0.2,1.1,200.72,178.86,-1.8,0.6,10,26
0.5,1.1,201.10,179.69,-1.8,0.6,11,26
0.8,1.1,201.24,179.38,-1.8,0.6,12,26
1.1,1.1,201.79,179.09,-1.8,0.6,13,26
1.4,1.1,200.60,179.15,-1.8,0.4,14,26
1.7,1.1,200.88,178.77,-1.8,0.4,15,26
2.1,1.1,200.69,179.29,-1.8,0.4,16,26
2.4,1.1,200.72,179.22,-1.8,0.4,17,26
2.7,1.1,201.00,178.82,-1.8,0.4,18,26
3.0,1.1,201.17,179.47,-1.8,0.4,19,26
3.0,0.8,201.88,178.28,-1.8,0.4,20,27
2.7,0.8,201.36,179.75,-1.8,0.4,21,27
2.4,0.8,201.57,178.46,-1.8,0.4,22,27
2.1,0.8,201.34,178.88,-1.8,0.4,23,27
1.7,0.8,201.20,178.92,-1.8,0.4,24,27
1.4,0.8,200.55,179.66,-1.8,0.4,25,27
1.1,0.8,200.66,179.30,-1.8,0.4,26,27
0.8,0.8,202.22,178.51,-1.8,0.4,27,27
0.5,0.8,201.13,179.29,-1.8,0.4,28,27
0.2,0.8,200.70,178.84,-1.8,0.5,29,27
-0.2,0.8,201.57,179.01,-1.8,0.5,30,27
-0.5,0.8,200.82,178.51,-1.8,0.5,31,27
-0.8,0.8,200.61,178.80,-1.8,0.5,32,27
-1.1,0.8,200.63,178.69,-1.8,0.5,33,27
-1.4,0.8,200.69,179.43,-1.8,0.5,34,27
-1.7,0.8,201.04,178.68,-1.8,0.5,35,27
-2.1,0.8,200.93,178.50,-1.7,0.3,36,27
-2.4,0.8,201.67,178.17,-1.7,0.3,37,27
-2.7,0.8,201.11,179.09,-1.7,0.3,38,27
-3.0,0.8,201.01,178.66,-1.7,0.3,39,27
-3.0,0.5,200.90,179.69,-1.7,0.3,00,28
-2.7,0.5,201.19,179.30,-1.7,0.3,01,28
-2.4,0.5,201.61,178.79,-1.7,0.3,02,28
-2.1,0.5,201.37,179.14,-1.7,0.3,03,28
-1.7,0.5,200.97,178.84,-1.7,0.3,04,28
-1.4,0.5,200.82,179.27,-1.7,0.3,05,28
-1.1,0.5,202.01,178.54,-1.7,0.3,06,28
-0.8,0.5,201.47,180.59,-1.7,0.3,07,28
-0.5,0.5,200.73,178.96,-1.7,0.3,08,28
-0.2,0.5,200.70,179.09,-1.7,0.3,09,28
0.2,0.5,200.96,178.93,-1.7,0.3,10,28
0.5,0.5,200.81,177.93,-1.7,0.3,11,28
0.8,0.5,201.49,178.86,-1.7,0.3,12,28
1.1,0.5,201.35,178.82,-1.7,0.3,13,28
1.4,0.5,201.38,178.19,-1.7,0.3,14,28
1.7,0.5,200.66,179.03,-1.7,0.3,15,28
2.1,0.5,201.51,179.12,-1.7,0.3,16,28
2.4,0.5,201.46,178.31,-1.7,0.3,17,28
2.7,0.5,200.84,178.44,-1.7,0.3,18,28
3.0,0.5,200.63,179.09,-1.7,0.3,19,28
3.0,0.2,201.40,177.87,-1.6,0.5,20,29
2.7,0.2,201.03,178.96,-1.6,0.5,21,29
2.4,0.2,201.82,179.19,-1.6,0.5,22,29
2.1,0.2,200.99,179.20,-1.6,0.5,23,29
1.7,0.2,201.44,178.63,-1.6,0.5,24,29
1.4,0.2,201.84,179.07,-1.6,0.5,25,29
1.1,0.2,201.55,179.75,-1.6,0.5,26,29
0.8,0.2,201.59,177.95,-1.6,0.5,27,29
0.5,0.2,201.53,178.42,-1.6,0.5,28,29
0.2,0.2,200.78,179.14,-1.6,0.5,29,29
-0.2,0.2,200.69,178.82,-1.6,0.5,30,29
-0.5,0.2,201.32,178.54,-1.6,0.5,31,29
-0.8,0.2,200.65,179.23,-1.6,0.5,32,29
-1.1,0.2,201.39,179.58,-1.6,0.5,33,29
-1.4,0.2,201.56,178.65,-1.6,0.5,34,29
-1.7,0.2,201.34,178.57,-1.6,0.5,35,29
-2.1,0.2,200.80,179.11,-1.6,0.5,36,29
-2.4,0.2,201.17,178.73,-1.6,0.5,37,29
-2.7,0.2,201.55,179.01,-1.6,0.5,38,29
-3.0,0.2,200.76,179.41,-1.6,0.5,39,29
-3.0,-0.2,200.51,177.21,-1.6,0.5,00,30
-2.7,-0.2,201.42,179.42,-1.6,0.5,01,30
-2.4,-0.2,200.73,179.02,-1.6,0.5,02,30
-2.1,-0.2,201.02,179.13,-1.6,0.5,03,30
-1.7,-0.2,201.46,178.84,-1.5,0.5,04,30
-1.4,-0.2,200.61,179.59,-1.5,0.5,05,30
-1.1,-0.2,201.49,178.51,-1.5,0.5,06,30
-0.8,-0.2,201.08,179.08,-1.5,0.5,07,30
-0.5,-0.2,201.27,178.94,-1.5,0.5,08,30
-0.2,-0.2,200.91,179.38,-1.5,0.5,09,30
0.2,-0.2,201.38,178.94,-1.5,0.5,10,30
0.5,-0.2,201.56,179.22,-1.5,0.5,11,30
0.8,-0.2,200.73,178.94,-1.5,0.5,12,30
1.1,-0.2,200.83,178.33,-1.5,0.5,13,30
1.4,-0.2,201.33,179.03,-1.5,0.5,14,30
1.7,-0.2,201.69,178.59,-1.5,0.5,15,30
2.1,-0.2,200.83,179.73,-1.5,0.5,16,30
2.4,-0.2,201.67,177.89,-1.4,0.5,17,30
2.7,-0.2,200.87,179.04,-1.4,0.5,18,30
3.0,-0.2,201.09,179.26,-1.4,0.5,19,30
3.0,-0.5,201.71,178.09,-1.4,0.5,20,31
2.7,-0.5,201.63,178.05,-1.4,0.5,21,31
2.4,-0.5,201.09,178.75,-1.4,0.5,22,31
2.1,-0.5,201.08,178.33,-1.4,0.5,23,31
1.7,-0.5,200.72,179.26,-1.4,0.5,24,31
1.4,-0.5,200.81,179.35,-1.4,0.5,25,31
1.1,-0.5,200.62,178.99,-1.4,0.5,26,31
0.8,-0.5,201.23,179.33,-1.4,0.5,27,31
0.5,-0.5,201.97,178.75,-1.4,0.6,28,31
0.2,-0.5,201.53,179.95,-1.4,0.6,29,31
-0.2,-0.5,200.91,178.98,-1.4,0.6,30,31
-0.5,-0.5,201.98,178.19,-1.4,0.6,31,31
-0.8,-0.5,201.08,178.80,-1.4,0.5,32,31
-1.1,-0.5,200.66,179.17,-1.4,0.5,33,31
-1.4,-0.5,201.15,179.12,-1.4,0.5,34,31
-1.7,-0.5,200.67,179.73,-1.4,0.5,35,31
-2.1,-0.5,200.97,178.70,-1.4,0.5,36,31
-2.4,-0.5,200.97,179.23,-1.4,0.5,37,31
-2.7,-0.5,201.95,178.34,-1.3,0.5,38,31
-3.0,-0.5,201.06,178.25,-1.3,0.5,39,31
-3.0,-0.8,201.73,178.88,-1.3,0.5,00,32
-2.7,-0.8,201.26,177.96,-1.3,0.5,01,32
-2.4,-0.8,201.20,179.13,-1.3,0.5,02,32
-2.1,-0.8,200.83,179.43,-1.3,0.5,03,32
-1.7,-0.8,201.04,178.72,-1.3,0.5,04,32
-1.4,-0.8,202.26,178.59,-1.3,0.5,05,32
-1.1,-0.8,202.01,178.71,-1.3,0.5,06,32
-0.8,-0.8,201.09,179.05,-1.3,0.5,07,32
-0.5,-0.8,201.08,179.57,-1.3,0.5,08,32
-0.2,-0.8,201.40,178.91,-1.3,0.5,09,32
0.2,-0.8,201.04,177.77,-1.3,0.5,10,32
0.5,-0.8,200.73,178.88,-1.3,0.5,11,32
0.8,-0.8,200.72,178.77,-1.3,0.5,12,32
1.1,-0.8,201.18,177.79,-1.3,0.5,13,32
1.4,-0.8,200.60,179.20,-1.3,0.5,14,32
1.7,-0.8,200.82,179.20,-1.3,0.5,15,32
2.1,-0.8,200.81,178.83,-1.3,0.5,16,32
2.4,-0.8,200.89,179.33,-1.3,0.5,17,32
2.7,-0.8,201.08,179.20,-1.3,0.5,18,32
3.0,-0.8,200.90,178.66,-1.3,0.5,19,32
3.0,-1.1,201.26,178.60,-1.3,0.5,20,33
2.7,-1.1,200.80,178.54,-1.3,0.5,21,33
2.4,-1.1,201.06,178.69,-1.3,0.5,22,33
2.1,-1.1,201.04,178.59,-1.3,0.5,23,33
1.7,-1.1,201.24,178.85,-1.3,0.5,24,33
1.4,-1.1,201.29,178.96,-1.3,0.5,25,33
1.1,-1.1,201.34,178.91,-1.2,0.5,26,33
0.8,-1.1,200.85,179.55,-1.2,0.4,27,33
0.5,-1.1,200.64,179.04,-1.2,0.4,28,33
0.2,-1.1,200.91,179.21,-1.2,0.4,29,33
-0.2,-1.1,200.93,179.00,-1.2,0.5,30,33
-0.5,-1.1,200.96,180.09,-1.2,0.5,31,33
-0.8,-1.1,201.76,178.80,-1.2,0.5,32,33
-1.1,-1.1,200.81,179.86,-1.2,0.5,33,33
-1.4,-1.1,201.32,179.41,-1.2,0.5,34,33
-1.7,-1.1,201.55,178.82,-1.2,0.5,35,33
-2.1,-1.1,200.54,178.52,-1.2,0.5,36,33
-2.4,-1.1,200.60,178.56,-1.2,0.5,37,33
-2.7,-1.1,201.04,178.02,-1.2,0.5,38,33
-3.0,-1.1,201.16,178.77,-1.2,0.5,39,33
-3.0,-1.4,201.13,179.11,-1.1,0.5,00,34
-2.7,-1.4,200.52,179.18,-1.1,0.5,01,34
-2.4,-1.4,200.85,178.07,-1.1,0.5,02,34
-2.1,-1.4,200.97,178.67,-1.1,0.5,03,34
-1.7,-1.4,200.93,179.00,-1.1,0.5,04,34
-1.4,-1.4,201.47,178.33,-1.1,0.5,05,34
-1.1,-1.4,200.90,179.01,-1.1,0.5,06,34
-0.8,-1.4,201.23,178.62,-1.1,0.5,07,34
-0.5,-1.4,201.10,179.11,-1.1,0.5,08,34
-0.2,-1.4,200.74,178.52,-1.1,0.5,09,34
0.2,-1.4,200.66,179.22,-1.1,0.6,10,34
0.5,-1.4,201.47,178.84,-1.1,0.6,11,34
0.8,-1.4,200.81,178.74,-1.1,0.6,12,34
1.1,-1.4,200.98,178.85,-1.1,0.6,13,34
1.4,-1.4,201.04,179.06,-1.1,0.6,14,34
1.7,-1.4,201.25,177.92,-1.1,0.6,15,34
2.1,-1.4,200.77,179.51,-1.1,0.6,16,34
2.4,-1.4,201.27,179.29,-1.1,0.6,17,34
2.7,-1.4,201.88,177.99,-1.1,0.6,18,34
3.0,-1.4,200.83,178.84,-1.1,0.6,19,34
3.0,-1.7,201.36,179.21,-1.1,0.6,20,35
2.7,-1.7,201.31,179.17,-1.1,0.6,21,35
2.4,-1.7,201.18,178.35,-1.1,0.6,22,35
2.1,-1.7,200.97,178.76,-1.1,0.6,23,35
1.7,-1.7,201.50,179.11,-1.1,0.6,24,35
1.4,-1.7,201.05,179.51,-1.1,0.6,25,35
1.1,-1.7,201.23,179.05,-1.1,0.6,26,35
0.8,-1.7,201.49,178.96,-1.1,0.6,27,35
0.5,-1.7,202.06,178.75,-1.0,0.6,28,35
0.2,-1.7,201.25,178.91,-1.0,0.6,29,35
-0.2,-1.7,200.53,178.42,-1.0,0.6,30,35
-0.5,-1.7,201.04,179.11,-1.0,0.5,31,35
-0.8,-1.7,200.85,179.09,-1.0,0.7,32,35
-1.1,-1.7,200.87,179.47,-1.0,0.7,33,35
-1.4,-1.7,200.68,178.95,-1.0,0.7,34,35
-1.7,-1.7,201.24,178.41,-1.0,0.6,35,35
-2.1,-1.7,201.32,178.51,-1.0,0.6,36,35
-2.4,-1.7,201.13,179.36,-1.0,0.6,37,35
-2.7,-1.7,201.13,178.90,-1.0,0.6,38,35
-3.0,-1.7,200.99,179.30,-1.0,0.6,39,35
-3.0,-2.1,201.96,179.65,-0.9,0.5,00,36
-2.7,-2.1,200.82,179.19,-0.9,0.5,01,36
-2.4,-2.1,201.17,178.14,-0.9,0.5,02,36
-2.1,-2.1,201.39,179.09,-0.9,0.5,03,36
-1.7,-2.1,201.38,179.09,-0.9,0.5,04,36
-1.4,-2.1,200.87,179.03,-0.9,0.5,05,36
-1.1,-2.1,200.91,178.81,-0.9,0.5,06,36
-0.8,-2.1,200.88,178.48,-0.9,0.5,07,36
-0.5,-2.1,201.10,179.14,-0.9,0.4,08,36
-0.2,-2.1,201.07,179.11,-0.9,0.5,09,36
0.2,-2.1,200.86,177.99,-0.9,0.5,10,36
0.5,-2.1,202.17,179.31,-0.9,0.5,11,36
0.8,-2.1,201.01,179.76,-0.9,0.5,12,36
1.1,-2.1,200.76,178.68,-0.9,0.5,13,36
1.4,-2.1,201.27,179.40,-0.9,0.5,14,36
1.7,-2.1,201.25,179.00,-0.9,0.5,15,36
2.1,-2.1,201.18,179.09,-0.9,0.5,16,36
2.4,-2.1,201.42,179.76,-0.9,0.5,17,36
2.7,-2.1,201.24,179.27,-0.9,0.5,18,36
3.0,-2.1,200.82,179.17,-0.9,0.5,19,36
3.0,-2.4,202.09,178.43,-0.9,0.5,20,37
2.7,-2.4,200.55,178.96,-0.9,0.5,21,37
2.4,-2.4,201.71,179.12,-0.9,0.5,22,37
2.1,-2.4,201.42,178.36,-0.9,0.5,23,37
1.7,-2.4,201.43,179.74,-0.9,0.6,24,37
1.4,-2.4,200.62,178.60,-0.9,0.6,25,37
1.1,-2.4,200.84,178.28,-0.9,0.6,26,37
0.8,-2.4,201.09,178.38,-0.9,0.5,27,37
0.5,-2.4,201.16,179.35,-0.9,0.5,28,37
0.2,-2.4,200.92,178.96,-0.9,0.6,29,37
-0.2,-2.4,201.18,178.24,-0.9,0.5,30,37
-0.5,-2.4,201.10,178.76,-0.9,0.5,31,37
-0.8,-2.4,202.16,178.98,-0.9,0.5,32,37
-1.1,-2.4,200.65,179.33,-0.9,0.5,33,37
-1.4,-2.4,201.05,179.01,-0.9,0.5,34,37
-1.7,-2.4,200.84,178.99,-0.9,0.5,35,37
-2.1,-2.4,201.19,178.97,-0.9,0.5,36,37
-2.4,-2.4,202.03,178.62,-0.9,0.5,37,37
-2.7,-2.4,201.59,179.26,-0.9,0.5,38,37
-3.0,-2.4,201.84,178.06,-0.9,0.5,39,37
-3.0,-2.7,200.92,178.01,-0.9,0.5,00,38
-2.7,-2.7,201.37,178.29,-0.9,0.5,01,38
-2.4,-2.7,200.68,178.65,-0.9,0.5,02,38
-2.1,-2.7,201.33,178.63,-0.9,0.5,03,38
-1.7,-2.7,201.52,179.11,-0.9,0.5,04,38
-1.4,-2.7,201.15,179.08,-0.9,0.5,05,38
-1.1,-2.7,201.03,179.07,-0.9,0.5,06,38
-0.8,-2.7,201.45,178.39,-0.9,0.5,07,38
-0.5,-2.7,201.08,178.80,-0.9,0.5,08,38
-0.2,-2.7,201.34,177.73,-0.9,0.5,09,38
0.2,-2.7,200.75,178.89,-0.9,0.5,10,38
0.5,-2.7,201.64,178.57,-0.9,0.5,11,38
0.8,-2.7,200.87,178.82,-0.9,0.5,12,38
1.1,-2.7,200.79,179.29,-0.9,0.5,13,38
1.4,-2.7,201.73,178.66,-0.9,0.5,14,38
1.7,-2.7,201.35,178.26,-0.9,0.5,15,38
2.1,-2.7,200.56,179.11,-0.9,0.5,16,38
2.4,-2.7,201.88,178.60,-0.9,0.5,17,38
2.7,-2.7,200.74,178.40,-0.9,0.5,18,38
3.0,-2.7,201.35,178.53,-0.9,0.5,19,38
3.0,-3.0,200.97,179.82,-0.9,0.5,20,39
2.7,-3.0,200.75,178.31,-0.9,0.5,21,39
2.4,-3.0,200.47,179.08,-0.9,0.5,22,39
2.1,-3.0,201.34,178.10,-0.9,0.5,23,39
1.7,-3.0,200.97,178.30,-0.9,0.5,24,39
1.4,-3.0,200.96,178.22,-0.9,0.5,25,39
1.1,-3.0,200.72,178.72,-0.9,0.5,26,39
0.8,-3.0,201.33,179.26,-0.9,0.5,27,39
0.5,-3.0,200.62,179.72,-0.9,0.5,28,39
0.2,-3.0,200.79,178.75,-0.9,0.5,29,39
-0.2,-3.0,201.16,179.03,-0.9,0.5,30,39
-0.5,-3.0,200.91,178.73,-0.9,0.5,31,39
-0.8,-3.0,200.82,178.61,-0.9,0.5,32,39
-1.1,-3.0,201.24,179.04,-0.9,0.5,33,39
-1.4,-3.0,201.05,179.45,-0.9,0.5,34,39
-1.7,-3.0,201.74,179.55,-0.9,0.5,35,39
-2.1,-3.0,200.73,178.94,-0.9,0.5,36,39
-2.4,-3.0,200.74,179.11,-0.9,0.5,37,39
-2.7,-3.0,200.82,179.53,-0.9,0.5,38,39
-3.0,-3.0,200.94,178.57,-0.9,0.5,39,39
-3.0,-3.0,201.01,178.36,-0.9,0.5,00,00
-2.7,-3.0,201.59,178.73,-0.8,0.7,01,00
-2.4,-3.0,201.10,178.83,-0.8,0.7,02,00
-2.1,-3.0,201.00,178.49,-0.8,0.7,03,00
-1.7,-3.0,201.52,178.80,-0.8,0.7,04,00
-1.4,-3.0,202.18,179.06,-0.8,0.7,05,00
-1.1,-3.0,201.16,179.17,-0.8,0.7,06,00
-0.8,-3.0,201.25,179.42,-0.8,0.7,07,00
-0.5,-3.0,200.58,178.85,-0.8,0.7,08,00
-0.2,-3.0,200.54,178.97,-0.8,0.7,09,00
0.2,-3.0,201.18,179.25,-0.8,0.7,10,00
0.5,-3.0,201.78,178.85,-0.8,0.7,11,00
0.8,-3.0,201.17,179.07,-0.8,0.7,12,00
1.1,-3.0,201.31,178.01,-0.8,0.7,13,00
1.4,-3.0,201.92,178.51,-0.8,0.7,14,00
1.7,-3.0,201.52,178.42,-0.8,0.7,15,00
2.1,-3.0,200.81,179.77,-0.8,0.7,16,00
2.4,-3.0,201.25,179.15,-0.8,0.7,17,00
2.7,-3.0,201.03,177.97,-0.8,0.7,18,00
3.0,-3.0,201.72,178.12,-0.7,0.6,19,00
3.0,-2.7,201.61,178.04,-0.7,0.6,20,01
2.7,-2.7,200.78,179.28,-0.7,0.6,21,01
2.4,-2.7,202.18,178.35,-0.7,0.6,22,01
2.1,-2.7,200.65,178.83,-0.7,0.6,23,01
1.7,-2.7,201.21,179.17,-0.7,0.6,24,01
1.4,-2.7,200.72,179.51,-0.7,0.6,25,01
1.1,-2.7,201.13,178.99,-0.7,0.7,26,01
0.8,-2.7,200.88,179.24,-0.7,0.7,27,01
0.5,-2.7,201.20,179.31,-0.7,0.7,28,01
0.2,-2.7,201.63,179.07,-0.7,0.7,29,01
-0.2,-2.7,200.98,179.59,-0.7,0.7,30,01
-0.5,-2.7,200.98,178.84,-0.7,0.7,31,01
-0.8,-2.7,201.04,179.44,-0.7,0.7,32,01
-1.1,-2.7,201.18,178.52,-0.7,0.7,33,01
-1.4,-2.7,201.93,179.71,-0.7,0.7,34,01
-1.7,-2.7,200.94,179.15,-0.7,0.7,35,01
-2.1,-2.7,200.89,179.13,-0.7,0.7,36,01
-2.4,-2.7,201.27,178.41,-0.7,0.7,37,01
-2.7,-2.7,200.87,179.42,-0.7,0.7,38,01
-3.0,-2.7,200.73,179.12,-0.7,0.7,39,01
-3.0,-2.4,201.46,179.37,-0.7,0.7,00,02
-2.7,-2.4,200.79,179.44,-0.7,0.7,01,02
-2.4,-2.4,201.55,178.56,-0.7,0.7,02,02
-2.1,-2.4,201.16,179.35,-0.7,0.7,03,02
-1.7,-2.4,201.49,178.73,-0.7,0.7,04,02
-1.4,-2.4,200.91,179.04,-0.7,0.7,05,02
-1.1,-2.4,200.84,178.61,-0.7,0.7,06,02
-0.8,-2.4,200.84,178.93,-0.7,0.7,07,02
-0.5,-2.4,200.80,179.03,-0.7,0.7,08,02
-0.2,-2.4,200.94,179.09,-0.7,0.7,09,02
0.2,-2.4,200.87,179.04,-0.7,0.7,10,02
0.5,-2.4,200.84,179.01,-0.7,0.7,11,02
0.8,-2.4,201.38,178.80,-0.7,0.7,12,02
1.1,-2.4,201.02,178.84,-0.7,0.7,13,02
1.4,-2.4,200.61,179.02,-0.7,0.7,14,02
1.7,-2.4,200.82,179.67,-0.7,0.7,15,02
2.1,-2.4,200.46,178.76,-0.7,0.7,16,02
2.4,-2.4,201.32,178.55,-0.7,0.7,17,02
2.7,-2.4,201.03,179.33,-0.7,0.7,18,02
3.0,-2.4,201.59,178.68,-0.7,0.7,19,02
3.0,-2.1,200.78,178.13,-0.7,0.7,20,03
2.7,-2.1,201.11,179.43,-0.8,0.8,21,03
2.4,-2.1,201.87,178.82,-0.8,0.8,22,03
2.1,-2.1,201.85,178.52,-0.8,0.8,23,03
1.7,-2.1,200.76,178.73,-0.8,0.8,24,03
1.4,-2.1,201.70,178.41,-0.8,0.8,25,03
1.1,-2.1,201.06,179.22,-0.8,0.8,26,03
0.8,-2.1,201.51,178.65,-0.8,0.8,27,03
0.5,-2.1,201.09,179.43,-0.8,0.8,28,03
0.2,-2.1,201.29,179.48,-0.8,0.8,29,03
-0.2,-2.1,201.74,178.92,-0.8,0.8,30,03
-0.5,-2.1,201.19,179.58,-0.8,0.8,31,03
-0.8,-2.1,200.99,178.61,-0.8,0.8,32,03
-1.1,-2.1,201.20,179.14,-0.8,0.8,33,03
-1.4,-2.1,200.72,178.01,-0.8,0.8,34,03
-1.7,-2.1,162.49,179.24,-0.8,0.8,35,03
-2.1,-2.1,201.70,180.12,-0.8,0.8,36,03
-2.4,-2.1,201.18,179.26,-0.8,0.8,37,03
-2.7,-2.1,200.81,179.19,-0.8,0.8,38,03
-3.0,-2.1,200.20,180.84,-0.8,0.7,39,03
-3.0,-1.7,201.62,178.48,-0.8,0.7,00,04
-2.7,-1.7,201.52,179.09,-0.8,0.7,01,04
-2.4,-1.7,200.85,178.55,-0.8,0.7,02,04
-2.1,-1.7,200.77,179.22,-0.8,0.7,03,04
-1.7,-1.7,201.44,179.00,-0.8,0.7,04,04
-1.4,-1.7,202.08,178.20,-0.8,0.7,05,04
-1.1,-1.7,201.43,178.70,-0.8,0.7,06,04
-0.8,-1.7,201.12,178.36,-0.8,0.7,07,04
-0.5,-1.7,201.46,179.42,-0.8,0.7,08,04
-0.2,-1.7,201.33,179.82,-0.8,0.7,09,04
0.2,-1.7,201.38,178.09,-0.8,0.7,10,04
0.5,-1.7,200.69,178.58,-0.8,0.7,11,04
0.8,-1.7,201.33,178.71,-0.8,0.7,12,04
1.1,-1.7,201.14,179.06,-0.8,0.7,13,04
1.4,-1.7,201.22,178.94,-0.8,0.7,14,04
1.7,-1.7,201.09,179.01,-0.8,0.7,15,04
2.1,-1.7,201.26,178.89,-0.8,0.7,16,04
2.7,-1.7,201.01,178.19,-0.8,0.7,18,04
3.0,-1.7,200.73,179.25,-0.8,0.7,19,04
3.0,-1.4,200.97,179.41,-0.8,0.7,20,05
2.7,-1.4,201.21,179.11,-0.8,0.7,21,05
2.4,-1.4,200.85,178.93,-0.8,0.7,22,05
2.1,-1.4,200.64,178.76,-0.9,0.8,23,05
1.7,-1.4,200.97,179.24,-0.9,0.8,24,05
1.4,-1.4,201.32,179.15,-0.9,0.8,25,05
1.1,-1.4,201.02,178.78,-0.9,0.8,26,05
0.8,-1.4,201.42,178.26,-0.9,0.8,27,05
0.5,-1.4,201.30,179.64,-0.9,0.8,28,05
0.2,-1.4,201.11,179.10,-0.9,0.8,29,05
-0.2,-1.4,200.80,179.39,-0.9,0.8,30,05
-0.5,-1.4,201.88,177.79,-0.9,0.8,31,05
-0.8,-1.4,200.89,179.45,-0.9,0.8,32,05
-1.1,-1.4,201.08,178.89,-0.9,0.8,33,05
-1.4,-1.4,200.81,179.25,-0.9,0.8,34,05
-1.7,-1.4,200.68,178.87,-0.9,0.8,35,05
-2.1,-1.4,200.68,179.43,-0.9,0.8,36,05
-2.4,-1.4,200.90,179.26,-0.9,0.8,37,05
-2.7,-1.4,201.47,179.49,-0.9,0.8,38,05
-3.0,-1.4,200.84,179.57,-0.9,0.8,39,05
-3.0,-1.1,200.85,178.42,-0.9,0.8,00,06
-2.7,-1.1,200.54,178.75,-0.9,0.8,01,06
-2.4,-1.1,200.90,179.16,-0.9,0.8,02,06
-2.1,-1.1,200.83,178.75,-1.0,0.8,03,06
-1.7,-1.1,201.04,179.29,-1.0,0.8,04,06
-1.4,-1.1,201.83,179.42,-1.0,0.8,05,06
-1.1,-1.1,200.74,179.10,-1.0,0.8,06,06
-0.8,-1.1,200.85,178.29,-1.0,0.8,07,06
-0.5,-1.1,200.72,178.73,-1.0,0.8,08,06
-0.2,-1.1,200.96,179.22,-1.0,0.8,09,06
0.2,-1.1,200.83,178.86,-1.0,0.8,10,06
0.5,-1.1,201.44,178.52,-1.0,0.8,11,06
0.8,-1.1,200.66,179.21,-1.0,0.8,12,06
1.1,-1.1,200.74,178.84,-1.0,0.8,13,06
1.4,-1.1,201.00,178.92,-1.0,0.8,14,06
1.7,-1.1,201.56,179.36,-1.0,0.8,15,06
2.1,-1.1,201.07,178.49,-1.0,0.8,16,06
2.4,-1.1,200.85,178.80,-1.0,0.8,17,06
2.7,-1.1,200.95,178.31,-1.0,0.8,18,06
3.0,-1.1,200.42,179.08,-1.0,0.8,19,06
3.0,-0.8,201.42,178.22,-1.0,0.8,20,07
2.7,-0.8,201.23,178.96,-1.0,0.8,21,07
2.4,-0.8,200.91,179.25,-1.0,0.8,22,07
2.1,-0.8,201.21,179.32,-1.0,0.8,23,07
1.7,-0.8,200.95,178.95,-1.0,0.8,24,07
1.4,-0.8,200.99,179.23,-1.0,0.8,25,07
1.1,-0.8,201.33,178.12,-1.0,0.8,26,07
0.8,-0.8,200.81,179.07,-1.0,0.8,27,07
0.5,-0.8,200.66,178.88,-1.0,0.8,28,07
0.2,-0.8,201.43,179.96,-1.0,0.8,29,07
-0.2,-0.8,200.78,179.57,-1.0,0.8,30,07
-0.5,-0.8,201.29,178.67,-1.0,0.8,31,07
-0.8,-0.8,201.27,178.85,-1.0,0.8,32,07
-1.1,-0.8,200.79,178.96,-1.0,0.8,33,07
-1.4,-0.8,201.11,178.74,-1.0,0.8,34,07
-1.7,-0.8,201.06,178.48,-1.0,0.8,35,07
-2.1,-0.8,201.00,179.62,-1.0,0.8,36,07
-2.4,-0.8,200.74,179.79,-1.0,0.8,37,07
-2.7,-0.8,201.05,178.56,-1.0,0.8,38,07
-3.0,-0.8,200.61,179.06,-1.0,0.8,39,07
-3.0,-0.5,201.77,178.74,-1.0,0.8,00,08
-2.7,-0.5,200.69,178.67,-1.0,0.8,01,08
-2.4,-0.5,201.32,178.85,-1.0,0.8,02,08
-2.1,-0.5,201.36,179.50,-1.0,0.8,03,08
-1.7,-0.5,201.07,179.22,-1.0,0.8,04,08
-1.4,-0.5,200.96,178.60,-1.0,0.8,05,08
-1.1,-0.5,201.33,179.49,-1.0,0.8,06,08
-0.8,-0.5,200.99,179.10,-1.0,0.8,07,08
-0.5,-0.5,200.78,179.31,-1.0,0.8,08,08
-0.2,-0.5,201.16,178.88,-1.0,0.8,09,08
0.2,-0.5,201.17,178.05,-1.0,0.8,10,08
0.5,-0.5,201.15,178.94,-1.0,0.8,11,08
0.8,-0.5,200.91,179.70,-1.0,0.8,12,08
1.1,-0.5,201.02,178.15,-1.0,0.8,13,08
1.4,-0.5,201.05,179.05,-1.0,0.8,14,08
1.7,-0.5,200.86,179.17,-1.0,0.8,15,08
2.1,-0.5,200.66,179.41,-1.0,0.8,16,08
2.4,-0.5,200.73,179.01,-1.0,0.8,17,08
2.7,-0.5,201.51,178.38,-1.0,0.8,18,08
3.0,-0.5,200.33,178.54,-1.0,0.8,19,08
3.0,-0.2,201.68,179.19,-1.0,0.8,20,09
2.7,-0.2,201.25,179.47,-1.0,0.8,21,09
2.4,-0.2,200.78,179.48,-1.0,0.8,22,09
2.1,-0.2,201.10,178.87,-1.0,0.8,23,09
1.7,-0.2,200.71,179.46,-1.0,0.8,24,09
1.4,-0.2,201.13,179.28,-1.0,0.8,25,09
1.1,-0.2,201.27,179.68,-1.0,0.8,26,09
0.8,-0.2,201.12,179.11,-1.0,0.8,27,09
0.5,-0.2,201.22,179.56,-1.0,0.8,28,09
0.2,-0.2,201.77,178.81,-1.2,0.7,29,09
-0.2,-0.2,200.60,179.20,-1.2,0.7,30,09
-0.5,-0.2,201.05,179.21,-1.2,0.7,31,09
-0.8,-0.2,201.25,178.06,-1.2,0.7,32,09
-1.1,-0.2,201.17,178.84,-1.2,0.7,33,09
-1.4,-0.2,201.74,178.01,-1.2,0.7,34,09
-1.7,-0.2,202.01,179.59,-1.2,0.7,35,09
-2.1,-0.2,201.14,179.43,-1.2,0.7,36,09
-2.4,-0.2,201.58,178.95,-1.3,0.7,37,09
-2.7,-0.2,202.50,178.35,-1.3,0.7,38,09
-3.0,-0.2,201.90,177.82,-1.3,0.7,39,09
-3.0,0.2,200.95,178.77,-1.3,0.7,00,10
-2.7,0.2,200.91,178.35,-1.3,0.7,01,10
-2.4,0.2,201.46,178.23,-1.3,0.7,02,10
-2.1,0.2,201.74,178.06,-1.3,0.7,03,10
-1.7,0.2,201.33,179.08,-1.3,0.7,04,10
-1.4,0.2,200.94,178.96,-1.3,0.7,05,10
-1.1,0.2,201.64,178.52,-1.3,0.7,06,10
-0.8,0.2,201.14,179.00,-1.3,0.7,07,10
-0.5,0.2,201.13,178.49,-1.3,0.7,08,10
-0.2,0.2,200.62,178.27,-1.3,0.7,09,10
0.2,0.2,200.88,178.66,-1.3,0.7,10,10
0.5,0.2,200.69,178.71,-1.3,0.7,11,10
0.8,0.2,201.52,178.87,-1.3,0.7,12,10
1.1,0.2,200.83,178.58,-1.3,0.7,13,10
1.4,0.2,200.60,179.47,-1.3,0.6,14,10
1.7,0.2,200.45,178.41,-1.3,0.6,15,10
2.1,0.2,201.14,179.10,-1.4,0.7,16,10
2.4,0.2,200.71,179.40,-1.4,0.6,17,10
2.7,0.2,200.90,178.94,-1.4,0.6,18,10
3.0,0.2,201.48,179.11,-1.4,0.6,19,10
3.0,0.5,201.46,178.74,-1.4,0.6,20,11
2.7,0.5,201.35,178.47,-1.4,0.6,21,11
2.4,0.5,201.11,179.04,-1.4,0.6,22,11
2.1,0.5,201.38,178.78,-1.4,0.6,23,11
1.7,0.5,200.84,178.08,-1.4,0.6,24,11
1.4,0.5,200.79,179.04,-1.4,0.6,25,11
1.1,0.5,200.86,179.13,-1.4,0.6,26,11
0.8,0.5,200.62,179.89,-1.4,0.6,27,11
0.5,0.5,200.71,178.99,-1.4,0.6,28,11
0.2,0.5,200.84,179.10,-1.4,0.6,29,11
-0.2,0.5,200.83,179.03,-1.4,0.6,30,11
-0.5,0.5,200.67,178.77,-1.4,0.6,31,11
-0.8,0.5,200.58,179.27,-1.4,0.6,32,11
-1.1,0.5,200.78,178.61,-1.4,0.6,33,11
-1.4,0.5,201.07,178.57,-1.4,0.6,34,11
-1.7,0.5,200.84,179.03,-1.4,0.6,35,11
-2.1,0.5,200.60,179.16,-1.4,0.6,36,11
-2.4,0.5,170.81,151.40,-1.4,0.6,37,11
-2.7,0.5,200.78,179.40,-1.4,0.6,38,11
-3.0,0.5,200.65,179.35,-1.4,0.6,39,11
-3.0,0.8,201.36,178.93,-1.4,0.6,00,12
-2.7,0.8,201.17,178.35,-1.4,0.6,01,12
-2.4,0.8,201.49,178.53,-1.4,0.6,02,12
-2.1,0.8,201.54,178.40,-1.4,0.6,03,12
-1.7,0.8,200.67,179.41,-1.4,0.6,04,12
-1.4,0.8,201.10,178.26,-1.4,0.6,05,12
-1.1,0.8,201.98,178.42,-1.4,0.6,06,12
-0.8,0.8,201.67,178.22,-1.4,0.6,07,12
-0.5,0.8,201.09,178.86,-1.4,0.6,08,12
-0.2,0.8,201.21,179.12,-1.4,0.6,09,12
0.2,0.8,201.51,178.68,-1.4,0.6,10,12
0.5,0.8,201.05,177.85,-1.5,0.8,11,12
0.8,0.8,201.29,177.86,-1.5,0.8,12,12
1.1,0.8,201.09,178.92,-1.5,0.8,13,12
1.4,0.8,200.89,179.10,-1.5,0.8,14,12
1.7,0.8,200.53,179.48,-1.5,0.8,15,12
2.1,0.8,201.14,178.79,-1.5,0.8,16,12
2.4,0.8,201.34,178.83,-1.5,0.8,17,12
2.7,0.8,201.22,178.79,-1.5,0.8,18,12
3.0,0.8,201.38,178.95,-1.6,0.7,19,12
3.0,1.1,201.06,178.78,-1.6,0.7,20,13
2.7,1.1,201.32,177.78,-1.6,0.7,21,13
2.4,1.1,200.70,179.13,-1.6,0.7,22,13
2.1,1.1,201.15,178.63,-1.6,0.7,23,13
1.7,1.1,201.33,178.99,-1.6,0.7,24,13
1.4,1.1,201.08,178.59,-1.6,0.7,25,13
1.1,1.1,201.55,178.92,-1.6,0.7,26,13
0.8,1.1,200.84,178.80,-1.6,0.7,27,13
0.5,1.1,201.30,179.02,-1.6,0.7,28,13
0.2,1.1,201.71,178.07,-1.6,0.7,29,13
-0.2,1.1,200.36,178.46,-1.6,0.7,30,13
-0.5,1.1,201.68,177.81,-1.6,0.7,31,13
-0.8,1.1,201.31,179.63,-1.6,0.7,32,13
-1.1,1.1,200.81,179.07,-1.6,0.7,33,13
-1.4,1.1,201.03,178.46,-1.6,0.7,34,13
-1.7,1.1,201.03,178.69,-1.6,0.7,35,13
-2.1,1.1,200.87,178.36,-1.6,0.7,36,13
-2.4,1.1,201.15,179.56,-1.6,0.7,37,13
-2.7,1.1,201.37,179.30,-1.6,0.7,38,13
-3.0,1.1,201.06,178.32,-1.6,0.7,39,13
-3.0,1.4,200.80,178.65,-1.6,0.7,00,14
-2.7,1.4,201.05,178.90,-1.6,0.7,01,14
-2.4,1.4,200.60,179.36,-1.6,0.7,02,14
-2.1,1.4,201.93,179.04,-1.6,0.7,03,14
-1.7,1.4,200.89,179.04,-1.6,0.7,04,14
-1.4,1.4,200.87,178.70,-1.6,0.7,05,14
-1.1,1.4,200.85,178.21,-1.6,0.7,06,14
-0.8,1.4,201.03,179.67,-1.6,0.7,07,14
-0.5,1.4,200.74,179.15,-1.6,0.7,08,14
-0.2,1.4,200.75,178.30,-1.6,0.7,09,14
0.2,1.4,201.24,178.45,-1.6,0.7,10,14
0.5,1.4,200.81,178.45,-1.6,0.7,11,14
0.8,1.4,200.85,179.39,-1.6,0.7,12,14
1.1,1.4,201.93,178.66,-1.6,0.7,13,14
1.4,1.4,201.27,178.87,-1.6,0.7,14,14
1.7,1.4,200.97,178.70,-1.6,0.7,15,14
2.1,1.4,201.06,179.52,-1.6,0.7,16,14
2.4,1.4,201.29,178.76,-1.6,0.7,17,14
2.7,1.4,201.48,178.70,-1.6,0.7,18,14
3.0,1.4,200.68,178.35,-1.6,0.7,19,14
3.0,1.7,201.41,178.56,-1.6,0.7,20,15
2.7,1.7,200.70,178.86,-1.6,0.7,21,15
2.4,1.7,201.32,178.58,-1.6,0.7,22,15
2.1,1.7,200.74,179.43,-1.6,0.7,23,15
1.7,1.7,200.65,179.15,-1.6,0.7,24,15
1.4,1.7,200.83,179.18,-1.6,0.7,25,15
1.1,1.7,201.48,178.79,-1.6,0.7,26,15
0.8,1.7,201.69,178.40,-1.6,0.7,27,15
0.5,1.7,200.92,179.13,-1.6,0.7,28,15
0.2,1.7,200.82,179.07,-1.6,0.7,29,15
-0.2,1.7,200.53,178.37,-1.6,0.7,30,15
-0.5,1.7,200.89,179.14,-1.6,0.7,31,15
-0.8,1.7,201.23,178.55,-1.6,0.7,32,15
-1.1,1.7,202.31,178.55,-1.6,0.7,33,15
-1.4,1.7,201.29,178.51,-1.6,0.7,34,15
-1.7,1.7,200.92,178.62,-1.6,0.7,35,15
-2.1,1.7,200.66,179.02,-1.6,0.7,36,15
-2.4,1.7,201.20,178.32,-1.6,0.7,37,15
-2.7,1.7,201.47,178.95,-1.8,0.7,38,15
-3.0,1.7,201.38,179.04,-1.8,0.7,39,15
-3.0,2.1,201.55,178.77,-1.8,0.7,00,16
-2.7,2.1,200.59,179.23,-1.8,0.7,01,16
-2.4,2.1,201.11,179.12,-1.8,0.7,02,16
-2.1,2.1,200.80,179.39,-1.8,0.7,03,16
-1.7,2.1,200.84,178.51,-1.8,0.7,04,16
-1.4,2.1,200.93,179.32,-1.8,0.7,05,16
-1.1,2.1,201.18,179.00,-1.8,0.7,06,16
-0.8,2.1,200.99,178.45,-1.8,0.7,07,16
-0.5,2.1,201.10,179.54,-1.8,0.7,08,16
-0.2,2.1,201.18,179.10,-1.8,0.7,09,16
0.2,2.1,200.83,179.42,-1.8,0.7,10,16
0.5,2.1,200.73,178.13,-1.8,0.7,11,16
0.8,2.1,201.15,178.57,-1.8,0.7,12,16
1.1,2.1,201.08,178.44,-1.8,0.7,13,16
1.4,2.1,200.84,178.50,-1.8,0.7,14,16
1.7,2.1,200.90,178.72,-1.8,0.7,15,16
2.1,2.1,200.79,179.08,-1.8,0.7,16,16
2.4,2.1,201.47,178.30,-1.8,0.7,17,16
2.7,2.1,200.57,179.12,-1.8,0.7,18,16
3.0,2.1,201.05,178.76,-1.8,0.7,19,16
3.0,2.4,200.59,179.25,-1.8,0.7,20,17
2.7,2.4,201.51,177.82,-1.8,0.7,21,17
2.4,2.4,200.86,179.35,-1.8,0.7,22,17
2.1,2.4,201.74,179.46,-1.8,0.7,23,17
1.7,2.4,201.63,178.40,-1.8,0.7,24,17
1.4,2.4,201.22,178.06,-1.8,0.7,25,17
1.1,2.4,200.83,179.47,-1.8,0.7,26,17
0.8,2.4,200.88,179.47,-1.8,0.7,27,17
0.5,2.4,201.61,177.59,-1.8,0.7,28,17
0.2,2.4,201.61,178.44,-1.8,0.7,29,17
-0.2,2.4,200.74,177.94,-1.8,0.7,30,17
-0.5,2.4,201.01,179.11,-1.8,0.7,31,17
-0.8,2.4,200.62,179.13,-1.8,0.7,32,17
-1.1,2.4,202.05,179.76,-1.8,0.7,33,17
-1.4,2.4,200.77,179.25,-1.8,0.7,34,17
-1.7,2.4,200.66,178.27,-1.8,0.7,35,17
-2.1,2.4,200.77,178.93,-1.9,0.7,36,17
-2.4,2.4,201.04,178.92,-1.9,0.7,37,17
-2.7,2.4,201.08,179.32,-1.9,0.7,38,17
-3.0,2.4,201.21,179.39,-2.0,0.7,39,17
-3.0,2.7,201.77,178.94,-2.0,0.7,00,18
-2.7,2.7,200.85,179.38,-2.0,0.7,01,18
-2.4,2.7,200.80,179.21,-2.0,0.7,02,18
-2.1,2.7,201.16,178.48,-2.0,0.7,03,18
-1.7,2.7,201.35,179.20,-2.0,0.7,04,18
-1.4,2.7,200.83,178.40,-2.0,0.7,05,18
-1.1,2.7,201.13,179.19,-2.0,0.7,06,18
-0.8,2.7,201.58,178.71,-2.0,0.7,07,18
-0.5,2.7,201.98,179.15,-2.0,0.7,08,18
-0.2,2.7,201.45,178.35,-2.0,0.7,09,18
0.2,2.7,201.18,178.79,-2.0,0.7,10,18
0.5,2.7,201.39,178.51,-2.0,0.7,11,18
0.8,2.7,200.71,179.05,-2.0,0.7,12,18
1.1,2.7,200.97,178.82,-2.0,0.7,13,18
1.4,2.7,200.76,179.25,-2.0,0.7,14,18
1.7,2.7,200.25,178.72,-2.0,0.7,15,18
2.1,2.7,200.76,179.14,-2.0,0.7,16,18
2.4,2.7,200.63,179.22,-2.0,0.7,17,18
2.7,2.7,245.39,217.96,-2.0,0.7,18,18
3.0,2.7,200.35,179.11,-2.0,0.7,19,18
3.0,3.0,201.33,179.34,-2.0,0.7,20,19
2.7,3.0,200.96,179.15,-2.0,0.7,21,19
2.4,3.0,201.50,178.31,-2.0,0.7,22,19
2.1,3.0,201.71,178.73,-2.0,0.7,23,19
1.7,3.0,201.48,177.97,-2.0,0.7,24,19
1.4,3.0,201.50,178.48,-2.0,0.7,25,19
1.1,3.0,201.25,177.83,-2.0,0.7,26,19
0.8,3.0,200.54,179.18,-2.0,0.7,27,19
0.5,3.0,200.59,178.68,-2.0,0.7,28,19
0.2,3.0,201.95,178.88,-2.0,0.7,29,19
-0.2,3.0,201.11,179.25,-2.0,0.7,30,19
-0.5,3.0,200.76,178.20,-2.0,0.7,31,19
-0.8,3.0,201.08,178.44,-2.0,0.7,32,19
-1.1,3.0,200.59,177.83,-2.0,0.7,33,19
-1.4,3.0,200.85,178.83,-2.0,0.7,34,19
-1.7,3.0,201.68,178.29,-2.0,0.7,35,19
-2.1,3.0,200.79,178.34,-2.0,0.7,36,19
-2.7,3.0,200.87,179.11,-2.0,0.7,38,19
-3.0,3.0,201.46,177.66,-2.0,0.7,39,19
-3.0,3.0,201.28,179.76,-2.0,0.6,00,20
-2.7,3.0,201.01,179.16,-2.0,0.6,01,20
-2.4,3.0,201.55,178.43,-2.0,0.6,02,20
-2.1,3.0,200.92,178.97,-2.0,0.6,03,20
-1.7,3.0,200.81,178.81,-2.0,0.6,04,20
-1.4,3.0,200.69,178.98,-2.0,0.6,05,20
-1.1,3.0,200.94,179.26,-2.0,0.7,06,20
-0.8,3.0,200.79,178.85,-2.0,0.7,07,20
-0.5,3.0,200.49,178.14,-2.0,0.7,08,20
-0.2,3.0,201.00,178.47,-2.0,0.7,09,20
0.2,3.0,201.15,178.43,-2.0,0.7,10,20
0.5,3.0,201.40,178.67,-2.0,0.7,11,20
0.8,3.0,201.05,178.69,-2.0,0.7,12,20
1.1,3.0,201.19,178.66,-2.0,0.7,13,20
1.4,3.0,200.68,178.83,-2.0,0.7,14,20
1.7,3.0,200.59,179.24,-2.0,0.7,15,20
2.1,3.0,200.60,178.18,-2.0,0.7,16,20
2.4,3.0,201.00,179.00,-2.0,0.7,17,20
2.7,3.0,200.81,179.41,-2.0,0.7,18,20
3.0,3.0,200.78,178.76,-2.0,0.7,19,20
3.0,2.7,201.04,178.94,-2.0,0.7,20,21
2.7,2.7,200.62,179.27,-2.0,0.7,21,21
2.4,2.7,200.88,178.97,-2.0,0.7,22,21
2.1,2.7,201.32,179.07,-2.0,0.7,23,21
1.7,2.7,200.60,179.10,-2.0,0.7,24,21
1.4,2.7,201.13,178.25,-2.0,0.7,25,21
1.1,2.7,200.54,178.67,-2.0,0.7,26,21
0.8,2.7,200.65,178.62,-2.1,0.7,27,21
0.5,2.7,201.78,177.84,-2.1,0.7,28,21
0.2,2.7,202.15,178.49,-2.1,0.7,29,21
-0.2,2.7,200.65,178.94,-2.1,0.7,30,21
-0.5,2.7,200.43,178.89,-2.1,0.7,31,21
-0.8,2.7,200.82,178.21,-2.1,0.7,32,21
-1.1,2.7,200.93,177.37,-2.1,0.7,33,21
-1.4,2.7,201.37,178.45,-2.0,0.7,34,21
-1.7,2.7,200.96,178.87,-2.0,0.7,35,21
-2.1,2.7,200.79,178.85,-2.0,0.7,36,21
-2.4,2.7,200.85,178.77,-2.1,0.7,37,21
-2.7,2.7,200.75,178.94,-2.1,0.7,38,21
-3.0,2.7,201.29,178.70,-2.1,0.6,39,21
-3.0,2.4,201.10,178.84,-2.1,0.6,00,22
-2.7,2.4,201.02,179.12,-2.1,0.6,01,22
-2.4,2.4,200.82,179.42,-2.1,0.7,02,22
-2.1,2.4,200.81,178.74,-2.0,0.8,03,22
-1.7,2.4,200.86,179.03,-2.0,0.8,04,22
-1.4,2.4,200.82,179.33,-2.0,0.8,05,22
-1.1,2.4,201.23,178.69,-2.1,0.7,06,22
-0.8,2.4,202.22,179.25,-2.1,0.7,07,22
-0.5,2.4,200.83,178.73,-2.1,0.7,08,22
-0.2,2.4,200.60,179.34,-2.1,0.7,09,22
0.2,2.4,200.72,179.25,-2.1,0.7,10,22
0.5,2.4,200.62,178.40,-2.0,0.7,11,22
0.8,2.4,200.96,178.40,-2.0,0.7,12,22
1.1,2.4,200.96,178.84,-2.0,0.7,13,22
1.4,2.4,200.96,178.47,-2.0,0.7,14,22
1.7,2.4,200.80,178.11,-2.0,0.7,15,22
2.1,2.4,200.59,178.87,-2.0,0.7,16,22
2.4,2.4,200.88,178.68,-2.0,0.7,17,22
2.7,2.4,201.69,177.25,-2.0,0.7,18,22
3.0,2.4,200.66,179.11,-2.0,0.7,19,22
3.0,2.1,201.09,178.99,-2.0,0.7,20,23
2.7,2.1,200.53,178.48,-2.0,0.7,21,23
2.4,2.1,200.49,179.09,-2.0,0.7,22,23
2.1,2.1,200.56,179.00,-2.0,0.7,23,23
1.7,2.1,200.73,179.42,-2.0,0.7,24,23
1.4,2.1,200.73,178.75,-2.0,0.7,25,23
1.1,2.1,200.57,179.22,-2.0,0.7,26,23
0.8,2.1,200.66,178.88,-2.0,0.7,27,23
0.5,2.1,200.92,178.86,-2.0,0.7,28,23
0.2,2.1,200.81,178.66,-2.0,0.7,29,23
-0.2,2.1,200.69,179.31,-2.0,0.7,30,23
-0.5,2.1,201.81,178.19,-2.0,0.7,31,23
-0.8,2.1,200.95,178.53,-2.0,0.7,32,23
-1.1,2.1,200.91,179.03,-2.0,0.7,33,23
-1.4,2.1,200.87,179.16,-2.0,0.7,34,23
-1.7,2.1,201.00,178.89,-2.0,0.7,35,23
-2.1,2.1,200.61,179.29,-2.0,0.7,36,23
-2.4,2.1,200.51,179.25,-2.0,0.7,37,23
-2.7,2.1,201.70,178.47,-2.0,0.7,38,23
-3.0,2.1,201.56,178.44,-2.0,0.7,39,23
-3.0,1.7,201.56,178.86,-2.0,0.7,00,24
-2.7,1.7,201.06,178.78,-2.0,0.7,01,24
-2.4,1.7,201.04,178.76,-2.0,0.7,02,24
-2.1,1.7,200.98,178.59,-2.0,0.7,03,24
-1.7,1.7,200.59,179.08,-2.0,0.8,04,24
-1.4,1.7,200.96,178.83,-2.0,0.8,05,24
-1.1,1.7,201.14,179.82,-2.0,0.8,06,24
-0.8,1.7,201.01,178.98,-1.9,0.7,07,24
-0.5,1.7,201.45,178.27,-1.9,0.7,08,24
-0.2,1.7,200.97,178.75,-1.9,0.8,09,24
0.2,1.7,201.16,178.12,-1.9,0.8,10,24
0.5,1.7,200.71,178.94,-1.9,0.8,11,24
0.8,1.7,201.09,179.67,-1.9,0.8,12,24
1.1,1.7,200.87,177.96,-1.9,0.8,13,24
1.4,1.7,201.08,179.31,-1.9,0.8,14,24
1.7,1.7,201.34,177.45,-1.9,0.8,15,24
2.1,1.7,200.66,178.00,-1.9,0.8,16,24
2.4,1.7,201.11,177.86,-1.9,0.8,17,24
2.7,1.7,200.70,177.79,-1.9,0.8,18,24
3.0,1.7,201.23,178.67,-1.9,0.8,19,24
3.0,1.4,201.67,179.79,-1.9,0.8,20,25
2.7,1.4,200.80,178.16,-1.9,0.8,21,25
2.4,1.4,201.36,178.68,-1.9,0.8,22,25
2.1,1.4,201.56,178.45,-1.9,0.8,23,25
1.7,1.4,200.83,178.55,-1.9,0.8,24,25
1.4,1.4,200.96,179.16,-1.9,0.8,25,25
1.1,1.4,200.55,178.53,-1.9,0.8,26,25
0.8,1.4,201.63,178.31,-1.9,0.8,27,25
0.5,1.4,201.60,178.25,-1.9,0.8,28,25
0.2,1.4,201.97,179.24,-1.9,0.8,29,25
-0.2,1.4,200.74,179.47,-1.9,0.8,30,25
-0.5,1.4,200.87,178.99,-1.9,0.8,31,25
-0.8,1.4,201.17,179.35,-1.9,0.8,32,25
-1.1,1.4,201.32,178.93,-1.9,0.8,33,25
-1.4,1.4,201.97,180.02,-1.9,0.8,34,25
-1.7,1.4,201.10,179.32,-1.9,0.8,35,25
-2.1,1.4,201.32,178.80,-1.7,0.8,36,25
-2.4,1.4,201.04,178.89,-1.7,0.8,37,25
-2.7,1.4,200.71,179.19,-1.7,0.8,38,25
-3.0,1.4,200.84,179.19,-1.7,0.8,39,25
-3.0,1.1,200.84,179.10,-1.7,0.8,00,26
-2.7,1.1,201.18,178.48,-1.7,0.8,01,26
-2.4,1.1,201.39,179.44,-1.7,0.8,02,26
-2.1,1.1,201.31,178.47,-1.7,0.8,03,26
-1.7,1.1,200.75,179.00,-1.7,0.8,04,26
-1.4,1.1,200.63,178.87,-1.7,0.8,05,26
-1.1,1.1,201.60,178.74,-1.7,0.8,06,26
-0.8,1.1,200.75,178.88,-1.7,0.8,07,26
-0.5,1.1,202.23,177.59,-1.7,0.8,08,26
-0.2,1.1,200.48,179.15,-1.7,0.8,09,26
0.2,1.1,200.90,178.81,-1.7,0.8,10,26
0.5,1.1,200.72,178.95,-1.7,0.8,11,26
0.8,1.1,201.10,177.78,-1.7,0.8,12,26
1.1,1.1,200.59,178.94,-1.7,0.8,13,26
1.4,1.1,200.65,178.72,-1.7,0.8,14,26
1.7,1.1,200.58,178.24,-1.7,0.8,15,26
2.1,1.1,200.90,179.06,-1.7,0.8,16,26
2.4,1.1,200.82,179.47,-1.7,0.8,17,26
2.7,1.1,200.53,178.32,-1.7,0.8,18,26
3.0,1.1,201.57,178.28,-1.7,0.8,19,26
3.0,0.8,201.51,178.91,-1.7,0.8,20,27
2.7,0.8,201.38,179.04,-1.7,0.8,21,27
2.4,0.8,200.78,178.98,-1.7,0.8,22,27
2.1,0.8,200.86,179.61,-1.7,0.8,23,27
1.7,0.8,201.29,178.63,-1.7,0.8,24,27
1.4,0.8,200.67,179.01,-1.7,0.8,25,27
1.1,0.8,200.86,179.10,-1.7,0.8,26,27
0.8,0.8,200.97,178.71,-1.7,0.8,27,27
0.5,0.8,201.17,177.69,-1.7,0.8,28,27
0.2,0.8,200.77,178.30,-1.7,0.8,29,27
-0.2,0.8,200.97,178.45,-1.7,0.8,30,27
-0.5,0.8,200.87,179.41,-1.4,0.7,31,27
-0.8,0.8,201.12,178.92,-1.4,0.7,32,27
-1.1,0.8,200.88,179.00,-1.4,0.7,33,27
-1.4,0.8,200.83,178.44,-1.4,0.7,34,27
-1.7,0.8,200.71,177.63,-1.4,0.7,35,27
-2.1,0.8,200.88,178.56,-1.4,0.7,36,27
-2.4,0.8,200.66,178.00,-1.4,0.7,37,27
-2.7,0.8,200.73,178.75,-1.4,0.7,38,27
-3.0,0.8,201.93,179.41,-1.4,0.7,39,27
-3.0,0.5,200.99,178.82,-1.4,0.7,00,28
-2.7,0.5,200.66,179.37,-1.4,0.7,01,28
-2.4,0.5,201.14,178.79,-1.4,0.7,02,28
-2.1,0.5,201.40,179.05,-1.4,0.7,03,28
-1.7,0.5,200.92,179.39,-1.4,0.7,04,28
-1.4,0.5,201.67,178.94,-1.4,0.7,05,28
-1.1,0.5,200.73,179.47,-1.4,0.7,06,28
-0.8,0.5,200.57,178.82,-1.4,0.7,07,28
-0.5,0.5,201.12,179.02,-1.4,0.7,08,28
-0.2,0.5,201.00,178.97,-1.4,0.7,09,28
0.2,0.5,200.73,178.94,-1.4,0.7,10,28
0.5,0.5,201.00,178.34,-1.4,0.7,11,28
0.8,0.5,201.37,178.23,-1.4,0.7,12,28
1.1,0.5,201.32,178.45,-1.4,0.7,13,28
1.4,0.5,200.71,178.44,-1.2,0.6,14,28
1.7,0.5,201.00,179.34,-1.2,0.6,15,28
2.1,0.5,202.01,177.94,-1.2,0.6,16,28
2.4,0.5,201.21,179.01,-1.2,0.6,17,28
2.7,0.5,201.29,178.77,-1.2,0.6,18,28
3.0,0.5,200.79,177.97,-1.2,0.6,19,28
3.0,0.2,200.88,179.07,-1.2,0.6,20,29
2.7,0.2,201.24,178.70,-1.2,0.6,21,29
2.4,0.2,200.74,179.25,-1.2,0.6,22,29
2.1,0.2,200.82,179.45,-1.2,0.6,23,29
1.7,0.2,200.83,179.17,-1.2,0.6,24,29
1.4,0.2,201.21,179.05,-1.2,0.6,25,29
1.1,0.2,202.08,178.81,-1.2,0.6,26,29
0.8,0.2,200.92,178.44,-1.2,0.6,27,29
0.5,0.2,200.72,178.54,-1.2,0.6,28,29
0.2,0.2,200.61,179.01,-1.2,0.6,29,29
-0.2,0.2,200.89,178.65,-1.2,0.6,30,29
-0.5,0.2,200.55,179.27,-1.2,0.6,31,29
-0.8,0.2,200.85,179.45,-1.2,0.6,32,29
-1.1,0.2,200.73,178.86,-1.2,0.6,33,29
-1.4,0.2,200.85,178.52,-1.2,0.6,34,29
-1.7,0.2,201.20,179.24,-1.2,0.6,35,29
-2.1,0.2,201.20,178.79,-1.2,0.6,36,29
-2.4,0.2,201.03,179.45,-1.2,0.6,37,29
-2.7,0.2,201.38,179.14,-1.2,0.6,38,29
-3.0,0.2,201.37,178.84,-1.2,0.6,39,29
-3.0,-0.2,201.39,178.85,-1.2,0.6,00,30
-2.7,-0.2,200.79,179.52,-1.2,0.6,01,30
-2.4,-0.2,200.93,179.48,-1.2,0.6,02,30
-2.1,-0.2,200.72,179.27,-0.8,0.5,03,30
-1.7,-0.2,200.66,178.26,-0.8,0.5,04,30
-1.4,-0.2,201.21,178.52,-0.8,0.5,05,30
-1.1,-0.2,201.10,179.15,-0.8,0.5,06,30
-0.8,-0.2,200.85,179.19,-0.8,0.5,07,30
-0.5,-0.2,201.02,179.07,-0.8,0.5,08,30
-0.2,-0.2,201.11,179.34,-0.8,0.5,09,30
0.2,-0.2,201.17,179.11,-0.8,0.6,10,30
0.5,-0.2,200.95,178.45,-0.8,0.6,11,30
0.8,-0.2,201.01,179.21,-0.8,0.6,12,30
1.1,-0.2,200.77,179.26,-0.8,0.6,13,30
1.4,-0.2,200.98,179.10,-0.8,0.6,14,30
1.7,-0.2,201.53,179.29,-0.8,0.6,15,30
2.1,-0.2,200.68,179.27,-0.8,0.6,16,30
2.4,-0.2,200.73,178.53,-0.8,0.6,17,30
2.7,-0.2,201.03,179.12,-0.8,0.6,18,30
3.0,-0.2,200.57,179.13,-0.8,0.6,19,30
3.0,-0.5,200.61,178.73,-0.7,0.6,20,31
2.7,-0.5,201.90,178.95,-0.7,0.6,21,31
2.4,-0.5,200.98,178.00,-0.7,0.6,22,31
2.1,-0.5,201.24,179.10,-0.7,0.6,23,31
1.7,-0.5,200.76,179.50,-0.7,0.6,24,31
1.4,-0.5,201.50,178.69,-0.7,0.6,25,31
1.1,-0.5,201.07,178.24,-0.7,0.6,26,31
0.8,-0.5,200.86,178.78,-0.7,0.6,27,31
0.5,-0.5,200.97,177.79,-0.7,0.6,28,31
0.2,-0.5,201.13,178.33,-0.7,0.6,29,31
-0.2,-0.5,200.71,178.54,-0.7,0.6,30,31
-0.5,-0.5,200.46,178.97,-0.7,0.6,31,31
-0.8,-0.5,200.64,178.85,-0.7,0.6,32,31
-1.1,-0.5,201.24,179.05,-0.7,0.6,33,31
-1.4,-0.5,201.61,179.22,-0.7,0.6,34,31
-1.7,-0.5,200.48,178.98,-0.7,0.6,35,31
-2.1,-0.5,200.27,178.27,-0.7,0.6,36,31
-2.4,-0.5,200.37,178.40,-0.7,0.6,37,31
-2.7,-0.5,200.53,178.74,-0.7,0.6,38,31
-3.0,-0.5,200.83,179.61,-0.7,0.6,39,31
-3.0,-0.8,200.56,179.74,-0.7,0.6,00,32
-2.7,-0.8,200.90,178.82,-0.7,0.6,01,32
-2.4,-0.8,200.73,178.99,-0.7,0.6,02,32
-2.1,-0.8,201.27,178.22,-0.7,0.6,03,32
-1.7,-0.8,200.91,178.18,-0.4,0.5,04,32
-1.4,-0.8,201.08,178.73,-0.4,0.5,05,32
-1.1,-0.8,200.57,179.62,-0.4,0.5,06,32
-0.8,-0.8,201.42,179.00,-0.4,0.5,07,32
-0.5,-0.8,200.66,178.92,-0.4,0.5,08,32
-0.2,-0.8,200.46,179.21,-0.4,0.5,09,32
0.2,-0.8,200.48,178.48,-0.3,0.5,10,32
0.5,-0.8,201.27,178.69,-0.3,0.5,11,32
0.8,-0.8,201.62,178.65,-0.3,0.5,12,32
1.1,-0.8,200.80,178.25,-0.3,0.5,13,32
1.4,-0.8,201.01,178.68,-0.3,0.5,14,32
1.7,-0.8,200.71,179.25,-0.3,0.5,15,32
2.1,-0.8,200.86,179.18,-0.3,0.5,16,32
2.4,-0.8,200.68,178.42,-0.3,0.5,17,32
2.7,-0.8,200.78,179.02,-0.3,0.5,18,32
3.0,-0.8,200.92,179.03,-0.3,0.5,19,32
3.0,-1.1,202.32,178.88,-0.3,0.5,20,33
2.7,-1.1,201.77,178.54,-0.3,0.5,21,33
2.4,-1.1,201.29,178.90,-0.3,0.5,22,33
2.1,-1.1,201.23,178.50,-0.3,0.5,23,33
1.7,-1.1,200.76,179.30,-0.3,0.5,24,33
1.4,-1.1,200.69,178.88,-0.3,0.5,25,33
1.1,-1.1,201.37,179.21,-0.3,0.5,26,33
0.8,-1.1,200.84,178.08,-0.3,0.5,27,33
0.5,-1.1,201.83,178.91,-0.3,0.5,28,33
0.2,-1.1,201.42,178.80,-0.3,0.5,29,33
-0.2,-1.1,201.39,179.30,-0.3,0.5,30,33
-0.5,-1.1,200.96,178.93,-0.3,0.5,31,33
-0.8,-1.1,200.22,178.95,-0.3,0.5,32,33
-1.1,-1.1,200.95,179.08,-0.3,0.5,33,33
-1.4,-1.1,201.43,177.79,-0.3,0.5,34,33
-1.7,-1.1,179.31,164.93,-0.3,0.5,35,33
-2.1,-1.1,200.83,178.61,-0.1,0.6,36,33
-2.4,-1.1,201.49,178.37,-0.1,0.6,37,33
-2.7,-1.1,201.16,179.94,-0.1,0.6,38,33
-3.0,-1.1,198.55,182.91,-0.1,0.6,39,33
-3.0,-1.4,201.00,178.15,-0.1,0.6,00,34
-2.7,-1.4,200.71,179.57,-0.1,0.6,01,34
-2.4,-1.4,201.44,180.43,-0.1,0.6,02,34
-2.1,-1.4,200.57,179.22,-0.1,0.6,03,34
-1.7,-1.4,200.82,178.87,-0.1,0.6,04,34
-1.4,-1.4,200.94,179.02,-0.1,0.6,05,34
-1.1,-1.4,200.70,178.95,-0.1,0.6,06,34
-0.8,-1.4,200.72,178.45,-0.1,0.6,07,34
-0.5,-1.4,200.70,179.00,-0.1,0.6,08,34
-0.2,-1.4,200.96,178.65,-0.1,0.6,09,34
0.2,-1.4,201.19,178.28,-0.1,0.6,10,34
0.5,-1.4,200.88,178.80,-0.1,0.6,11,34
0.8,-1.4,200.72,178.97,-0.1,0.6,12,34
1.1,-1.4,201.03,179.08,-0.1,0.6,13,34
1.4,-1.4,200.66,178.66,-0.0,0.6,14,34
1.7,-1.4,200.94,179.29,-0.0,0.6,15,34
2.1,-1.4,201.16,178.81,-0.0,0.6,16,34
2.4,-1.4,201.29,177.76,-0.0,0.6,17,34
2.7,-1.4,200.69,179.13,-0.0,0.6,18,34
3.0,-1.4,200.86,179.14,-0.0,0.6,19,34
3.0,-1.7,200.91,179.27,-0.0,0.6,20,35
2.7,-1.7,201.42,178.88,-0.0,0.6,21,35
2.4,-1.7,201.24,179.48,-0.0,0.6,22,35
2.1,-1.7,201.21,179.25,-0.0,0.6,23,35
1.7,-1.7,200.59,178.35,-0.0,0.6,24,35
1.4,-1.7,201.49,179.05,0.0,0.7,25,35
1.1,-1.7,200.76,179.69,0.0,0.7,26,35
0.8,-1.7,200.77,178.59,0.0,0.7,27,35
0.5,-1.7,201.10,179.19,0.0,0.7,28,35
0.2,-1.7,201.10,179.16,0.0,0.7,29,35
-0.2,-1.7,200.79,178.43,0.0,0.7,30,35
-0.5,-1.7,200.86,179.16,0.0,0.7,31,35
-0.8,-1.7,201.41,178.80,0.0,0.7,32,35
-1.1,-1.7,201.85,179.17,0.0,0.7,33,35
-1.4,-1.7,200.97,178.70,0.0,0.7,34,35
-1.7,-1.7,200.71,179.01,0.0,0.7,35,35
-2.1,-1.7,200.75,179.16,0.0,0.7,36,35
-2.4,-1.7,201.74,177.79,0.0,0.7,37,35
-2.7,-1.7,200.76,178.87,0.0,0.7,38,35
-3.0,-1.7,201.52,178.49,0.0,0.7,39,35
-3.0,-2.1,201.14,178.94,0.0,0.7,00,36
-2.7,-2.1,201.19,179.52,0.0,0.7,01,36
-2.4,-2.1,201.23,179.04,0.1,0.7,02,36
-2.1,-2.1,200.84,178.64,0.1,0.7,03,36
-1.7,-2.1,201.30,178.14,0.1,0.7,04,36
-1.4,-2.1,201.69,178.58,0.1,0.7,05,36
-1.1,-2.1,201.28,178.70,0.1,0.7,06,36
-0.8,-2.1,201.54,179.15,0.1,0.7,07,36
-0.5,-2.1,200.87,179.52,0.1,0.7,08,36
-0.2,-2.1,201.07,178.94,0.1,0.7,09,36
0.2,-2.1,200.98,178.93,0.1,0.7,10,36
0.5,-2.1,201.68,179.13,0.1,0.7,11,36
0.8,-2.1,201.05,178.54,0.1,0.7,12,36
1.1,-2.1,200.84,178.57,0.1,0.7,13,36
1.4,-2.1,201.39,178.36,0.1,0.7,14,36
1.7,-2.1,201.39,179.29,0.1,0.7,15,36
2.1,-2.1,201.34,178.80,0.1,0.7,16,36
2.4,-2.1,201.33,180.03,0.1,0.7,17,36
2.7,-2.1,201.27,178.74,0.1,0.8,18,36
3.0,-2.1,201.31,179.37,0.1,0.8,19,36
3.0,-2.4,201.41,178.71,0.1,0.8,20,37
2.7,-2.4,201.73,178.85,0.1,0.8,21,37
2.4,-2.4,201.60,178.01,0.1,0.8,22,37
2.1,-2.4,200.24,178.93,0.1,0.8,23,37
1.7,-2.4,201.52,178.14,0.1,0.8,24,37
1.4,-2.4,201.75,178.20,0.1,0.8,25,37
1.1,-2.4,200.70,179.01,0.1,0.8,26,37
0.8,-2.4,200.55,179.03,0.1,0.8,27,37
0.5,-2.4,200.87,179.61,0.1,0.8,28,37
0.2,-2.4,200.78,179.02,0.1,0.8,29,37
-0.2,-2.4,201.22,178.87,0.1,0.8,30,37
-0.5,-2.4,201.50,178.80,0.1,0.8,31,37
-0.8,-2.4,201.92,178.07,0.1,0.8,32,37
-1.1,-2.4,201.12,178.02,0.1,0.9,33,37
-1.4,-2.4,201.69,178.16,0.1,0.9,34,37
-1.7,-2.4,200.89,179.43,0.1,0.9,35,37
-2.1,-2.4,201.00,178.55,0.1,0.9,36,37
-2.4,-2.4,201.16,178.87,0.1,0.9,37,37
-2.7,-2.4,200.74,179.29,0.1,0.9,38,37
-3.0,-2.4,201.18,179.08,0.1,0.9,39,37
-3.0,-2.7,201.12,179.16,0.1,0.9,00,38
-2.7,-2.7,200.65,179.10,0.1,0.9,01,38
-2.4,-2.7,200.75,179.15,0.1,0.9,02,38
-2.1,-2.7,201.86,178.80,0.1,0.9,03,38
-1.7,-2.7,200.72,178.78,0.1,0.9,04,38
-1.4,-2.7,201.27,178.53,0.1,0.9,05,38
-1.1,-2.7,200.81,178.52,0.1,0.9,06,38
-0.8,-2.7,200.55,177.92,0.1,0.9,07,38
-0.5,-2.7,201.26,178.67,0.1,0.9,08,38
-0.2,-2.7,201.31,178.43,0.1,0.9,09,38
0.2,-2.7,201.15,178.85,0.1,0.9,10,38
0.5,-2.7,201.12,179.01,0.1,0.9,11,38
0.8,-2.7,201.02,178.78,0.1,0.9,12,38
1.1,-2.7,201.22,179.26,0.1,0.9,13,38
1.4,-2.7,200.53,178.80,0.1,0.9,14,38
1.7,-2.7,200.80,179.34,0.1,0.9,15,38
2.1,-2.7,201.24,179.05,0.1,0.9,16,38
2.4,-2.7,201.18,178.34,0.1,0.9,17,38
2.7,-2.7,201.57,178.77,0.1,0.9,18,38
3.0,-2.7,200.94,178.90,0.1,0.9,19,38
3.0,-3.0,200.88,179.57,0.1,0.9,20,39
2.7,-3.0,200.88,178.74,0.1,0.9,21,39
2.4,-3.0,201.21,178.32,0.1,0.9,22,39
2.1,-3.0,200.94,178.67,0.1,0.9,23,39
1.7,-3.0,200.72,179.02,0.1,0.9,24,39
1.4,-3.0,201.01,179.36,0.1,0.9,25,39
1.1,-3.0,200.99,178.94,0.1,0.9,26,39
0.8,-3.0,201.11,178.33,0.1,0.9,27,39
0.5,-3.0,201.08,178.75,0.1,0.9,28,39
0.2,-3.0,200.55,178.64,0.1,0.9,29,39
-0.2,-3.0,200.93,179.03,0.1,0.9,30,39
-0.5,-3.0,245.54,217.80,0.1,0.9,31,39
-0.8,-3.0,200.42,178.32,0.1,0.9,32,39
-1.1,-3.0,200.56,179.05,0.1,0.9,33,39
-1.4,-3.0,202.00,179.24,0.1,0.9,34,39
-1.7,-3.0,201.24,178.44,0.1,0.9,35,39
-2.1,-3.0,200.45,178.49,0.1,0.9,36,39
-2.4,-3.0,200.74,179.67,0.1,0.9,37,39
-2.7,-3.0,201.63,178.80,0.1,0.9,38,39
-3.0,-3.0,200.66,179.45,0.1,0.9,39,39
-3.0,-3.0,200.91,179.17,0.1,0.9,00,00
-2.7,-3.0,201.60,178.38,0.1,0.9,01,00
-2.4,-3.0,201.84,178.46,0.1,0.9,02,00
-2.1,-3.0,201.37,179.08,0.1,0.9,03,00
-1.7,-3.0,200.85,178.51,0.1,0.9,04,00
-1.4,-3.0,200.81,179.06,0.1,0.9,05,00
-1.1,-3.0,200.88,178.55,0.1,0.9,06,00
-0.8,-3.0,201.07,179.41,0.1,0.9,07,00
-0.5,-3.0,171.17,151.75,0.1,0.8,08,00
-0.2,-3.0,200.65,179.13,0.1,0.9,09,00
0.2,-3.0,200.76,179.23,0.1,0.9,10,00
0.5,-3.0,200.83,178.11,0.1,0.9,11,00
0.8,-3.0,200.83,179.32,0.1,0.9,12,00
1.1,-3.0,200.44,180.06,0.1,0.8,13,00
1.4,-3.0,201.24,178.30,0.1,0.8,14,00
1.7,-3.0,201.28,178.66,0.1,0.8,15,00
2.1,-3.0,200.96,178.85,0.1,0.8,16,00
2.4,-3.0,201.49,178.79,0.1,0.8,17,00
2.7,-3.0,200.95,178.67,0.1,0.9,18,00
3.0,-3.0,200.32,178.09,0.1,0.9,19,00
3.0,-2.7,200.89,178.79,0.1,0.9,20,01
2.7,-2.7,201.00,179.65,0.1,0.9,21,01
2.4,-2.7,201.51,179.12,0.1,0.8,22,01
2.1,-2.7,201.15,179.10,0.1,0.8,23,01
1.7,-2.7,201.37,178.83,0.1,0.8,24,01
1.4,-2.7,202.12,171.86,0.0,0.8,25,01
1.1,-2.7,202.47,178.13,0.0,0.8,26,01
0.8,-2.7,200.65,179.35,0.0,0.8,27,01
0.5,-2.7,201.02,179.26,0.0,0.8,28,01
0.2,-2.7,200.86,178.45,0.0,0.8,29,01
-0.2,-2.7,200.65,178.86,0.0,0.8,30,01
-0.5,-2.7,201.40,178.43,0.0,0.8,31,01
-0.8,-2.7,201.18,178.80,0.0,0.8,32,01
-1.1,-2.7,201.33,178.18,0.0,0.8,33,01
-1.4,-2.7,201.09,179.00,0.0,0.8,34,01
-1.7,-2.7,200.56,178.39,0.0,0.8,35,01
-2.1,-2.7,201.01,179.31,0.0,0.8,36,01
-2.4,-2.7,201.46,178.64,0.0,0.8,37,01
-2.7,-2.7,200.73,179.13,0.0,0.8,38,01
-3.0,-2.7,200.71,178.74,0.0,0.8,39,01
-3.0,-2.4,200.76,179.35,0.0,0.8,00,02
-2.7,-2.4,200.83,179.52,0.0,0.8,01,02
-2.4,-2.4,201.31,179.37,0.0,0.8,02,02
-2.1,-2.4,200.12,181.14,0.0,0.8,03,02
-1.7,-2.4,200.98,179.68,0.0,0.8,04,02
-1.4,-2.4,201.15,178.44,0.0,0.8,05,02
-1.1,-2.4,201.32,179.45,0.0,0.8,06,02
-0.8,-2.4,200.78,179.13,0.0,0.8,07,02
-0.5,-2.4,201.36,178.97,0.0,0.8,08,02
-0.2,-2.4,200.62,178.55,0.0,0.8,09,02
0.2,-2.4,201.03,179.26,0.0,0.8,10,02
0.5,-2.4,201.14,179.23,0.0,0.8,11,02
0.8,-2.4,200.70,178.69,0.0,0.8,12,02
1.1,-2.4,200.72,179.46,0.0,0.8,13,02
1.4,-2.4,201.72,178.33,0.0,0.8,14,02
1.7,-2.4,200.90,179.53,0.0,0.8,15,02
2.1,-2.4,200.50,178.67,0.0,0.8,16,02
2.4,-2.4,200.85,180.11,0.0,0.8,17,02
2.7,-2.4,200.80,178.70,0.0,0.8,18,02
3.0,-2.4,201.39,178.85,0.0,0.8,19,02
3.0,-2.1,200.82,179.31,0.0,0.8,20,03
2.7,-2.1,202.35,178.68,0.0,0.8,21,03
2.4,-2.1,200.88,178.74,0.0,0.8,22,03
2.1,-2.1,200.62,178.84,0.0,0.8,23,03
1.7,-2.1,200.85,178.77,0.0,0.8,24,03
1.4,-2.1,200.62,178.88,0.0,0.8,25,03
1.1,-2.1,200.94,178.81,0.0,0.8,26,03
0.8,-2.1,200.89,178.91,0.0,0.8,27,03
0.5,-2.1,201.17,178.49,0.0,0.8,28,03
0.2,-2.1,201.08,179.23,0.0,0.8,29,03
-0.2,-2.1,201.52,178.90,0.0,0.8,30,03
-0.5,-2.1,201.24,178.11,0.0,0.8,31,03
-0.8,-2.1,200.83,179.19,0.0,0.8,32,03
-1.1,-2.1,200.99,178.81,0.0,0.8,33,03
-1.4,-2.1,200.68,178.93,-0.1,0.8,34,03
-1.7,-2.1,200.66,179.10,-0.1,0.8,35,03
-2.1,-2.1,201.87,178.27,-0.1,0.8,36,03
-2.4,-2.1,201.05,178.85,-0.1,0.8,37,03
-2.7,-2.1,201.35,178.76,-0.1,0.8,38,03
-3.0,-2.1,201.22,179.41,-0.1,0.8,39,03
-3.0,-1.7,201.83,178.13,-0.1,0.8,00,04
-2.7,-1.7,201.02,178.49,-0.1,0.8,01,04
-2.4,-1.7,201.16,178.48,-0.1,0.8,02,04
-2.1,-1.7,201.22,177.57,-0.1,0.8,03,04
-1.7,-1.7,200.65,178.93,-0.1,0.8,04,04
-1.4,-1.7,200.78,178.17,-0.1,0.8,05,04
-1.1,-1.7,201.65,180.06,-0.1,0.8,06,04
-0.8,-1.7,201.31,179.12,-0.1,0.8,07,04
-0.5,-1.7,201.04,178.74,-0.1,0.8,08,04
-0.2,-1.7,201.12,178.40,-0.1,0.8,09,04
0.2,-1.7,201.19,178.38,-0.1,0.8,10,04
0.5,-1.7,201.27,178.85,-0.1,0.8,11,04
0.8,-1.7,200.98,178.19,-0.1,0.8,12,04
1.1,-1.7,200.60,178.63,-0.1,0.8,13,04
1.4,-1.7,201.40,179.61,-0.1,0.8,14,04
1.7,-1.7,201.03,178.90,-0.1,0.8,15,04
2.1,-1.7,200.64,178.46,-0.1,0.8,16,04
2.4,-1.7,202.02,179.29,-0.1,0.8,17,04
2.7,-1.7,200.70,178.92,-0.1,0.8,18,04
3.0,-1.7,201.22,178.69,-0.1,0.8,19,04
3.0,-1.4,201.11,179.49,-0.1,0.8,20,05
2.7,-1.4,200.62,178.53,-0.1,0.8,21,05
2.4,-1.4,200.76,179.40,-0.1,0.8,22,05
2.1,-1.4,200.74,179.25,-0.1,0.8,23,05
1.7,-1.4,200.65,179.16,-0.1,0.8,24,05
1.4,-1.4,200.98,178.11,-0.1,0.8,25,05
1.1,-1.4,200.93,179.72,-0.1,0.8,26,05
0.8,-1.4,200.46,178.97,-0.1,0.8,27,05
0.5,-1.4,201.01,178.66,-0.1,0.8,28,05
0.2,-1.4,200.65,178.06,-0.1,0.8,29,05
-0.2,-1.4,201.23,179.09,-0.1,0.8,30,05
-0.5,-1.4,200.86,179.16,-0.1,0.8,31,05
-0.8,-1.4,200.84,178.86,-0.1,0.8,32,05
-1.1,-1.4,201.16,179.60,-0.1,0.8,33,05
-1.4,-1.4,200.69,179.04,-0.1,0.8,34,05
-1.7,-1.4,200.87,178.98,-0.1,0.8,35,05
-2.1,-1.4,201.34,179.04,-0.1,0.8,36,05
-2.4,-1.4,201.44,178.67,-0.1,0.8,37,05
-2.7,-1.4,201.68,178.53,-0.1,0.8,38,05
-3.0,-1.4,200.88,178.70,-0.1,0.8,39,05
-3.0,-1.1,200.85,178.90,-0.1,0.8,00,06
-2.7,-1.1,201.21,178.29,-0.1,0.8,01,06
-2.4,-1.1,200.74,178.75,-0.1,0.8,02,06
-2.1,-1.1,200.74,179.43,-0.1,0.8,03,06
-1.7,-1.1,201.24,179.60,-0.1,0.8,04,06
-1.4,-1.1,200.57,179.15,-0.1,0.8,05,06
-1.1,-1.1,201.13,178.49,-0.1,0.8,06,06
-0.8,-1.1,201.46,178.64,-0.1,0.8,07,06
-0.5,-1.1,200.80,178.58,-0.1,0.8,08,06
-0.2,-1.1,201.68,178.41,-0.1,0.8,09,06
0.2,-1.1,202.17,177.88,-0.1,0.8,10,06
0.5,-1.1,200.88,178.27,-0.1,0.8,11,06
0.8,-1.1,202.20,178.84,-0.1,0.8,12,06
1.1,-1.1,200.88,178.79,-0.1,0.8,13,06
1.4,-1.1,200.89,179.25,-0.1,0.8,14,06
1.7,-1.1,201.17,179.50,-0.1,0.8,15,06
2.1,-1.1,200.51,178.42,-0.1,0.8,16,06
2.4,-1.1,201.31,179.16,-0.1,0.8,17,06
2.7,-1.1,200.77,178.74,-0.2,0.7,18,06
3.0,-1.1,201.37,178.70,-0.2,0.7,19,06
3.0,-0.8,201.84,178.59,-0.2,0.7,20,07
2.7,-0.8,201.09,178.46,-0.2,0.7,21,07
2.4,-0.8,201.28,179.52,-0.2,0.7,22,07
2.1,-0.8,200.67,179.18,-0.2,0.7,23,07
1.7,-0.8,200.88,179.27,-0.2,0.7,24,07
1.4,-0.8,201.37,179.03,-0.2,0.7,25,07
1.1,-0.8,201.37,178.47,-0.2,0.7,26,07
0.8,-0.8,200.74,179.17,-0.2,0.7,27,07
0.5,-0.8,201.09,178.99,-0.2,0.7,28,07
0.2,-0.8,201.03,178.73,-0.2,0.7,29,07
-0.2,-0.8,200.81,179.10,-0.2,0.7,30,07
-0.5,-0.8,200.63,178.94,-0.2,0.7,31,07
-0.8,-0.8,201.00,178.43,-0.2,0.7,32,07
-1.1,-0.8,201.66,178.45,-0.2,0.7,33,07
-1.4,-0.8,200.24,178.56,-0.2,0.7,34,07
-1.7,-0.8,200.94,178.80,-0.2,0.7,35,07
-2.1,-0.8,200.93,178.67,-0.2,0.7,36,07
-2.4,-0.8,200.42,178.32,-0.2,0.7,37,07
-2.7,-0.8,200.84,178.59,-0.2,0.7,38,07
-3.0,-0.8,200.75,179.32,-0.2,0.7,39,07
-3.0,-0.5,200.82,178.87,-0.2,0.7,00,08
-2.7,-0.5,201.36,177.96,-0.2,0.7,01,08
-2.4,-0.5,200.29,180.11,-0.2,0.7,02,08
-2.1,-0.5,201.36,178.83,-0.2,0.7,03,08
-1.7,-0.5,201.45,178.82,-0.2,0.8,04,08
-1.4,-0.5,200.84,178.09,-0.2,0.8,05,08
-1.1,-0.5,200.75,179.19,-0.1,0.8,06,08
-0.8,-0.5,201.07,178.93,-0.1,0.8,07,08
-0.5,-0.5,200.63,178.98,-0.1,0.8,08,08
-0.2,-0.5,201.06,178.89,-0.1,0.8,09,08
0.2,-0.5,200.75,178.76,-0.1,0.7,10,08
0.5,-0.5,201.35,179.68,-0.1,0.7,11,08
0.8,-0.5,200.95,178.72,-0.1,0.7,12,08
1.1,-0.5,201.22,178.96,-0.1,0.7,13,08
1.4,-0.5,200.89,178.29,-0.1,0.7,14,08
1.7,-0.5,201.84,179.00,-0.1,0.7,15,08
2.1,-0.5,201.33,178.95,-0.1,0.7,16,08
2.4,-0.5,200.94,178.33,-0.1,0.7,17,08
2.7,-0.5,201.64,178.62,-0.1,0.7,18,08
3.0,-0.5,200.71,178.69,-0.1,0.7,19,08
3.0,-0.2,201.22,179.36,-0.1,0.7,20,09
2.7,-0.2,201.33,178.43,-0.1,0.7,21,09
2.4,-0.2,201.43,178.99,-0.1,0.7,22,09
2.1,-0.2,200.79,178.95,-0.1,0.7,23,09
1.7,-0.2,200.67,178.75,-0.1,0.7,24,09
1.4,-0.2,200.84,178.75,-0.1,0.7,25,09
1.1,-0.2,201.09,178.97,-0.1,0.7,26,09
0.8,-0.2,200.59,179.13,-0.1,0.7,27,09
0.5,-0.2,200.42,177.97,-0.1,0.7,28,09
0.2,-0.2,201.02,178.50,-0.1,0.7,29,09
-0.2,-0.2,201.11,178.34,-0.1,0.7,30,09
-0.5,-0.2,201.86,178.82,-0.1,0.7,31,09
-0.8,-0.2,201.13,180.15,-0.1,0.7,32,09
-1.1,-0.2,200.74,179.03,-0.1,0.7,33,09
-1.4,-0.2,201.37,178.02,-0.1,0.7,34,09
-1.7,-0.2,201.19,179.13,-0.1,0.7,35,09
-2.1,-0.2,200.92,178.99,-0.1,0.7,36,09
-2.4,-0.2,200.70,179.28,-0.1,0.7,37,09
-2.7,-0.2,200.60,179.34,-0.1,0.7,38,09
-3.0,-0.2,244.87,218.30,-0.1,0.7,39,09
-3.0,0.2,201.31,178.79,-0.1,0.7,00,10
-2.7,0.2,200.59,179.39,-0.1,0.7,01,10
-2.4,0.2,201.03,178.51,-0.1,0.7,02,10
-2.1,0.2,200.81,179.01,-0.1,0.7,03,10
-1.7,0.2,200.78,178.75,-0.2,0.9,04,10
-1.4,0.2,200.87,179.37,-0.2,0.9,05,10
-1.1,0.2,201.19,177.66,-0.2,0.9,06,10
-0.8,0.2,200.68,178.45,-0.2,0.9,07,10
-0.5,0.2,201.00,178.55,-0.2,0.9,08,10
-0.2,0.2,201.26,178.78,-0.2,0.9,09,10
0.2,0.2,200.72,179.41,-0.2,0.9,10,10
0.5,0.2,201.52,178.26,-0.2,0.9,11,10
0.8,0.2,201.36,179.21,-0.2,0.8,12,10
1.1,0.2,201.05,178.99,-0.2,0.8,13,10
1.4,0.2,201.44,178.79,-0.2,0.8,14,10
1.7,0.2,200.74,178.60,-0.2,0.8,15,10
2.1,0.2,201.90,178.29,-0.2,0.8,16,10
2.4,0.2,200.96,179.10,-0.2,0.8,17,10
2.7,0.2,201.68,178.87,-0.2,0.8,18,10
3.0,0.2,200.97,178.63,-0.2,0.8,19,10
3.0,0.5,200.89,179.55,-0.2,0.8,20,11
2.7,0.5,200.67,179.86,-0.2,0.8,21,11
2.4,0.5,200.46,178.96,-0.2,0.8,22,11
2.1,0.5,200.76,178.86,-0.2,0.8,23,11
1.4,0.5,200.56,178.91,-0.2,0.8,25,11
1.1,0.5,200.50,178.18,-0.2,0.8,26,11
0.8,0.5,200.90,178.58,-0.2,0.8,27,11
0.5,0.5,200.95,179.18,-0.2,0.8,28,11
0.2,0.5,200.89,179.00,-0.2,0.8,29,11
-0.2,0.5,200.91,178.58,-0.2,0.8,30,11
-0.5,0.5,201.16,178.24,-0.2,0.8,31,11
-0.8,0.5,200.44,178.94,-0.2,0.8,32,11
-1.1,0.5,201.43,178.99,-0.2,0.8,33,11
-1.4,0.5,200.88,178.96,-0.2,0.8,34,11
-1.7,0.5,200.92,178.30,-0.2,0.8,35,11
-2.1,0.5,201.43,178.77,-0.2,0.8,36,11
-2.4,0.5,200.72,178.52,-0.2,0.8,37,11
-2.7,0.5,201.05,177.83,-0.2,0.8,38,11
-3.0,0.5,200.79,178.68,-0.2,0.8,39,11
-3.0,0.8,200.56,179.47,-0.2,0.8,00,12
-2.7,0.8,200.97,178.72,-0.2,0.8,01,12
-2.4,0.8,200.64,178.70,-0.2,0.8,02,12
-2.1,0.8,200.97,179.01,-0.2,0.8,03,12
-1.7,0.8,200.82,179.04,-0.2,0.8,04,12
-1.4,0.8,200.92,178.84,-0.2,0.8,05,12
-1.1,0.8,200.51,179.30,-0.2,0.8,06,12
-0.8,0.8,200.66,179.15,-0.2,0.8,07,12
-0.5,0.8,200.53,178.90,-0.2,0.8,08,12
-0.2,0.8,200.64,179.17,-0.2,0.8,09,12
0.2,0.8,201.18,179.31,-0.2,0.8,10,12
0.5,0.8,200.73,179.09,-0.2,0.8,11,12
0.8,0.8,200.93,178.59,-0.2,0.8,12,12
1.1,0.8,200.80,177.90,-0.2,0.8,13,12
1.4,0.8,201.31,178.35,-0.2,0.8,14,12
1.7,0.8,200.78,178.32,-0.2,0.8,15,12
2.1,0.8,201.77,178.27,-0.2,0.8,16,12
2.4,0.8,201.58,178.22,-0.2,0.8,17,12
2.7,0.8,200.96,178.89,-0.2,0.8,18,12
3.0,0.8,200.98,178.79,-0.2,0.8,19,12
3.0,1.1,201.21,178.21,-0.2,0.8,20,13
2.7,1.1,200.56,178.85,-0.2,0.8,21,13
2.4,1.1,200.81,179.01,-0.2,0.8,22,13
2.1,1.1,200.60,179.20,-0.2,0.8,23,13
1.7,1.1,201.11,178.66,-0.2,0.8,24,13
1.4,1.1,200.75,179.10,-0.2,0.8,25,13
1.1,1.1,200.96,178.96,-0.2,0.8,26,13
0.8,1.1,200.60,179.13,-0.2,0.8,27,13
0.5,1.1,201.16,179.59,-0.2,0.8,28,13
0.2,1.1,200.83,178.37,-0.2,0.8,29,13
-0.2,1.1,200.71,179.45,-0.2,0.8,30,13
-0.5,1.1,200.72,179.20,-0.2,0.8,31,13
-0.8,1.1,200.72,179.02,-0.2,0.8,32,13
-1.1,1.1,200.78,178.84,-0.2,0.8,33,13
-1.4,1.1,201.22,178.15,-0.2,0.8,34,13
-1.7,1.1,200.65,179.69,-0.2,0.8,35,13
-2.1,1.1,200.85,178.86,-0.2,0.8,36,13
-2.4,1.1,200.79,178.80,-0.2,0.8,37,13
-2.7,1.1,200.54,179.41,-0.2,0.8,38,13
-3.0,1.1,200.70,178.80,-0.2,0.8,39,13
-3.0,1.4,201.30,178.86,-0.2,0.8,00,14
-2.7,1.4,201.81,178.02,-0.2,0.8,01,14
-2.4,1.4,200.88,178.79,-0.2,0.8,02,14
-2.1,1.4,201.26,178.29,-0.2,0.8,03,14
-1.7,1.4,200.69,178.69,-0.2,0.8,04,14
-1.4,1.4,200.83,178.99,-0.2,0.8,05,14
-1.1,1.4,200.66,178.43,-0.2,0.8,06,14
-0.8,1.4,200.93,179.27,-0.2,0.8,07,14
-0.5,1.4,201.11,178.10,-0.2,0.8,08,14
-0.2,1.4,200.83,178.33,-0.2,0.8,09,14
0.2,1.4,201.25,179.16,-0.2,0.8,10,14
0.5,1.4,200.58,177.81,-0.2,0.8,11,14
0.8,1.4,201.11,178.32,-0.2,0.8,12,14
1.1,1.4,200.45,179.14,-0.2,0.8,13,14
1.4,1.4,200.76,178.62,-0.2,0.8,14,14
1.7,1.4,200.74,179.54,-0.2,0.8,15,14
2.1,1.4,201.21,178.24,-0.2,1.0,16,14
2.4,1.4,200.39,179.03,-0.2,1.0,17,14
2.7,1.4,201.33,178.51,-0.2,1.0,18,14
3.0,1.4,201.07,178.70,-0.2,1.0,19,14
3.0,1.7,200.91,179.11,-0.2,1.0,20,15
2.7,1.7,201.13,178.88,-0.2,1.0,21,15
2.4,1.7,201.22,178.37,-0.2,1.0,22,15
2.1,1.7,201.03,179.03,-0.2,0.9,23,15
1.7,1.7,200.93,178.65,-0.2,0.9,24,15
1.4,1.7,201.23,178.05,-0.2,0.9,25,15
1.1,1.7,200.77,179.31,-0.2,0.9,26,15
0.8,1.7,201.06,178.98,-0.2,0.9,27,15
0.5,1.7,200.73,179.23,-0.2,0.9,28,15
0.2,1.7,200.84,179.10,-0.2,0.9,29,15
-0.2,1.7,200.19,180.04,-0.2,0.9,30,15
-0.5,1.7,201.19,179.47,-0.2,0.9,31,15
-0.8,1.7,201.20,178.91,-0.2,0.9,32,15
-1.1,1.7,201.06,179.10,-0.2,0.9,33,15
-1.4,1.7,200.72,178.87,-0.2,0.9,34,15
-1.7,1.7,201.76,178.11,-0.2,0.9,35,15
-2.1,1.7,200.62,179.27,-0.2,0.9,36,15
-2.4,1.7,200.72,178.67,-0.2,0.9,37,15
-2.7,1.7,200.53,178.98,-0.2,0.9,38,15
-3.0,1.7,200.89,179.11,-0.2,0.9,39,15
-3.0,2.1,200.80,178.65,-0.2,0.9,00,16
-2.7,2.1,202.04,178.18,-0.2,0.9,01,16
-2.4,2.1,201.03,178.75,-0.2,0.7,02,16
-2.1,2.1,200.90,178.71,-0.2,0.7,03,16
-1.7,2.1,201.41,179.23,-0.2,0.7,04,16
-1.4,2.1,200.97,178.37,-0.3,0.7,05,16
-1.1,2.1,200.75,179.26,-0.3,0.7,06,16
-0.8,2.1,200.69,178.57,-0.3,0.7,07,16
-0.5,2.1,200.80,178.24,-0.3,0.7,08,16
-0.2,2.1,200.49,178.87,-0.3,0.7,09,16
0.2,2.1,200.61,178.69,-0.3,0.7,10,16
0.5,2.1,200.63,179.02,-0.3,0.7,11,16
0.8,2.1,201.47,179.56,-0.3,0.8,12,16
1.1,2.1,201.80,178.73,-0.3,0.8,13,16
1.4,2.1,171.34,151.27,-0.3,0.8,14,16
1.7,2.1,200.73,179.02,-0.3,0.8,15,16
2.1,2.1,200.63,179.19,-0.3,0.8,16,16
2.4,2.1,200.82,178.95,-0.3,0.8,17,16
2.7,2.1,200.70,179.14,-0.3,0.8,18,16
3.0,2.1,200.99,178.72,-0.3,0.8,19,16
3.0,2.4,200.72,177.93,-0.3,0.8,20,17
2.7,2.4,201.24,178.30,-0.3,0.9,21,17
2.1,2.4,200.43,178.70,-0.3,0.8,23,17
1.7,2.4,201.59,178.96,-0.3,0.8,24,17
1.4,2.4,201.40,178.35,-0.3,0.8,25,17
1.1,2.4,200.74,179.14,-0.3,0.8,26,17
0.8,2.4,200.82,179.02,-0.3,0.8,27,17
0.5,2.4,200.78,178.14,-0.3,0.8,28,17
0.2,2.4,200.56,177.94,-0.3,0.9,29,17
-0.5,2.4,200.61,178.85,-0.3,0.9,31,17
-0.8,2.4,200.54,178.43,-0.3,0.9,32,17
-1.1,2.4,201.04,178.23,-0.3,0.9,33,17
-1.4,2.4,200.64,178.75,-0.3,0.9,34,17
-1.7,2.4,200.49,179.11,-0.3,0.9,35,17
-2.1,2.4,200.87,178.31,-0.3,0.9,36,17
-2.4,2.4,200.62,178.43,-0.3,0.9,37,17
-2.7,2.4,201.47,178.21,-0.3,0.9,38,17
-3.0,2.4,202.25,178.62,-0.3,0.9,39,17
-3.0,2.7,200.83,178.25,-0.3,0.9,00,18
-2.7,2.7,201.26,178.73,-0.3,0.9,01,18
-2.4,2.7,201.04,177.82,-0.3,0.9,02,18
-2.1,2.7,200.68,179.41,-0.3,0.9,03,18
-1.7,2.7,202.21,178.54,-0.3,0.9,04,18
-1.4,2.7,201.47,177.70,-0.3,0.9,05,18
-1.1,2.7,200.92,179.20,-0.3,0.9,06,18
-0.8,2.7,201.11,178.44,-0.3,0.9,07,18
-0.5,2.7,200.93,178.60,-0.3,0.9,08,18
-0.2,2.7,201.72,177.76,-0.3,0.9,09,18
0.2,2.7,201.06,178.91,-0.5,0.7,10,18
0.5,2.7,201.59,178.24,-0.5,0.7,11,18
0.8,2.7,201.47,179.10,-0.5,0.7,12,18
1.1,2.7,200.97,178.87,-0.5,0.7,13,18
1.4,2.7,201.03,178.70,-0.5,0.7,14,18
1.7,2.7,201.05,178.03,-0.5,0.7,15,18
2.1,2.7,201.34,178.57,-0.5,0.7,16,18
2.4,2.7,200.80,179.07,-0.5,0.7,17,18
2.7,2.7,201.07,177.81,-0.5,0.7,18,18
3.0,2.7,201.06,178.78,-0.5,0.7,19,18
3.0,3.0,200.49,178.87,-0.5,0.7,20,19
2.7,3.0,201.44,178.95,-0.5,0.7,21,19
2.4,3.0,201.17,178.83,-0.5,0.7,22,19
2.1,3.0,200.71,179.06,-0.5,0.7,23,19
1.7,3.0,201.28,177.77,-0.5,0.7,24,19
1.4,3.0,200.65,178.14,-0.5,0.7,25,19
1.1,3.0,200.39,179.62,-0.5,0.7,26,19
0.8,3.0,200.96,178.72,-0.5,0.7,27,19
0.5,3.0,200.87,179.51,-0.5,0.7,28,19
0.2,3.0,200.97,178.93,-0.6,0.7,29,19
-0.2,3.0,200.95,179.50,-0.6,0.7,30,19
-0.5,3.0,201.16,178.32,-0.6,0.7,31,19
-0.8,3.0,201.10,178.32,-0.6,0.7,32,19
-1.1,3.0,200.70,178.27,-0.6,0.7,33,19
-1.4,3.0,200.82,178.72,-0.6,0.7,34,19
-1.7,3.0,201.13,178.41,-0.6,0.7,35,19
-2.1,3.0,200.95,178.62,-0.6,0.7,36,19
-2.4,3.0,200.91,179.25,-0.6,0.7,37,19
-2.7,3.0,200.66,179.24,-0.6,0.7,38,19
-3.0,3.0,201.00,178.43,-0.6,0.7,39,19
-3.0,3.0,201.21,178.76,-0.6,0.7,00,20
-2.7,3.0,200.57,178.13,-0.6,0.7,01,20
-2.4,3.0,201.16,178.54,-0.6,0.7,02,20
-2.1,3.0,200.82,178.77,-0.7,0.7,03,20
-1.7,3.0,201.10,179.19,-0.7,0.7,04,20
-1.4,3.0,200.95,178.29,-0.7,0.7,05,20
-1.1,3.0,200.70,178.89,-0.7,0.7,06,20
-0.8,3.0,200.69,179.48,-0.7,0.7,07,20
-0.5,3.0,200.29,178.35,-0.7,0.7,08,20
-0.2,3.0,201.44,177.88,-0.7,0.7,09,20
0.2,3.0,200.82,178.40,-0.7,0.7,10,20
