-3.8,-4.2,205.43,199.43,-0.0,-0.0,01,00
-3.3,-4.2,204.30,182.73,-0.0,-0.0,02,00
-2.9,-4.2,204.13,182.94,-0.0,-0.0,03,00
-2.4,-4.2,204.44,183.71,-0.0,-0.0,04,00
-2.0,-4.2,205.01,183.08,-0.0,-0.0,05,00
-1.5,-4.2,204.77,183.03,-0.0,-0.0,06,00
-1.1,-4.2,204.50,182.32,-0.0,-0.0,07,00
-0.7,-4.2,204.26,183.68,-0.0,-0.0,08,00
-0.2,-4.2,204.32,183.44,-0.0,-0.0,09,00
0.2,-4.2,204.26,182.72,-0.0,-0.0,10,00
0.7,-4.2,204.73,182.93,-0.0,-0.0,11,00
1.1,-4.2,204.80,183.57,-0.0,-0.0,12,00
1.5,-4.2,204.74,183.32,-0.0,-0.0,13,00
2.0,-4.2,204.63,182.64,-0.0,-0.0,14,00
2.4,-4.2,205.22,181.99,-0.0,-0.0,15,00
2.9,-4.2,204.45,182.92,-0.0,-0.0,16,00
3.3,-4.2,204.46,182.83,-0.0,-0.0,17,00
3.8,-4.2,204.60,182.32,-0.0,-0.0,18,00
4.2,-4.2,204.84,182.21,-0.0,-0.0,19,00
4.2,-3.8,204.24,183.49,-0.0,-0.0,20,01
3.8,-3.8,204.31,183.60,-0.0,-0.0,21,01
3.3,-3.8,204.24,182.39,-0.0,-0.0,22,01
2.9,-3.8,204.85,183.17,-0.0,-0.0,23,01
2.4,-3.8,204.69,182.26,-0.0,-0.0,24,01
2.0,-3.8,204.53,181.24,-0.0,-0.0,25,01
1.5,-3.8,204.56,183.17,-0.0,-0.0,26,01
1.1,-3.8,204.36,183.47,-0.0,-0.0,27,01
0.7,-3.8,204.55,182.44,-0.0,-0.0,28,01
0.2,-3.8,204.46,182.94,-0.0,-0.0,29,01
-0.2,-3.8,204.22,181.58,-0.0,-0.0,30,01
-0.7,-3.8,204.92,182.06,0.0,-0.0,31,01
-1.1,-3.8,204.54,183.75,0.0,-0.0,32,01
-1.5,-3.8,204.43,183.04,0.0,-0.0,33,01
-2.0,-3.8,204.21,182.40,0.0,-0.0,34,01
-2.4,-3.8,204.34,182.56,0.0,-0.0,35,01
-2.9,-3.8,204.28,182.17,0.0,-0.0,36,01
-3.3,-3.8,204.03,182.19,0.0,-0.0,37,01
-3.8,-3.8,204.46,182.97,0.0,-0.0,38,01
-4.2,-3.8,204.14,182.56,0.0,-0.0,39,01
-4.2,-3.3,203.81,183.35,0.0,-0.0,00,02
-3.8,-3.3,203.75,183.96,0.0,-0.0,01,02
-3.3,-3.3,204.42,182.52,0.0,-0.0,02,02
-2.9,-3.3,204.73,183.03,0.0,-0.0,03,02
-2.4,-3.3,204.91,182.98,0.0,-0.0,04,02
-2.0,-3.3,204.73,182.50,0.0,-0.0,05,02
-1.5,-3.3,204.40,182.96,0.0,-0.0,06,02
-1.1,-3.3,204.16,182.73,0.0,-0.0,07,02
-0.7,-3.3,204.23,182.85,0.1,-0.0,08,02
-0.2,-3.3,205.04,182.33,0.1,-0.0,09,02
0.2,-3.3,204.37,182.70,0.1,-0.0,10,02
0.7,-3.3,204.20,182.36,0.1,-0.0,11,02
1.1,-3.3,204.74,181.52,0.1,-0.0,12,02
1.5,-3.3,204.64,182.14,0.1,-0.0,13,02
2.0,-3.3,204.89,182.81,0.1,-0.0,14,02
2.4,-3.3,204.73,183.53,0.1,-0.0,15,02
2.9,-3.3,204.70,183.29,0.1,-0.0,16,02
3.3,-3.3,204.56,182.52,0.1,-0.0,17,02
3.8,-3.3,204.24,183.40,0.1,-0.0,18,02
4.2,-3.3,204.17,182.78,0.1,-0.0,19,02
4.2,-2.9,204.14,182.08,0.1,-0.0,20,03
3.8,-2.9,204.74,182.65,0.1,-0.0,21,03
3.3,-2.9,204.49,183.12,0.1,-0.0,22,03
2.9,-2.9,203.88,182.24,0.1,-0.0,23,03
2.4,-2.9,204.22,182.04,0.1,-0.0,24,03
2.0,-2.9,204.26,182.97,0.1,-0.0,25,03
1.5,-2.9,204.67,182.92,0.1,-0.0,26,03
1.1,-2.9,204.88,183.32,0.1,-0.0,27,03
0.7,-2.9,203.89,182.50,0.1,-0.0,28,03
0.2,-2.9,204.14,182.81,0.1,-0.0,29,03
-0.2,-2.9,204.92,183.22,0.1,-0.0,30,03
-0.7,-2.9,203.91,183.07,0.1,0.0,31,03
-1.1,-2.9,204.34,182.91,0.1,0.0,32,03
-1.5,-2.9,204.06,182.95,0.1,0.0,33,03
-2.0,-2.9,204.24,182.44,0.1,0.0,34,03
-2.4,-2.9,204.40,182.07,0.1,0.0,35,03
-2.9,-2.9,204.07,182.78,0.1,0.0,36,03
-3.3,-2.9,204.09,182.54,0.1,0.0,37,03
-3.8,-2.9,204.62,182.86,0.1,0.0,38,03
-4.2,-2.9,204.58,183.73,0.1,0.0,39,03
-4.2,-2.4,204.08,182.99,0.1,0.0,00,04
-3.8,-2.4,204.10,181.93,0.1,0.0,01,04
-3.3,-2.4,204.97,182.41,0.1,0.0,02,04
-2.9,-2.4,204.07,182.77,0.1,0.0,03,04
-2.4,-2.4,203.78,183.54,0.1,0.0,04,04
-2.0,-2.4,204.04,183.38,0.1,0.0,05,04
-1.5,-2.4,204.59,183.67,0.1,0.0,06,04
-1.1,-2.4,204.27,183.32,0.1,0.0,07,04
-0.7,-2.4,204.15,183.22,0.1,0.0,08,04
-0.2,-2.4,205.46,181.61,0.1,0.0,09,04
0.2,-2.4,204.97,182.69,0.1,0.0,10,04
0.7,-2.4,204.74,183.37,0.1,0.0,11,04
1.1,-2.4,204.40,182.65,0.1,0.0,12,04
1.5,-2.4,204.50,182.63,0.1,0.0,13,04
2.0,-2.4,204.36,183.20,0.1,0.0,14,04
2.4,-2.4,204.43,182.89,0.1,0.0,15,04
2.9,-2.4,204.05,182.81,0.1,0.0,16,04
3.3,-2.4,204.45,181.53,0.1,0.0,17,04
3.8,-2.4,205.68,182.21,0.1,0.0,18,04
4.2,-2.4,204.33,183.30,0.1,0.0,19,04
4.2,-2.0,204.55,182.59,0.1,0.0,20,05
3.8,-2.0,204.36,182.44,0.1,0.0,21,05
3.3,-2.0,204.24,182.85,0.1,0.0,22,05
2.9,-2.0,204.56,182.80,0.1,0.0,23,05
2.4,-2.0,204.22,183.48,0.1,0.0,24,05
2.0,-2.0,205.03,182.16,0.1,0.0,25,05
1.5,-2.0,204.90,182.94,0.1,0.0,26,05
1.1,-2.0,204.73,183.63,0.1,0.0,27,05
0.7,-2.0,204.06,182.90,0.1,0.0,28,05
0.2,-2.0,203.99,183.33,0.1,0.0,29,05
-0.2,-2.0,204.58,183.27,0.1,0.0,30,05
-0.7,-2.0,204.43,182.60,0.1,0.0,31,05
-1.1,-2.0,204.42,182.09,0.1,0.0,32,05
-1.5,-2.0,204.22,183.27,0.1,0.0,33,05
-2.0,-2.0,204.55,182.32,0.1,0.0,34,05
-2.4,-2.0,204.62,182.80,0.1,0.0,35,05
-2.9,-2.0,204.15,182.56,0.1,0.0,36,05
-3.3,-2.0,204.59,182.26,0.1,-0.0,37,05
-3.8,-2.0,204.32,182.01,0.1,-0.0,38,05
-4.2,-2.0,204.33,182.34,0.1,-0.0,39,05
-4.2,-1.5,204.52,182.75,0.1,-0.0,00,06
-3.8,-1.5,203.97,182.55,0.1,-0.0,01,06
-3.3,-1.5,204.77,182.97,0.1,-0.0,02,06
-2.9,-1.5,203.94,182.09,0.1,-0.0,03,06
-2.4,-1.5,204.70,181.35,0.1,-0.0,04,06
-2.0,-1.5,204.06,182.50,0.1,-0.0,05,06
-1.5,-1.5,203.98,183.25,0.1,-0.0,06,06
-1.1,-1.5,204.40,182.71,0.1,-0.0,07,06
-0.7,-1.5,203.78,183.07,0.1,-0.0,08,06
-0.2,-1.5,203.89,182.40,0.1,-0.0,09,06
0.2,-1.5,204.40,182.70,0.1,-0.0,10,06
0.7,-1.5,204.15,183.23,0.1,-0.0,11,06
1.1,-1.5,204.47,183.27,0.0,-0.0,12,06
1.5,-1.5,204.33,182.82,0.0,-0.0,13,06
2.0,-1.5,204.02,182.25,0.0,-0.0,14,06
2.4,-1.5,204.51,183.01,0.0,-0.0,15,06
2.9,-1.5,204.32,182.92,0.0,-0.0,16,06
3.3,-1.5,204.14,183.02,0.0,-0.0,17,06
3.8,-1.5,204.82,182.76,0.0,-0.0,18,06
4.2,-1.5,203.92,182.90,0.0,-0.0,19,06
4.2,-1.1,205.03,182.19,-0.0,0.0,20,07
3.8,-1.1,204.92,183.01,-0.0,0.0,21,07
3.3,-1.1,204.59,183.23,-0.0,0.0,22,07
2.9,-1.1,204.49,183.06,-0.0,0.0,23,07
2.4,-1.1,204.90,183.47,-0.0,0.0,24,07
2.0,-1.1,204.92,182.21,-0.0,0.0,25,07
1.5,-1.1,204.20,182.50,-0.0,0.0,26,07
1.1,-1.1,204.28,182.97,-0.0,0.0,27,07
0.7,-1.1,204.41,183.37,-0.0,0.0,28,07
0.2,-1.1,204.74,182.44,-0.0,0.0,29,07
-0.2,-1.1,204.41,182.15,-0.0,0.0,30,07
-0.7,-1.1,204.30,182.51,-0.0,0.0,31,07
-1.1,-1.1,204.37,182.75,-0.0,0.0,32,07
-1.5,-1.1,204.54,183.13,-0.0,0.0,33,07
-2.0,-1.1,204.43,182.81,-0.0,0.0,34,07
-2.4,-1.1,204.94,182.33,-0.0,0.0,35,07
-2.9,-1.1,204.38,182.43,-0.1,0.0,36,07
-3.3,-1.1,204.21,182.87,-0.1,0.0,37,07
-3.8,-1.1,204.36,182.47,-0.1,0.0,38,07
-4.2,-1.1,203.90,182.29,-0.1,0.0,39,07
-4.2,-0.7,204.08,181.90,-0.1,0.0,00,08
-3.8,-0.7,204.80,182.09,-0.1,0.0,01,08
-3.3,-0.7,205.14,182.10,-0.1,0.0,02,08
-2.9,-0.7,204.46,182.82,-0.1,0.0,03,08
-2.4,-0.7,205.01,182.62,-0.1,0.0,04,08
-2.0,-0.7,204.73,182.03,-0.1,0.0,05,08
-1.5,-0.7,204.32,182.79,-0.1,0.0,06,08
-1.1,-0.7,204.52,182.64,-0.1,0.0,07,08
-0.7,-0.7,203.92,182.51,-0.1,0.0,08,08
-0.2,-0.7,204.33,183.06,-0.1,0.0,09,08
0.2,-0.7,204.51,182.61,-0.1,0.0,10,08
0.7,-0.7,204.10,183.27,-0.1,0.0,11,08
1.1,-0.7,204.36,182.93,-0.1,0.0,12,08
1.5,-0.7,204.50,182.29,-0.1,0.0,13,08
2.0,-0.7,204.08,183.02,-0.1,0.0,14,08
2.4,-0.7,203.63,183.15,-0.1,0.0,15,08
2.9,-0.7,203.77,182.32,-0.1,0.0,16,08
3.3,-0.7,204.28,183.10,-0.1,0.1,17,08
3.8,-0.7,204.18,182.53,-0.1,0.1,18,08
4.2,-0.7,204.32,182.99,-0.1,0.1,19,08
4.2,-0.2,204.01,182.20,-0.1,0.1,20,09
3.8,-0.2,204.59,183.59,-0.1,0.1,21,09
3.3,-0.2,204.39,182.50,-0.1,0.1,22,09
2.9,-0.2,204.28,182.40,-0.1,0.1,23,09
2.4,-0.2,203.99,182.23,-0.1,0.1,24,09
2.0,-0.2,204.07,182.27,-0.1,0.1,25,09
1.5,-0.2,204.74,182.77,-0.1,0.1,26,09
1.1,-0.2,204.04,182.76,-0.1,0.1,27,09
0.7,-0.2,204.32,181.69,-0.1,0.1,28,09
0.2,-0.2,204.85,183.46,-0.1,0.1,29,09
-0.2,-0.2,204.90,182.83,-0.1,0.1,30,09
-0.7,-0.2,204.53,182.84,-0.1,0.1,31,09
-1.1,-0.2,203.94,182.02,-0.1,0.1,32,09
-1.5,-0.2,204.58,182.37,-0.1,0.1,33,09
-2.0,-0.2,204.45,182.34,-0.1,0.1,34,09
-2.4,-0.2,204.16,182.73,-0.1,0.1,35,09
-2.9,-0.2,204.71,182.79,-0.1,0.1,36,09
-3.3,-0.2,204.85,183.10,-0.1,0.1,37,09
-3.8,-0.2,204.59,182.96,-0.2,0.2,38,09
-4.2,-0.2,205.01,183.47,-0.2,0.2,39,09
-4.2,0.2,204.28,182.88,-0.2,0.2,00,10
-3.8,0.2,204.24,182.04,-0.2,0.2,01,10
-3.3,0.2,205.17,182.37,-0.2,0.2,02,10
-2.9,0.2,204.35,183.37,-0.2,0.2,03,10
-2.4,0.2,204.27,182.74,-0.2,0.2,04,10
-2.0,0.2,204.34,181.60,-0.2,0.2,05,10
-1.5,0.2,204.42,181.92,-0.2,0.2,06,10
-1.1,0.2,204.63,182.43,-0.2,0.2,07,10
-0.7,0.2,204.10,182.66,-0.2,0.2,08,10
-0.2,0.2,203.81,183.00,-0.2,0.2,09,10
0.2,0.2,204.31,182.47,-0.2,0.2,10,10
0.7,0.2,204.63,182.55,-0.2,0.2,11,10
1.1,0.2,204.43,183.13,-0.2,0.2,12,10
1.5,0.2,204.25,182.30,-0.2,0.2,13,10
2.0,0.2,204.12,183.32,-0.2,0.2,14,10
2.4,0.2,204.32,182.95,-0.2,0.2,15,10
2.9,0.2,204.31,182.41,-0.2,0.2,16,10
3.3,0.2,204.73,183.10,-0.2,0.2,17,10
3.8,0.2,204.70,183.14,-0.2,0.2,18,10
4.2,0.2,205.15,183.50,-0.2,0.2,19,10
4.2,0.7,204.25,183.08,-0.2,0.2,20,11
3.8,0.7,204.82,182.51,-0.2,0.2,21,11
3.3,0.7,205.24,182.32,-0.2,0.2,22,11
2.9,0.7,204.55,182.78,-0.2,0.2,23,11
2.4,0.7,204.24,182.60,-0.2,0.2,24,11
2.0,0.7,204.28,182.92,-0.2,0.2,25,11
1.5,0.7,205.14,181.91,-0.2,0.2,26,11
1.1,0.7,204.63,182.29,-0.2,0.2,27,11
0.7,0.7,203.80,183.32,-0.3,0.2,28,11
0.2,0.7,204.74,182.88,-0.3,0.2,29,11
-0.2,0.7,204.54,182.51,-0.3,0.2,30,11
-0.7,0.7,204.85,182.25,-0.3,0.2,31,11
-1.1,0.7,205.29,182.11,-0.3,0.2,32,11
-1.5,0.7,204.41,181.93,-0.3,0.2,33,11
-2.0,0.7,204.59,183.34,-0.3,0.2,34,11
-2.4,0.7,204.81,182.30,-0.3,0.2,35,11
-2.9,0.7,205.09,181.89,-0.3,0.2,36,11
-3.3,0.7,204.01,182.92,-0.3,0.3,37,11
-3.8,0.7,204.24,181.93,-0.3,0.3,38,11
-4.2,0.7,204.17,182.71,-0.3,0.3,39,11
-4.2,1.1,205.43,182.56,-0.3,0.3,00,12
-3.8,1.1,204.00,181.76,-0.3,0.3,01,12
-3.3,1.1,204.19,182.26,-0.3,0.3,02,12
-2.9,1.1,204.40,182.28,-0.3,0.3,03,12
-2.4,1.1,203.98,182.60,-0.3,0.3,04,12
-2.0,1.1,204.65,182.34,-0.3,0.3,05,12
-1.5,1.1,204.07,182.06,-0.3,0.3,06,12
-1.1,1.1,204.49,182.23,-0.3,0.3,07,12
-0.7,1.1,203.99,183.43,-0.3,0.3,08,12
-0.2,1.1,204.11,181.87,-0.3,0.3,09,12
0.2,1.1,204.30,182.69,-0.3,0.3,10,12
0.7,1.1,204.65,182.63,-0.3,0.3,11,12
1.1,1.1,204.18,182.73,-0.3,0.3,12,12
1.5,1.1,203.95,182.34,-0.3,0.3,13,12
2.0,1.1,204.41,182.83,-0.3,0.3,14,12
2.4,1.1,204.56,181.68,-0.3,0.3,15,12
2.9,1.1,204.15,182.83,-0.3,0.3,16,12
3.3,1.1,204.29,181.98,-0.3,0.3,17,12
3.8,1.1,203.76,181.91,-0.3,0.3,18,12
4.2,1.1,204.32,182.24,-0.3,0.3,19,12
4.2,1.5,204.10,182.67,-0.3,0.3,20,13
3.8,1.5,205.03,182.20,-0.3,0.3,21,13
3.3,1.5,204.31,182.12,-0.3,0.3,22,13
2.9,1.5,204.17,182.37,-0.3,0.3,23,13
2.4,1.5,205.07,182.41,-0.3,0.3,24,13
2.0,1.5,204.03,181.97,-0.3,0.3,25,13
1.5,1.5,204.14,181.83,-0.3,0.3,26,13
1.1,1.5,204.14,182.39,-0.3,0.3,27,13
0.7,1.5,204.14,183.35,-0.3,0.3,28,13
0.2,1.5,204.19,181.73,-0.3,0.3,29,13
-0.2,1.5,204.51,181.97,-0.3,0.3,30,13
-0.7,1.5,204.34,182.42,-0.3,0.3,31,13
-1.1,1.5,204.32,182.18,-0.3,0.3,32,13
-1.5,1.5,204.09,182.19,-0.3,0.3,33,13
-2.0,1.5,204.02,182.65,-0.3,0.3,34,13
-2.4,1.5,204.47,183.02,-0.3,0.3,35,13
-2.9,1.5,203.91,183.41,-0.3,0.3,36,13
-3.3,1.5,204.51,182.19,-0.3,0.3,37,13
-3.8,1.5,204.93,181.33,-0.3,0.3,38,13
-4.2,1.5,204.19,182.87,-0.3,0.3,39,13
-4.2,2.0,203.59,183.16,-0.3,0.3,00,14
-3.8,2.0,204.01,182.53,-0.3,0.3,01,14
-3.3,2.0,204.67,181.98,-0.3,0.3,02,14
-2.9,2.0,204.69,181.89,-0.3,0.3,03,14
-2.4,2.0,204.09,182.00,-0.3,0.3,04,14
-2.0,2.0,204.52,182.39,-0.3,0.3,05,14
-1.5,2.0,204.70,181.62,-0.3,0.3,06,14
-1.1,2.0,204.16,181.82,-0.3,0.3,07,14
-0.7,2.0,204.62,182.81,-0.3,0.3,08,14
-0.2,2.0,204.21,182.82,-0.3,0.3,09,14
0.2,2.0,204.49,183.10,-0.3,0.3,10,14
0.7,2.0,205.03,182.13,-0.3,0.3,11,14
1.1,2.0,204.41,183.08,-0.3,0.3,12,14
1.5,2.0,204.80,182.99,-0.3,0.3,13,14
2.0,2.0,204.23,182.52,-0.3,0.4,14,14
2.4,2.0,204.62,183.03,-0.3,0.4,15,14
2.9,2.0,204.25,182.67,-0.3,0.4,16,14
3.3,2.0,204.31,183.31,-0.3,0.4,17,14
3.8,2.0,203.87,182.16,-0.3,0.4,18,14
4.2,2.0,204.13,181.97,-0.3,0.4,19,14
4.2,2.4,204.56,182.49,-0.3,0.4,20,15
3.8,2.4,204.86,181.91,-0.3,0.4,21,15
3.3,2.4,204.51,181.82,-0.3,0.4,22,15
2.9,2.4,204.79,182.24,-0.3,0.4,23,15
2.4,2.4,204.54,182.80,-0.3,0.4,24,15
2.0,2.4,204.03,182.48,-0.3,0.4,25,15
1.5,2.4,204.26,182.15,-0.3,0.4,26,15
1.1,2.4,204.49,182.95,-0.3,0.4,27,15
0.7,2.4,204.18,182.43,-0.3,0.4,28,15
0.2,2.4,204.33,183.10,-0.3,0.4,29,15
-0.2,2.4,204.20,182.26,-0.3,0.4,30,15
-0.7,2.4,204.58,182.60,-0.3,0.4,31,15
-1.1,2.4,204.07,182.39,-0.3,0.4,32,15
-1.5,2.4,204.12,182.48,-0.3,0.4,33,15
-2.0,2.4,204.82,182.54,-0.3,0.4,34,15
-2.4,2.4,204.82,181.96,-0.3,0.4,35,15
-2.9,2.4,204.26,182.18,-0.3,0.4,36,15
-3.3,2.4,204.34,182.48,-0.3,0.5,37,15
-3.8,2.4,204.01,181.81,-0.3,0.5,38,15
-4.2,2.4,204.23,182.74,-0.3,0.5,39,15
-4.2,2.9,204.32,181.95,-0.3,0.5,00,16
-3.8,2.9,204.56,182.95,-0.3,0.5,01,16
-3.3,2.9,204.00,181.96,-0.3,0.5,02,16
-2.9,2.9,204.23,182.16,-0.3,0.5,03,16
-2.4,2.9,204.88,182.04,-0.3,0.5,04,16
-2.0,2.9,204.56,182.72,-0.3,0.5,05,16
-1.5,2.9,204.32,183.07,-0.3,0.5,06,16
-1.1,2.9,204.49,181.80,-0.3,0.5,07,16
-0.7,2.9,204.73,182.94,-0.3,0.5,08,16
-0.2,2.9,204.09,182.52,-0.3,0.5,09,16
0.2,2.9,204.73,182.75,-0.3,0.5,10,16
0.7,2.9,204.33,182.29,-0.3,0.5,11,16
1.1,2.9,204.39,183.42,-0.3,0.5,12,16
1.5,2.9,204.72,182.06,-0.3,0.5,13,16
2.0,2.9,204.78,181.59,-0.3,0.5,14,16
2.4,2.9,204.25,182.78,-0.3,0.5,15,16
2.9,2.9,204.44,181.92,-0.3,0.5,16,16
3.3,2.9,205.34,183.06,-0.3,0.5,17,16
3.8,2.9,204.60,182.36,-0.3,0.5,18,16
4.2,2.9,204.39,182.73,-0.3,0.5,19,16
4.2,3.3,204.60,182.33,-0.3,0.5,20,17
3.8,3.3,204.16,182.48,-0.3,0.5,21,17
3.3,3.3,204.55,183.14,-0.3,0.5,22,17
2.9,3.3,204.32,183.02,-0.3,0.5,23,17
2.4,3.3,204.13,182.55,-0.3,0.5,24,17
2.0,3.3,204.16,182.67,-0.3,0.5,25,17
1.5,3.3,205.05,182.97,-0.3,0.5,26,17
1.1,3.3,204.10,181.64,-0.3,0.5,27,17
0.7,3.3,204.79,181.47,-0.3,0.5,28,17
0.2,3.3,204.30,181.70,-0.3,0.5,29,17
-0.2,3.3,204.32,182.59,-0.3,0.5,30,17
-0.7,3.3,204.18,181.95,-0.3,0.5,31,17
-1.1,3.3,204.20,182.48,-0.3,0.5,32,17
-1.5,3.3,204.69,182.36,-0.3,0.5,33,17
-2.0,3.3,205.27,182.52,-0.3,0.5,34,17
-2.4,3.3,204.21,182.49,-0.3,0.5,35,17
-2.9,3.3,205.25,181.96,-0.3,0.5,36,17
-3.3,3.3,204.50,181.64,-0.3,0.6,37,17
-3.8,3.3,203.93,182.15,-0.3,0.6,38,17
-4.2,3.3,204.26,183.07,-0.3,0.6,39,17
-4.2,3.8,204.30,182.63,-0.3,0.6,00,18
-3.8,3.8,203.97,182.04,-0.3,0.6,01,18
-3.3,3.8,204.70,181.85,-0.3,0.6,02,18
-2.9,3.8,203.74,182.99,-0.3,0.6,03,18
-2.4,3.8,173.94,154.06,-0.3,0.6,04,18
-2.0,3.8,203.95,183.02,-0.3,0.6,05,18
-1.5,3.8,204.56,183.11,-0.3,0.6,06,18
-1.1,3.8,204.03,182.34,-0.3,0.6,07,18
-0.7,3.8,203.93,182.28,-0.3,0.6,08,18
-0.2,3.8,204.19,183.18,-0.3,0.6,09,18
0.2,3.8,204.49,182.11,-0.3,0.6,10,18
0.7,3.8,204.71,181.92,-0.3,0.6,11,18
1.1,3.8,204.09,182.80,-0.3,0.6,12,18
1.5,3.8,205.04,181.17,-0.3,0.6,13,18
2.0,3.8,204.73,181.84,-0.3,0.6,14,18
2.4,3.8,204.37,182.88,-0.3,0.6,15,18
2.9,3.8,204.21,181.93,-0.3,0.6,16,18
3.3,3.8,204.09,181.47,-0.3,0.6,17,18
3.8,3.8,204.98,181.78,-0.3,0.6,18,18
4.2,3.8,204.27,183.10,-0.3,0.6,19,18
4.2,4.2,204.85,183.05,-0.3,0.6,20,19
3.8,4.2,204.00,182.52,-0.3,0.6,21,19
3.3,4.2,204.09,182.29,-0.3,0.6,22,19
2.9,4.2,205.00,183.47,-0.3,0.6,23,19
2.4,4.2,204.10,183.47,-0.3,0.6,24,19
2.0,4.2,204.62,182.17,-0.3,0.6,25,19
1.5,4.2,204.49,181.80,-0.3,0.6,26,19
1.1,4.2,204.39,183.07,-0.3,0.6,27,19
0.7,4.2,204.47,182.33,-0.3,0.6,28,19
0.2,4.2,204.87,181.91,-0.3,0.6,29,19
-0.2,4.2,204.69,182.75,-0.3,0.6,30,19
-0.7,4.2,204.64,182.50,-0.3,0.6,31,19
-1.1,4.2,204.14,182.76,-0.3,0.6,32,19
-1.5,4.2,204.09,181.66,-0.3,0.6,33,19
-2.0,4.2,204.25,182.14,-0.3,0.6,34,19
-2.4,4.2,204.39,182.21,-0.3,0.6,35,19
-2.9,4.2,204.24,182.94,-0.3,0.6,36,19
-3.3,4.2,203.97,183.16,-0.3,0.6,37,19
-3.8,4.2,204.39,182.71,-0.3,0.6,38,19
-4.2,4.2,204.09,181.94,-0.3,0.6,39,19
-4.2,4.2,204.99,181.58,-0.3,0.6,00,20
-3.8,4.2,204.08,182.67,-0.3,0.6,01,20
-3.3,4.2,203.99,182.11,-0.3,0.6,02,20
-2.9,4.2,204.06,183.06,-0.3,0.6,03,20
-2.4,4.2,204.35,182.61,-0.3,0.6,04,20
-2.0,4.2,204.20,182.67,-0.3,0.6,05,20
-1.5,4.2,204.42,181.87,-0.3,0.6,06,20
-1.1,4.2,204.17,182.06,-0.3,0.6,07,20
-0.7,4.2,203.73,181.98,-0.3,0.6,08,20
-0.2,4.2,204.75,181.81,-0.3,0.6,09,20
0.2,4.2,204.34,181.96,-0.3,0.6,10,20
0.7,4.2,204.47,181.90,-0.3,0.6,11,20
1.1,4.2,204.43,182.45,-0.3,0.6,12,20
1.5,4.2,204.54,182.75,-0.3,0.6,13,20
2.0,4.2,204.59,182.72,-0.3,0.6,14,20
2.4,4.2,204.52,183.12,-0.3,0.6,15,20
2.9,4.2,204.34,182.48,-0.3,0.6,16,20
3.3,4.2,203.79,183.31,-0.3,0.6,17,20
3.8,4.2,204.32,183.38,-0.3,0.6,18,20
4.2,4.2,203.66,181.84,-0.3,0.6,19,20
4.2,3.8,204.16,182.18,-0.3,0.6,20,21
3.8,3.8,204.94,182.22,-0.3,0.6,21,21
3.3,3.8,204.42,182.80,-0.3,0.6,22,21
2.9,3.8,204.18,182.73,-0.3,0.6,23,21
2.4,3.8,204.57,182.82,-0.3,0.6,24,21
2.0,3.8,204.28,183.02,-0.3,0.6,25,21
1.5,3.8,204.62,182.72,-0.3,0.6,26,21
1.1,3.8,204.63,182.64,-0.3,0.6,27,21
0.7,3.8,204.17,182.02,-0.3,0.6,28,21
0.2,3.8,204.24,181.69,-0.3,0.6,29,21
-0.2,3.8,204.57,182.36,-0.3,0.6,30,21
-0.7,3.8,204.99,182.16,-0.3,0.6,31,21
-1.1,3.8,204.38,183.19,-0.3,0.6,32,21
-1.5,3.8,204.59,181.44,-0.3,0.6,33,21
-2.0,3.8,204.63,181.73,-0.3,0.6,34,21
-2.4,3.8,204.36,181.60,-0.3,0.6,35,21
-2.9,3.8,204.16,182.35,-0.3,0.6,36,21
-3.3,3.8,204.12,182.54,-0.3,0.6,37,21
-3.8,3.8,204.36,182.00,-0.3,0.6,38,21
-4.2,3.8,204.64,181.42,-0.2,0.6,39,21
-4.2,3.3,204.40,182.24,-0.2,0.6,00,22
-3.8,3.3,204.73,182.02,-0.2,0.6,01,22
-3.3,3.3,203.96,183.33,-0.2,0.6,02,22
-2.9,3.3,204.30,182.62,-0.2,0.6,03,22
-2.4,3.3,204.29,182.15,-0.2,0.6,04,22
-2.0,3.3,203.98,182.59,-0.2,0.6,05,22
-1.5,3.3,204.69,182.65,-0.2,0.6,06,22
-1.1,3.3,204.15,182.14,-0.2,0.6,07,22
-0.7,3.3,204.78,182.78,-0.2,0.6,08,22
-0.2,3.3,204.16,182.72,-0.2,0.6,09,22
0.2,3.3,204.45,182.02,-0.2,0.6,10,22
0.7,3.3,204.31,182.47,-0.2,0.6,11,22
1.1,3.3,204.49,182.50,-0.2,0.6,12,22
1.5,3.3,203.89,182.70,-0.2,0.6,13,22
2.0,3.3,203.68,181.42,-0.2,0.6,14,22
2.4,3.3,204.21,181.51,-0.2,0.6,15,22
2.9,3.3,204.39,181.88,-0.2,0.6,16,22
3.3,3.3,204.29,183.28,-0.2,0.6,17,22
3.8,3.3,205.50,183.35,-0.2,0.6,18,22
4.2,3.3,204.43,182.30,-0.2,0.6,19,22
4.2,2.9,203.93,182.47,-0.2,0.6,20,23
3.8,2.9,204.43,182.42,-0.2,0.6,21,23
3.3,2.9,204.09,182.31,-0.2,0.6,22,23
2.9,2.9,204.77,181.66,-0.2,0.6,23,23
2.4,2.9,205.08,181.66,-0.2,0.6,24,23
2.0,2.9,204.17,182.91,-0.2,0.6,25,23
1.5,2.9,205.37,182.30,-0.2,0.6,26,23
1.1,2.9,204.55,182.71,-0.2,0.6,27,23
0.7,2.9,204.77,182.26,-0.2,0.6,28,23
0.2,2.9,204.55,182.90,-0.2,0.6,29,23
-0.2,2.9,204.23,182.00,-0.2,0.6,30,23
-0.7,2.9,204.19,181.29,-0.2,0.6,31,23
-1.1,2.9,204.28,182.97,-0.2,0.6,32,23
-1.5,2.9,205.32,182.91,-0.2,0.6,33,23
-2.0,2.9,204.44,182.69,-0.2,0.6,34,23
-2.4,2.9,205.20,182.43,-0.2,0.6,35,23
-2.9,2.9,204.26,182.62,-0.2,0.6,36,23
-3.3,2.9,204.08,182.69,-0.2,0.6,37,23
-3.8,2.9,204.09,182.49,-0.2,0.6,38,23
-4.2,2.9,204.33,182.15,-0.2,0.6,39,23
-4.2,2.4,204.19,182.35,-0.2,0.6,00,24
-3.8,2.4,204.52,183.09,-0.2,0.6,01,24
-3.3,2.4,204.77,181.61,-0.2,0.6,02,24
-2.9,2.4,204.83,182.58,-0.2,0.6,03,24
-2.4,2.4,204.14,182.23,-0.2,0.6,04,24
-2.0,2.4,204.67,182.87,-0.2,0.6,05,24
-1.5,2.4,204.27,181.59,-0.2,0.6,06,24
-1.1,2.4,204.10,182.05,-0.2,0.6,07,24
-0.7,2.4,204.11,182.53,-0.2,0.6,08,24
-0.2,2.4,204.39,181.96,-0.2,0.7,09,24
0.2,2.4,204.72,181.76,-0.2,0.7,10,24
0.7,2.4,204.73,182.40,-0.2,0.7,11,24
1.1,2.4,204.14,182.35,-0.2,0.7,12,24
1.5,2.4,204.82,182.10,-0.2,0.7,13,24
2.0,2.4,204.04,182.45,-0.2,0.7,14,24
2.4,2.4,203.93,182.32,-0.2,0.8,15,24
2.9,2.4,203.79,182.28,-0.2,0.8,16,24
3.3,2.4,204.47,182.47,-0.2,0.8,17,24
3.8,2.4,204.51,182.82,-0.2,0.8,18,24
4.2,2.4,204.23,182.94,-0.2,0.8,19,24
4.2,2.0,204.38,181.80,-0.2,0.8,20,25
3.8,2.0,204.20,182.28,-0.2,0.8,21,25
3.3,2.0,204.53,181.84,-0.2,0.8,22,25
2.9,2.0,204.95,183.67,-0.2,0.8,23,25
2.4,2.0,204.62,182.56,-0.2,0.8,24,25
2.0,2.0,204.15,182.71,-0.2,0.8,25,25
1.5,2.0,204.28,182.84,-0.2,0.8,26,25
1.1,2.0,204.00,182.53,-0.2,0.8,27,25
0.7,2.0,204.35,182.83,-0.2,0.8,28,25
0.2,2.0,204.71,182.50,-0.2,0.8,29,25
-0.2,2.0,205.04,182.59,-0.2,0.8,30,25
-0.7,2.0,205.00,181.98,-0.2,0.8,31,25
-1.1,2.0,204.03,182.00,-0.2,0.8,32,25
-1.5,2.0,203.92,181.70,-0.2,0.8,33,25
-2.0,2.0,204.24,181.45,-0.2,0.8,34,25
-2.4,2.0,204.24,182.39,-0.2,0.8,35,25
-2.9,2.0,204.23,182.42,-0.2,0.8,36,25
-3.3,2.0,204.43,183.03,-0.2,0.8,37,25
-3.8,2.0,204.80,183.12,-0.2,0.8,38,25
-4.2,2.0,204.31,182.42,-0.2,0.8,39,25
-4.2,1.5,204.98,183.33,-0.2,0.8,00,26
-3.8,1.5,204.16,182.13,-0.2,0.8,01,26
-3.3,1.5,204.22,182.97,-0.2,0.8,02,26
-2.9,1.5,204.93,183.51,-0.2,0.8,03,26
-2.4,1.5,204.40,181.94,-0.2,0.8,04,26
-2.0,1.5,204.00,181.97,-0.2,0.8,05,26
-1.5,1.5,203.94,182.46,-0.2,0.8,06,26
-1.1,1.5,204.08,182.34,-0.2,0.8,07,26
-0.7,1.5,204.40,182.42,-0.2,0.8,08,26
-0.2,1.5,204.18,182.40,-0.2,0.8,09,26
0.2,1.5,204.57,181.56,-0.2,0.8,10,26
0.7,1.5,204.65,181.91,-0.2,0.8,11,26
1.1,1.5,204.42,183.22,-0.2,0.8,12,26
1.5,1.5,204.54,181.53,-0.2,0.8,13,26
2.0,1.5,204.37,181.61,-0.2,0.8,14,26
2.4,1.5,204.70,182.95,-0.2,0.8,15,26
2.9,1.5,204.35,182.75,-0.2,0.8,16,26
3.3,1.5,204.24,182.68,-0.2,0.8,17,26
3.8,1.5,203.97,182.37,-0.2,0.8,18,26
4.2,1.5,204.67,182.96,-0.2,0.8,19,26
4.2,1.1,205.04,182.43,-0.2,0.8,20,27
3.8,1.1,204.37,182.46,-0.2,0.8,21,27
3.3,1.1,204.36,183.05,-0.2,0.8,22,27
2.9,1.1,203.75,181.82,-0.2,0.8,23,27
2.4,1.1,204.63,182.83,-0.2,0.8,24,27
2.0,1.1,204.42,182.79,-0.2,0.8,25,27
1.5,1.1,204.23,182.40,-0.2,0.8,26,27
1.1,1.1,204.41,182.86,-0.2,0.8,27,27
0.7,1.1,204.82,182.28,-0.2,0.8,28,27
0.2,1.1,204.49,181.60,-0.2,0.8,29,27
-0.2,1.1,204.55,182.81,-0.2,0.8,30,27
-0.7,1.1,204.63,182.64,-0.2,0.8,31,27
-1.1,1.1,204.07,182.54,-0.1,0.9,32,27
-1.5,1.1,204.15,182.91,-0.1,0.9,33,27
-2.0,1.1,203.95,182.81,-0.1,0.9,34,27
-2.4,1.1,204.29,182.24,-0.1,0.9,35,27
-2.9,1.1,204.30,182.77,-0.1,0.9,36,27
-3.3,1.1,204.15,182.84,-0.1,0.9,37,27
-3.8,1.1,204.00,182.05,-0.1,0.9,38,27
-4.2,1.1,203.86,182.07,-0.1,0.9,39,27
-4.2,0.7,204.52,182.27,-0.1,0.9,00,28
-3.8,0.7,204.06,183.18,-0.1,0.9,01,28
-3.3,0.7,205.01,181.38,-0.1,0.9,02,28
-2.9,0.7,205.08,181.27,-0.1,0.9,03,28
-2.4,0.7,204.23,182.34,-0.1,0.9,04,28
-2.0,0.7,204.16,182.36,-0.1,0.9,05,28
-1.5,0.7,204.25,183.11,-0.1,0.9,06,28
-1.1,0.7,203.93,182.43,-0.1,0.9,07,28
-0.7,0.7,204.04,182.42,-0.1,0.9,08,28
-0.2,0.7,204.20,182.65,-0.1,0.9,09,28
0.2,0.7,204.67,182.22,-0.1,0.9,10,28
0.7,0.7,204.63,182.11,-0.1,0.9,11,28
1.1,0.7,204.03,183.22,-0.1,0.9,12,28
1.5,0.7,203.94,182.09,-0.1,0.9,13,28
2.0,0.7,203.94,183.14,-0.1,0.9,14,28
2.4,0.7,204.23,182.90,-0.1,0.9,15,28
2.9,0.7,204.44,182.94,-0.1,0.9,16,28
3.3,0.7,204.67,182.89,-0.1,0.9,17,28
3.8,0.7,204.31,182.90,-0.1,0.9,18,28
4.2,0.7,204.32,182.88,-0.1,0.9,19,28
4.2,0.2,204.84,183.14,-0.1,0.9,20,29
3.8,0.2,204.13,181.90,-0.1,0.9,21,29
3.3,0.2,204.74,182.18,-0.1,0.9,22,29
2.9,0.2,205.14,182.76,-0.1,0.9,23,29
2.4,0.2,204.26,183.11,-0.1,0.9,24,29
2.0,0.2,204.11,183.02,-0.1,0.9,25,29
1.5,0.2,204.71,183.12,-0.1,0.9,26,29
1.1,0.2,204.17,183.36,-0.1,0.9,27,29
0.7,0.2,204.22,182.28,-0.1,0.9,28,29
0.2,0.2,204.12,182.78,-0.1,0.9,29,29
-0.2,0.2,204.93,182.83,-0.1,0.9,30,29
-0.7,0.2,204.63,181.21,-0.1,0.9,31,29
-1.1,0.2,204.28,181.82,-0.1,0.9,32,29
-1.5,0.2,204.05,182.76,-0.1,0.9,33,29
-2.0,0.2,204.36,183.21,-0.1,0.9,34,29
-2.4,0.2,204.82,181.62,-0.1,0.9,35,29
-2.9,0.2,203.93,183.05,-0.1,0.9,36,29
-3.3,0.2,204.42,182.53,-0.1,0.9,37,29
-3.8,0.2,204.18,182.29,-0.1,0.9,38,29
-4.2,0.2,204.39,182.90,-0.1,0.9,39,29
-4.2,-0.2,203.77,182.37,-0.1,0.9,00,30
-3.8,-0.2,204.17,182.64,-0.1,0.9,01,30
-3.3,-0.2,204.24,182.09,-0.1,0.9,02,30
-2.9,-0.2,203.66,183.84,-0.1,0.9,03,30
-2.4,-0.2,204.81,181.46,-0.1,0.9,04,30
-2.0,-0.2,204.33,182.40,-0.1,0.9,05,30
-1.5,-0.2,204.34,182.86,-0.1,0.9,06,30
-1.1,-0.2,204.90,181.63,-0.1,0.9,07,30
-0.7,-0.2,204.11,182.66,-0.1,0.9,08,30
-0.2,-0.2,204.15,182.55,-0.1,0.9,09,30
0.2,-0.2,203.94,183.03,-0.1,0.9,10,30
0.7,-0.2,204.11,182.07,-0.1,0.9,11,30
1.1,-0.2,204.07,182.97,-0.1,0.9,12,30
1.5,-0.2,204.35,182.65,-0.1,0.9,13,30
2.0,-0.2,204.47,182.59,-0.1,0.9,14,30
2.4,-0.2,204.54,182.74,-0.1,0.9,15,30
2.9,-0.2,204.18,182.94,-0.1,0.9,16,30
3.3,-0.2,203.96,182.32,-0.1,0.9,17,30
3.8,-0.2,204.05,183.74,-0.1,0.9,18,30
4.2,-0.2,204.15,182.64,-0.1,0.9,19,30
4.2,-0.7,204.30,183.43,-0.1,0.9,20,31
3.8,-0.7,204.58,182.49,-0.1,0.9,21,31
3.3,-0.7,204.54,182.07,-0.1,0.9,22,31
2.9,-0.7,204.24,182.67,-0.1,0.9,23,31
2.4,-0.7,204.71,182.57,-0.1,0.9,24,31
2.0,-0.7,204.75,182.04,-0.1,0.9,25,31
1.5,-0.7,204.62,181.47,-0.1,0.9,26,31
1.1,-0.7,204.12,181.76,-0.1,0.9,27,31
0.7,-0.7,204.41,183.18,-0.1,0.9,28,31
0.2,-0.7,204.00,181.90,-0.1,0.9,29,31
-0.2,-0.7,204.27,182.97,-0.1,0.9,30,31
-0.7,-0.7,204.86,182.76,-0.1,0.9,31,31
-1.1,-0.7,204.37,182.33,-0.1,0.9,32,31
-1.5,-0.7,204.75,182.11,-0.1,0.9,33,31
-2.0,-0.7,204.32,182.24,-0.1,0.9,34,31
-2.4,-0.7,204.67,182.49,-0.1,0.9,35,31
-2.9,-0.7,204.12,182.55,-0.1,0.9,36,31
-3.3,-0.7,204.37,182.25,-0.1,0.9,37,31
-3.8,-0.7,204.05,182.47,-0.1,0.9,38,31
-4.2,-0.7,203.87,182.24,-0.1,0.9,39,31
-4.2,-1.1,204.07,182.68,-0.1,0.9,00,32
-3.8,-1.1,203.65,182.90,-0.1,0.9,01,32
-3.3,-1.1,203.84,182.02,-0.1,0.9,02,32
-2.9,-1.1,204.03,181.81,-0.1,0.9,03,32
-2.4,-1.1,204.30,182.88,-0.1,0.9,04,32
-2.0,-1.1,204.89,183.23,-0.1,0.9,05,32
-1.5,-1.1,203.88,183.60,-0.1,0.9,06,32
-1.1,-1.1,204.24,182.12,-0.1,0.9,07,32
-0.7,-1.1,204.61,181.47,-0.1,0.9,08,32
-0.2,-1.1,203.87,183.36,-0.1,0.9,09,32
0.2,-1.1,204.24,182.82,-0.1,0.9,10,32
0.7,-1.1,204.06,182.04,-0.1,0.9,11,32
1.1,-1.1,204.45,181.93,-0.1,0.9,12,32
1.5,-1.1,205.24,181.97,-0.1,0.9,13,32
2.0,-1.1,204.14,182.00,-0.1,0.8,14,32
2.4,-1.1,204.15,181.59,-0.1,0.8,15,32
2.9,-1.1,205.00,181.97,-0.1,0.8,16,32
3.3,-1.1,205.26,182.73,-0.1,0.8,17,32
3.8,-1.1,204.41,182.67,-0.1,0.8,18,32
4.2,-1.1,204.28,182.26,-0.1,0.8,19,32
4.2,-1.5,204.34,181.74,-0.1,0.8,20,33
3.8,-1.5,204.11,182.53,-0.1,0.8,21,33
3.3,-1.5,205.48,182.23,-0.1,0.8,22,33
2.9,-1.5,204.71,182.87,-0.1,0.8,23,33
2.4,-1.5,204.04,181.57,-0.1,0.8,24,33
2.0,-1.5,204.03,182.45,-0.1,0.8,25,33
1.5,-1.5,204.21,182.41,-0.1,0.8,26,33
1.1,-1.5,204.43,183.65,-0.1,0.8,27,33
0.7,-1.5,204.53,182.22,-0.1,0.8,28,33
0.2,-1.5,205.04,182.76,-0.1,0.8,29,33
-0.2,-1.5,204.33,182.85,-0.1,0.8,30,33
-0.7,-1.5,205.01,181.82,-0.1,0.8,31,33
-1.1,-1.5,204.13,182.73,-0.1,0.8,32,33
-1.5,-1.5,204.24,182.48,-0.1,0.8,33,33
-2.0,-1.5,204.26,181.96,-0.1,0.8,34,33
-2.4,-1.5,204.32,182.00,-0.1,0.8,35,33
-2.9,-1.5,204.55,182.79,-0.1,0.8,36,33
-3.3,-1.5,204.36,181.90,-0.1,0.8,37,33
-3.8,-1.5,204.05,182.47,-0.1,0.8,38,33
-4.2,-1.5,204.00,182.32,-0.1,0.8,39,33
-4.2,-2.0,204.10,182.10,-0.1,0.8,00,34
-3.8,-2.0,204.45,182.07,-0.1,0.8,01,34
-3.3,-2.0,204.35,182.96,-0.1,0.8,02,34
-2.9,-2.0,204.51,182.89,-0.1,0.8,03,34
-2.4,-2.0,204.39,183.05,-0.1,0.8,04,34
-2.0,-2.0,203.67,183.47,-0.1,0.8,05,34
-1.5,-2.0,204.51,183.06,-0.1,0.8,06,34
-1.1,-2.0,204.33,182.60,-0.1,0.8,07,34
-0.7,-2.0,204.16,182.87,-0.1,0.8,08,34
-0.2,-2.0,203.38,182.67,-0.1,0.8,09,34
0.2,-2.0,204.36,183.07,-0.1,0.8,10,34
0.7,-2.0,204.48,182.73,-0.1,0.8,11,34
1.1,-2.0,204.15,182.51,-0.0,0.8,12,34
1.5,-2.0,204.27,183.36,-0.0,0.8,13,34
2.0,-2.0,204.47,183.41,-0.0,0.8,14,34
2.4,-2.0,204.17,181.95,-0.0,0.8,15,34
2.9,-2.0,204.77,182.49,-0.0,0.8,16,34
3.3,-2.0,204.49,183.13,-0.0,0.8,17,34
3.8,-2.0,204.26,182.66,-0.0,0.8,18,34
4.2,-2.0,204.99,182.39,-0.0,0.8,19,34
4.2,-2.4,204.35,182.36,-0.0,0.8,20,35
3.8,-2.4,204.11,182.88,-0.0,0.8,21,35
3.3,-2.4,205.20,181.62,-0.0,0.8,22,35
2.9,-2.4,204.67,182.37,-0.0,0.8,23,35
2.4,-2.4,204.25,182.49,-0.0,0.8,24,35
2.0,-2.4,204.52,182.74,-0.0,0.8,25,35
1.5,-2.4,203.98,183.36,-0.0,0.8,26,35
1.1,-2.4,204.51,183.37,-0.0,0.8,27,35
0.7,-2.4,204.41,183.45,-0.0,0.8,28,35
0.2,-2.4,204.22,182.00,-0.0,0.8,29,35
-0.2,-2.4,204.52,182.83,-0.0,0.8,30,35
-0.7,-2.4,204.44,182.14,-0.0,0.8,31,35
-1.1,-2.4,204.48,182.44,-0.0,0.8,32,35
-1.5,-2.4,205.07,183.18,-0.0,0.8,33,35
-2.0,-2.4,204.22,182.41,-0.0,0.8,34,35
-2.4,-2.4,204.13,183.55,-0.0,0.8,35,35
-2.9,-2.4,204.13,183.31,-0.0,0.8,36,35
-3.3,-2.4,204.16,182.46,-0.0,0.8,37,35
-3.8,-2.4,203.82,182.08,-0.0,0.8,38,35
-4.2,-2.4,204.41,182.45,-0.0,0.8,39,35
-4.2,-2.9,204.24,182.31,-0.0,0.8,00,36
-3.8,-2.9,205.47,181.23,-0.0,0.8,01,36
-3.3,-2.9,204.28,182.30,-0.0,0.8,02,36
-2.9,-2.9,204.61,182.48,-0.0,0.8,03,36
-2.4,-2.9,203.77,183.73,-0.0,0.8,04,36
-2.0,-2.9,204.25,182.18,-0.0,0.8,05,36
-1.5,-2.9,204.31,182.51,-0.0,0.8,06,36
-1.1,-2.9,204.48,181.53,-0.0,0.8,07,36
-0.7,-2.9,204.30,182.71,-0.0,0.8,08,36
-0.2,-2.9,204.27,182.98,-0.0,0.8,09,36
0.2,-2.9,204.29,183.50,-0.0,0.8,10,36
0.7,-2.9,204.74,182.90,-0.0,0.8,11,36
1.1,-2.9,204.47,182.79,-0.0,0.8,12,36
1.5,-2.9,204.34,183.44,-0.0,0.8,13,36
2.0,-2.9,204.50,183.67,-0.0,0.8,14,36
2.4,-2.9,205.50,182.96,-0.0,0.8,15,36
2.9,-2.9,204.24,181.95,-0.0,0.8,16,36
3.3,-2.9,204.71,182.44,-0.0,0.8,17,36
3.8,-2.9,204.74,182.65,-0.0,0.8,18,36
4.2,-2.9,204.44,182.09,-0.0,0.8,19,36
4.2,-3.3,204.84,182.78,-0.0,0.8,20,37
3.8,-3.3,204.42,182.86,-0.0,0.8,21,37
3.3,-3.3,204.48,183.28,-0.0,0.8,22,37
2.9,-3.3,204.30,183.16,-0.0,0.8,23,37
2.4,-3.3,204.49,182.84,-0.0,0.8,24,37
2.0,-3.3,204.65,183.55,-0.0,0.8,25,37
1.5,-3.3,204.30,183.90,-0.0,0.8,26,37
1.1,-3.3,204.32,183.00,-0.0,0.8,27,37
0.7,-3.3,205.04,183.09,-0.0,0.8,28,37
0.2,-3.3,204.00,182.83,-0.0,0.8,29,37
-0.2,-3.3,204.54,183.06,-0.0,0.8,30,37
-0.7,-3.3,203.76,183.53,-0.0,0.8,31,37
-1.1,-3.3,204.17,182.92,-0.0,0.8,32,37
-1.5,-3.3,204.27,182.87,-0.0,0.8,33,37
-2.0,-3.3,203.84,182.85,-0.0,0.8,34,37
-2.4,-3.3,204.69,183.13,-0.0,0.8,35,37
-2.9,-3.3,204.43,182.64,-0.0,0.8,36,37
-3.3,-3.3,204.91,182.19,-0.0,0.8,37,37
-3.8,-3.3,204.28,182.84,-0.0,0.8,38,37
-4.2,-3.3,204.31,182.19,-0.0,0.8,39,37
-4.2,-3.8,204.28,182.47,-0.0,0.8,00,38
-3.8,-3.8,204.08,182.43,-0.0,0.8,01,38
-3.3,-3.8,203.82,182.56,-0.0,0.8,02,38
-2.9,-3.8,204.23,182.58,-0.0,0.8,03,38
-2.4,-3.8,204.49,182.89,-0.0,0.8,04,38
-2.0,-3.8,204.81,182.20,-0.0,0.8,05,38
-1.5,-3.8,203.69,182.90,-0.0,0.8,06,38
-1.1,-3.8,204.15,182.12,-0.0,0.8,07,38
-0.7,-3.8,204.35,181.99,-0.1,0.8,08,38
-0.2,-3.8,204.37,183.60,-0.1,0.8,09,38
0.2,-3.8,204.14,182.78,-0.1,0.8,10,38
0.7,-3.8,204.65,182.61,-0.1,0.8,11,38
1.1,-3.8,204.37,182.16,-0.1,0.8,12,38
1.5,-3.8,204.35,182.81,-0.1,0.8,13,38
2.0,-3.8,204.61,183.05,-0.1,0.8,14,38
2.4,-3.8,204.28,182.36,-0.1,0.8,15,38
2.9,-3.8,204.87,182.05,-0.1,0.8,16,38
3.3,-3.8,204.51,183.02,-0.1,0.8,17,38
3.8,-3.8,205.33,183.30,-0.1,0.8,18,38
4.2,-3.8,204.33,182.60,-0.1,0.8,19,38
4.2,-4.2,204.45,183.35,-0.1,0.8,20,39
3.8,-4.2,204.46,183.10,-0.1,0.8,21,39
3.3,-4.2,204.67,182.69,-0.1,0.8,22,39
2.9,-4.2,204.74,183.00,-0.1,0.8,23,39
2.4,-4.2,204.60,183.10,-0.1,0.8,24,39
2.0,-4.2,203.82,183.88,-0.1,0.8,25,39
1.5,-4.2,205.20,183.15,-0.1,0.8,26,39
1.1,-4.2,204.16,182.87,-0.1,0.8,27,39
0.7,-4.2,204.47,182.72,-0.1,0.8,28,39
0.2,-4.2,204.38,182.06,-0.1,0.8,29,39
-0.2,-4.2,204.86,183.25,-0.1,0.8,30,39
-0.7,-4.2,204.27,182.99,-0.1,0.8,31,39
-1.1,-4.2,204.45,182.90,-0.1,0.8,32,39
-1.5,-4.2,204.98,182.02,-0.1,0.8,33,39
-2.0,-4.2,204.37,182.20,-0.1,0.8,34,39
-2.4,-4.2,204.93,181.52,-0.1,0.8,35,39
-2.9,-4.2,204.40,184.22,-0.1,0.8,36,39
-3.3,-4.2,204.16,182.93,-0.1,0.8,37,39
-3.8,-4.2,203.88,183.64,-0.1,0.8,38,39
-4.2,-4.2,203.76,183.34,-0.1,0.8,39,39
-4.2,-4.2,204.42,182.78,-0.1,0.8,00,00
-3.8,-4.2,203.97,182.98,-0.1,0.8,01,00
-3.3,-4.2,205.29,184.39,-0.1,0.8,02,00
-2.9,-4.2,204.18,182.78,-0.1,0.8,03,00
-2.4,-4.2,204.11,182.96,-0.1,0.8,04,00
-2.0,-4.2,204.91,181.66,-0.1,0.8,05,00
-1.5,-4.2,204.45,182.57,-0.1,0.8,06,00
-1.1,-4.2,204.44,181.42,-0.1,0.8,07,00
-0.7,-4.2,204.47,183.11,-0.1,0.8,08,00
-0.2,-4.2,204.01,183.34,-0.1,0.8,09,00
0.2,-4.2,205.06,183.16,-0.1,0.8,10,00
0.7,-4.2,204.95,182.27,-0.1,0.8,11,00
1.1,-4.2,204.90,183.73,-0.1,0.8,12,00
1.5,-4.2,204.13,181.88,-0.1,0.8,13,00
2.0,-4.2,205.31,183.61,-0.1,0.8,14,00
2.4,-4.2,203.94,183.69,-0.1,0.8,15,00
2.9,-4.2,204.39,182.61,-0.1,0.8,16,00
3.3,-4.2,204.39,182.78,-0.1,0.8,17,00
3.8,-4.2,204.37,182.72,-0.1,0.8,18,00
4.2,-4.2,204.14,182.85,-0.1,0.8,19,00
4.2,-3.8,204.43,183.13,-0.1,0.8,20,01
3.8,-3.8,204.85,182.41,-0.1,0.8,21,01
3.3,-3.8,204.42,182.94,-0.1,0.8,22,01
2.9,-3.8,204.91,182.82,-0.1,0.8,23,01
2.4,-3.8,204.32,182.67,-0.1,0.8,24,01
2.0,-3.8,205.55,182.52,-0.1,0.8,25,01
1.5,-3.8,204.41,183.31,-0.1,0.8,26,01
1.1,-3.8,204.08,183.50,-0.1,0.8,27,01
0.7,-3.8,204.26,183.01,-0.2,0.8,28,01
0.2,-3.8,204.27,182.55,-0.2,0.8,29,01
-0.2,-3.8,204.10,182.26,-0.2,0.8,30,01
-0.7,-3.8,204.37,182.74,-0.2,0.8,31,01
-1.1,-3.8,205.11,182.73,-0.2,0.8,32,01
-1.5,-3.8,204.37,183.06,-0.2,0.8,33,01
-2.0,-3.8,204.29,182.75,-0.2,0.8,34,01
-2.4,-3.8,204.70,180.79,-0.2,0.8,35,01
-2.9,-3.8,204.61,182.87,-0.2,0.8,36,01
-3.3,-3.8,204.61,181.84,-0.2,0.8,37,01
-3.8,-3.8,204.07,182.89,-0.2,0.8,38,01
-4.2,-3.8,204.37,183.22,-0.2,0.8,39,01
-4.2,-3.3,204.47,181.29,-0.2,0.8,00,02
-3.8,-3.3,204.09,181.36,-0.2,0.8,01,02
-3.3,-3.3,204.20,182.66,-0.2,0.8,02,02
-2.9,-3.3,204.54,181.93,-0.2,0.8,03,02
-2.4,-3.3,204.96,182.49,-0.2,0.8,04,02
-2.0,-3.3,204.45,182.75,-0.2,0.8,05,02
-1.5,-3.3,204.41,182.44,-0.2,0.8,06,02
-1.1,-3.3,204.66,182.52,-0.2,0.8,07,02
-0.7,-3.3,204.17,182.17,-0.2,0.8,08,02
-0.2,-3.3,203.80,182.27,-0.2,0.8,09,02
0.2,-3.3,204.17,181.89,-0.2,0.8,10,02
0.7,-3.3,204.30,183.00,-0.2,0.8,11,02
1.1,-3.3,204.39,183.83,-0.2,0.8,12,02
1.5,-3.3,203.75,183.72,-0.2,0.8,13,02
2.0,-3.3,204.68,182.81,-0.2,0.8,14,02
2.4,-3.3,204.23,182.03,-0.2,0.8,15,02
2.9,-3.3,205.08,181.98,-0.2,0.8,16,02
3.3,-3.3,204.67,182.15,-0.2,0.8,17,02
3.8,-3.3,203.99,183.42,-0.2,0.8,18,02
4.2,-3.3,204.21,181.85,-0.2,0.8,19,02
4.2,-2.9,204.18,182.77,-0.2,0.8,20,03
3.8,-2.9,205.29,182.46,-0.2,0.8,21,03
3.3,-2.9,204.76,182.38,-0.2,0.8,22,03
2.9,-2.9,204.70,182.10,-0.2,0.8,23,03
2.4,-2.9,204.07,183.17,-0.2,0.8,24,03
2.0,-2.9,204.31,182.46,-0.2,0.8,25,03
1.5,-2.9,204.85,183.04,-0.2,0.8,26,03
1.1,-2.9,204.75,182.93,-0.2,0.8,27,03
0.7,-2.9,204.25,183.08,-0.2,0.8,28,03
0.2,-2.9,204.40,182.37,-0.2,0.8,29,03
-0.2,-2.9,204.51,182.20,-0.2,0.8,30,03
-0.7,-2.9,205.09,182.40,-0.2,0.8,31,03
-1.1,-2.9,203.97,182.33,-0.2,0.8,32,03
-1.5,-2.9,204.03,181.86,-0.2,0.8,33,03
-2.0,-2.9,204.34,182.71,-0.2,0.8,34,03
-2.4,-2.9,204.59,181.37,-0.2,0.8,35,03
-2.9,-2.9,204.71,182.22,-0.2,0.8,36,03
-3.3,-2.9,205.26,183.26,-0.2,0.8,37,03
-3.8,-2.9,204.82,182.58,-0.2,0.8,38,03
-4.2,-2.9,204.17,182.80,-0.2,0.8,39,03
-4.2,-2.4,204.83,182.66,-0.2,0.8,00,04
-3.8,-2.4,204.26,182.40,-0.2,0.8,01,04
-3.3,-2.4,204.16,182.43,-0.2,0.8,02,04
-2.9,-2.4,204.56,182.46,-0.2,0.8,03,04
-2.4,-2.4,204.74,181.72,-0.2,0.8,04,04
-2.0,-2.4,204.44,182.81,-0.2,0.8,05,04
-1.5,-2.4,204.27,182.49,-0.2,0.8,06,04
-1.1,-2.4,204.46,183.20,-0.2,0.8,07,04
-0.7,-2.4,205.03,183.05,-0.2,0.8,08,04
-0.2,-2.4,203.97,181.92,-0.2,0.8,09,04
0.2,-2.4,205.41,182.10,-0.2,0.8,10,04
0.7,-2.4,204.46,183.09,-0.2,0.8,11,04
1.1,-2.4,204.14,183.25,-0.2,0.8,12,04
1.5,-2.4,204.26,181.96,-0.2,0.8,13,04
2.0,-2.4,204.83,182.36,-0.2,0.8,14,04
2.4,-2.4,204.10,182.43,-0.2,0.8,15,04
2.9,-2.4,204.48,182.25,-0.2,0.8,16,04
3.3,-2.4,204.90,182.48,-0.2,0.8,17,04
3.8,-2.4,204.31,182.60,-0.2,0.8,18,04
4.2,-2.4,204.65,183.39,-0.2,0.8,19,04
4.2,-2.0,204.97,182.57,-0.2,0.8,20,05
3.8,-2.0,204.21,182.63,-0.2,0.8,21,05
3.3,-2.0,204.21,183.20,-0.2,0.8,22,05
2.9,-2.0,204.35,182.75,-0.2,0.8,23,05
2.4,-2.0,204.78,182.17,-0.2,0.8,24,05
2.0,-2.0,205.25,181.93,-0.2,0.8,25,05
1.5,-2.0,204.05,182.47,-0.2,0.8,26,05
1.1,-2.0,204.42,182.97,-0.2,0.8,27,05
0.7,-2.0,204.87,183.59,-0.2,0.8,28,05
0.2,-2.0,204.54,183.02,-0.2,0.8,29,05
-0.2,-2.0,204.12,182.74,-0.2,0.8,30,05
-0.7,-2.0,204.23,183.38,-0.2,0.8,31,05
-1.1,-2.0,204.11,182.32,-0.2,0.8,32,05
-1.5,-2.0,203.88,182.10,-0.2,0.8,33,05
-2.0,-2.0,204.43,181.70,-0.2,0.8,34,05
-2.4,-2.0,204.47,183.18,-0.2,0.8,35,05
-2.9,-2.0,204.57,182.72,-0.1,0.8,36,05
-3.3,-2.0,203.35,182.45,-0.1,0.8,37,05
-3.8,-2.0,203.96,181.97,-0.1,0.8,38,05
-4.2,-2.0,204.06,183.02,-0.1,0.8,39,05
-4.2,-1.5,204.35,182.15,-0.1,0.8,00,06
-3.8,-1.5,204.79,182.17,-0.1,0.8,01,06
-3.3,-1.5,204.46,181.88,-0.1,0.8,02,06
-2.9,-1.5,204.20,181.18,-0.1,0.8,03,06
-2.4,-1.5,204.94,181.70,-0.1,0.8,04,06
-2.0,-1.5,204.08,183.75,-0.1,0.8,05,06
-1.5,-1.5,204.79,182.30,-0.1,0.8,06,06
-1.1,-1.5,204.51,182.57,-0.1,0.8,07,06
-0.7,-1.5,204.38,181.97,-0.1,0.8,08,06
-0.2,-1.5,204.34,183.04,-0.1,0.8,09,06
0.2,-1.5,204.10,181.65,-0.1,0.8,10,06
0.7,-1.5,204.96,181.79,-0.1,0.8,11,06
1.1,-1.5,204.28,182.23,-0.1,0.8,12,06
1.5,-1.5,204.38,182.73,-0.1,0.8,13,06
2.0,-1.5,205.17,183.37,-0.1,0.8,14,06
2.4,-1.5,204.13,182.62,-0.1,0.8,15,06
2.9,-1.5,204.77,183.16,-0.1,0.8,16,06
3.3,-1.5,204.84,181.76,-0.1,0.8,17,06
3.8,-1.5,204.51,183.02,-0.1,0.8,18,06
4.2,-1.5,203.95,183.37,-0.1,0.8,19,06
4.2,-1.1,204.66,183.00,-0.1,0.8,20,07
3.8,-1.1,205.43,182.12,-0.1,0.8,21,07
3.3,-1.1,204.71,182.91,-0.1,0.8,22,07
2.9,-1.1,204.39,182.40,-0.1,0.8,23,07
2.4,-1.1,204.24,182.21,-0.1,0.8,24,07
2.0,-1.1,204.81,182.59,-0.1,0.8,25,07
1.5,-1.1,203.85,182.36,-0.1,0.8,26,07
1.1,-1.1,204.27,183.08,-0.1,0.8,27,07
0.7,-1.1,204.14,182.07,-0.1,0.8,28,07
0.2,-1.1,205.00,182.76,-0.1,0.8,29,07
-0.2,-1.1,204.19,182.43,-0.1,0.8,30,07
-0.7,-1.1,205.07,182.96,-0.2,0.8,31,07
-1.1,-1.1,204.68,182.59,-0.2,0.8,32,07
-1.5,-1.1,204.43,182.02,-0.2,0.8,33,07
-2.0,-1.1,204.29,182.45,-0.2,0.8,34,07
-2.4,-1.1,203.99,182.81,-0.2,0.8,35,07
-2.9,-1.1,204.17,182.76,-0.2,0.8,36,07
-3.3,-1.1,203.88,182.39,-0.2,0.8,37,07
-3.8,-1.1,204.32,182.67,-0.2,0.8,38,07
-4.2,-1.1,205.12,182.40,-0.2,0.8,39,07
-4.2,-0.7,205.02,181.87,-0.2,0.8,00,08
-3.8,-0.7,204.43,182.64,-0.2,0.8,01,08
-3.3,-0.7,204.57,182.63,-0.2,0.8,02,08
-2.9,-0.7,204.08,182.28,-0.2,0.8,03,08
-2.4,-0.7,203.90,182.38,-0.2,0.8,04,08
-2.0,-0.7,204.43,182.42,-0.2,0.8,05,08
-1.5,-0.7,204.51,182.86,-0.2,0.8,06,08
-1.1,-0.7,203.95,182.75,-0.2,0.8,07,08
-0.7,-0.7,204.30,182.77,-0.2,0.8,08,08
-0.2,-0.7,204.47,183.15,-0.2,0.8,09,08
0.2,-0.7,204.53,182.42,-0.2,0.8,10,08
0.7,-0.7,204.20,181.88,-0.2,0.8,11,08
1.1,-0.7,204.40,182.86,-0.2,0.8,12,08
1.5,-0.7,204.63,183.37,-0.2,0.8,13,08
2.0,-0.7,204.33,182.68,-0.2,0.8,14,08
2.4,-0.7,204.03,181.68,-0.2,0.8,15,08
2.9,-0.7,204.53,181.66,-0.2,0.8,16,08
3.3,-0.7,204.76,182.46,-0.2,0.8,17,08
3.8,-0.7,204.99,183.44,-0.2,0.8,18,08
4.2,-0.7,204.03,182.66,-0.2,0.8,19,08
4.2,-0.2,203.91,182.27,-0.2,0.8,20,09
3.8,-0.2,204.58,183.06,-0.2,0.8,21,09
3.3,-0.2,204.27,183.85,-0.2,0.8,22,09
2.9,-0.2,204.23,182.87,-0.2,0.8,23,09
2.4,-0.2,204.18,182.11,-0.2,0.8,24,09
2.0,-0.2,204.83,183.36,-0.2,0.8,25,09
1.5,-0.2,204.24,182.54,-0.2,0.8,26,09
1.1,-0.2,203.85,182.47,-0.3,0.8,27,09
0.7,-0.2,204.62,182.86,-0.3,0.8,28,09
0.2,-0.2,204.02,182.03,-0.3,0.8,29,09
-0.2,-0.2,204.53,182.45,-0.3,0.8,30,09
-0.7,-0.2,204.49,182.30,-0.3,0.8,31,09
-1.1,-0.2,204.96,182.86,-0.3,0.8,32,09
-1.5,-0.2,204.61,182.20,-0.3,0.8,33,09
-2.0,-0.2,204.51,183.26,-0.3,0.8,34,09
-2.4,-0.2,204.78,182.68,-0.3,0.8,35,09
-2.9,-0.2,204.66,182.80,-0.3,0.8,36,09
-3.3,-0.2,204.24,182.98,-0.3,0.8,37,09
-3.8,-0.2,204.29,182.31,-0.3,0.8,38,09
-4.2,-0.2,203.89,181.76,-0.3,0.8,39,09
-4.2,0.2,203.89,182.32,-0.3,0.7,00,10
-3.8,0.2,204.92,182.30,-0.3,0.7,01,10
-3.3,0.2,204.62,181.88,-0.3,0.7,02,10
-2.9,0.2,204.10,182.11,-0.3,0.7,03,10
-2.4,0.2,204.86,182.81,-0.3,0.7,04,10
-2.0,0.2,204.44,183.08,-0.3,0.7,05,10
-1.5,0.2,204.20,181.90,-0.3,0.7,06,10
-1.1,0.2,204.35,182.16,-0.3,0.7,07,10
-0.7,0.2,204.81,182.72,-0.3,0.7,08,10
-0.2,0.2,204.12,182.76,-0.3,0.7,09,10
0.2,0.2,203.96,183.03,-0.3,0.7,10,10
0.7,0.2,204.12,183.40,-0.3,0.7,11,10
1.1,0.2,204.29,181.42,-0.4,0.7,12,10
1.5,0.2,204.62,182.03,-0.4,0.7,13,10
2.0,0.2,204.51,181.46,-0.4,0.7,14,10
2.4,0.2,204.95,181.55,-0.4,0.7,15,10
2.9,0.2,205.06,183.32,-0.4,0.7,16,10
3.3,0.2,204.64,182.33,-0.4,0.7,17,10
3.8,0.2,204.20,182.72,-0.4,0.7,18,10
4.2,0.2,205.03,182.88,-0.4,0.7,19,10
4.2,0.7,204.72,182.45,-0.4,0.7,20,11
3.8,0.7,204.52,182.73,-0.4,0.7,21,11
3.3,0.7,204.10,181.98,-0.4,0.7,22,11
2.9,0.7,204.04,182.60,-0.4,0.7,23,11
2.4,0.7,204.19,182.08,-0.4,0.7,24,11
2.0,0.7,205.12,182.34,-0.5,0.6,25,11
1.5,0.7,204.34,182.20,-0.5,0.6,26,11
1.1,0.7,205.55,181.49,-0.5,0.6,27,11
0.7,0.7,203.81,182.06,-0.5,0.6,28,11
0.2,0.7,204.30,181.66,-0.5,0.6,29,11
-0.2,0.7,204.53,181.29,-0.5,0.6,30,11
-0.7,0.7,204.62,181.81,-0.5,0.6,31,11
-1.1,0.7,204.46,182.70,-0.5,0.6,32,11
-1.5,0.7,204.59,182.86,-0.5,0.6,33,11
-2.0,0.7,203.77,182.30,-0.5,0.6,34,11
-2.4,0.7,204.39,182.97,-0.5,0.6,35,11
-2.9,0.7,204.23,183.00,-0.5,0.6,36,11
-3.3,0.7,203.97,182.80,-0.5,0.6,37,11
-3.8,0.7,204.77,182.42,-0.5,0.6,38,11
-4.2,0.7,204.51,182.56,-0.5,0.6,39,11
-4.2,1.1,204.13,182.92,-0.5,0.6,00,12
-3.8,1.1,204.53,182.76,-0.5,0.6,01,12
-3.3,1.1,204.36,182.10,-0.5,0.6,02,12
-2.9,1.1,204.89,183.14,-0.6,0.5,03,12
-2.4,1.1,204.26,182.22,-0.6,0.5,04,12
-2.0,1.1,204.63,183.36,-0.6,0.5,05,12
-1.5,1.1,204.22,182.27,-0.6,0.5,06,12
-1.1,1.1,204.35,182.28,-0.6,0.5,07,12
-0.7,1.1,203.94,182.76,-0.6,0.5,08,12
-0.2,1.1,204.10,182.56,-0.6,0.5,09,12
0.2,1.1,204.31,182.99,-0.6,0.5,10,12
0.7,1.1,204.11,182.69,-0.6,0.5,11,12
1.1,1.1,204.29,181.63,-0.6,0.5,12,12
1.5,1.1,204.43,182.58,-0.6,0.5,13,12
2.0,1.1,203.88,182.25,-0.6,0.6,14,12
2.4,1.1,204.36,182.66,-0.6,0.6,15,12
2.9,1.1,204.56,182.66,-0.6,0.6,16,12
3.3,1.1,203.78,183.80,-0.6,0.6,17,12
3.8,1.1,204.46,182.67,-0.6,0.6,18,12
4.2,1.1,204.81,182.79,-0.6,0.6,19,12
4.2,1.5,203.99,182.30,-0.6,0.6,20,13
3.8,1.5,205.11,183.52,-0.5,0.6,21,13
3.3,1.5,204.35,182.87,-0.5,0.6,22,13
2.9,1.5,204.17,182.11,-0.5,0.6,23,13
2.4,1.5,204.51,182.77,-0.5,0.6,24,13
2.0,1.5,204.78,181.93,-0.5,0.6,25,13
1.5,1.5,204.47,182.77,-0.5,0.6,26,13
1.1,1.5,204.30,182.85,-0.5,0.6,27,13
0.7,1.5,204.15,182.75,-0.5,0.6,28,13
0.2,1.5,204.03,182.15,-0.4,0.7,29,13
-0.2,1.5,204.02,182.72,-0.4,0.7,30,13
-0.7,1.5,204.79,182.75,-0.4,0.7,31,13
-1.1,1.5,204.27,183.07,-0.4,0.7,32,13
-1.5,1.5,204.32,182.61,-0.4,0.7,33,13
-2.0,1.5,204.12,182.87,-0.4,0.7,34,13
-2.4,1.5,203.70,183.07,-0.4,0.7,35,13
-2.9,1.5,204.15,182.90,-0.4,0.7,36,13
-3.3,1.5,204.86,181.79,-0.4,0.7,37,13
-3.8,1.5,204.10,182.21,-0.4,0.7,38,13
-4.2,1.5,205.10,182.03,-0.4,0.7,39,13
-4.2,2.0,204.26,182.49,-0.4,0.7,00,14
-3.8,2.0,204.96,182.08,-0.4,0.7,01,14
-3.3,2.0,204.88,182.18,-0.4,0.7,02,14
-2.9,2.0,204.96,183.69,-0.4,0.7,03,14
-2.4,2.0,204.43,182.51,-0.3,0.8,04,14
-2.0,2.0,204.63,182.82,-0.3,0.8,05,14
-1.5,2.0,204.57,182.33,-0.3,0.8,06,14
-1.1,2.0,204.42,181.81,-0.3,0.8,07,14
-0.7,2.0,204.22,183.16,-0.3,0.9,08,14
-0.2,2.0,205.04,182.05,-0.3,0.9,09,14
0.2,2.0,203.98,182.04,-0.3,0.9,10,14
0.7,2.0,204.42,182.65,-0.3,0.9,11,14
1.1,2.0,204.13,181.92,-0.3,0.9,12,14
1.5,2.0,204.31,181.75,-0.3,0.9,13,14
2.0,2.0,205.09,182.25,-0.3,0.9,14,14
2.4,2.0,204.24,182.07,-0.3,0.9,15,14
2.9,2.0,204.59,182.30,-0.3,0.9,16,14
3.3,2.0,203.96,182.76,-0.3,0.9,17,14
3.8,2.0,203.97,183.21,-0.3,0.9,18,14
4.2,2.0,204.42,182.43,-0.4,1.0,19,14
4.2,2.4,204.24,183.33,-0.4,1.0,20,15
3.8,2.4,203.96,183.41,-0.4,1.0,21,15
3.3,2.4,204.32,182.65,-0.4,1.0,22,15
2.9,2.4,204.12,182.20,-0.4,1.0,23,15
2.4,2.4,204.16,182.03,-0.4,1.0,24,15
2.0,2.4,204.32,181.06,-0.4,1.0,25,15
1.5,2.4,204.25,182.95,-0.5,1.0,26,15
1.1,2.4,204.44,182.85,-0.5,1.0,27,15
0.7,2.4,205.80,181.46,-0.5,1.0,28,15
0.2,2.4,204.67,182.10,-0.5,1.0,29,15
-0.2,2.4,204.76,182.14,-0.5,1.0,30,15
-0.7,2.4,204.38,182.09,-0.5,1.0,31,15
-1.1,2.4,203.93,181.73,-0.5,1.0,32,15
-1.5,2.4,205.57,180.88,-0.5,1.0,33,15
-2.0,2.4,204.26,182.60,-0.5,1.0,34,15
-2.4,2.4,204.05,181.60,-0.5,1.0,35,15
-2.9,2.4,204.71,182.64,-0.5,1.0,36,15
-3.3,2.4,204.92,182.04,-0.6,1.0,37,15
-3.8,2.4,204.02,182.14,-0.6,1.0,38,15
-4.2,2.4,204.36,181.60,-0.6,1.0,39,15
-4.2,2.9,204.40,182.45,-0.6,1.0,00,16
-3.8,2.9,204.25,182.73,-0.6,1.0,01,16
-3.3,2.9,203.86,183.25,-0.6,1.0,02,16
-2.9,2.9,204.24,182.49,-0.6,1.0,03,16
-2.4,2.9,204.30,182.20,-0.6,1.0,04,16
-2.0,2.9,203.95,181.89,-0.6,1.0,05,16
-1.5,2.9,204.44,182.65,-0.6,1.0,06,16
-1.1,2.9,204.23,182.06,-0.6,1.0,07,16
-0.7,2.9,204.64,181.45,-0.6,1.0,08,16
-0.2,2.9,205.41,181.69,-0.6,1.0,09,16
0.2,2.9,204.64,181.50,-0.6,1.0,10,16
0.7,2.9,203.97,181.70,-0.6,1.0,11,16
1.1,2.9,204.78,182.11,-0.6,1.0,12,16
1.5,2.9,204.48,182.57,-0.7,1.0,13,16
2.0,2.9,204.55,182.88,-0.7,1.0,14,16
2.4,2.9,204.34,182.20,-0.7,1.0,15,16
2.9,2.9,204.72,182.08,-0.7,1.0,16,16
3.3,2.9,204.39,182.89,-0.7,1.0,17,16
3.8,2.9,204.26,182.67,-0.7,1.0,18,16
4.2,2.9,204.35,182.41,-0.7,1.0,19,16
4.2,3.3,204.27,183.25,-0.7,1.0,20,17
3.8,3.3,204.33,182.06,-0.7,1.0,21,17
3.3,3.3,204.20,182.40,-0.7,1.0,22,17
2.9,3.3,203.79,182.51,-0.7,1.0,23,17
2.4,3.3,204.11,182.81,-0.7,1.0,24,17
2.0,3.3,204.46,182.28,-0.7,1.0,25,17
1.5,3.3,204.60,181.61,-0.7,1.0,26,17
1.1,3.3,204.08,182.13,-0.7,1.0,27,17
0.7,3.3,204.18,182.29,-0.7,1.0,28,17
0.2,3.3,204.56,182.05,-0.7,1.0,29,17
-0.2,3.3,204.03,182.60,-0.7,1.0,30,17
-0.7,3.3,204.23,181.69,-0.7,1.0,31,17
-1.1,3.3,203.95,181.62,-0.7,1.0,32,17
-1.5,3.3,203.87,181.62,-0.6,1.0,33,17
-2.0,3.3,204.15,182.03,-0.6,1.0,34,17
-2.4,3.3,204.28,182.77,-0.6,1.0,35,17
-2.9,3.3,203.97,182.39,-0.6,1.0,36,17
-3.3,3.3,204.20,182.66,-0.6,1.0,37,17
-3.8,3.3,204.67,180.71,-0.6,1.0,38,17
-4.2,3.3,204.01,182.93,-0.6,1.0,39,17
-4.2,3.8,204.98,182.24,-0.6,1.0,00,18
-3.8,3.8,204.11,182.42,-0.6,1.0,01,18
-3.3,3.8,204.07,183.07,-0.6,1.0,02,18
-2.9,3.8,204.06,182.18,-0.6,1.0,03,18
-2.4,3.8,203.94,181.10,-0.6,1.0,04,18
-2.0,3.8,204.97,182.48,-0.6,1.0,05,18
-1.5,3.8,203.97,181.92,-0.6,1.0,06,18
-1.1,3.8,204.44,182.82,-0.6,1.0,07,18
-0.7,3.8,204.17,182.69,-0.6,1.0,08,18
-0.2,3.8,203.93,183.89,-0.5,1.0,09,18
0.2,3.8,204.20,182.38,-0.5,1.0,10,18
0.7,3.8,203.75,183.13,-0.5,1.0,11,18
1.1,3.8,204.51,182.75,-0.5,1.0,12,18
1.5,3.8,204.12,183.00,-0.5,1.0,13,18
2.0,3.8,204.39,181.74,-0.5,1.1,14,18
2.4,3.8,204.28,181.75,-0.5,1.1,15,18
2.9,3.8,204.39,182.06,-0.5,1.1,16,18
3.3,3.8,205.29,182.02,-0.5,1.1,17,18
3.8,3.8,204.60,182.28,-0.5,1.1,18,18
4.2,3.8,204.64,182.54,-0.5,1.1,19,18
4.2,4.2,204.69,182.40,-0.5,1.1,20,19
3.8,4.2,204.41,182.31,-0.5,1.1,21,19
3.3,4.2,204.88,182.45,-0.5,1.1,22,19
2.9,4.2,205.64,181.76,-0.5,1.1,23,19
2.4,4.2,204.13,181.77,-0.5,1.1,24,19
2.0,4.2,204.55,182.74,-0.5,1.1,25,19
1.5,4.2,204.22,182.57,-0.5,1.1,26,19
1.1,4.2,204.25,182.21,-0.5,1.1,27,19
0.7,4.2,204.39,182.29,-0.5,1.1,28,19
0.2,4.2,204.24,182.06,-0.4,1.1,29,19
-0.2,4.2,204.61,182.64,-0.4,1.1,30,19
-0.7,4.2,204.14,182.75,-0.4,1.1,31,19
-1.1,4.2,204.59,180.82,-0.4,1.2,32,19
-1.5,4.2,204.14,182.79,-0.4,1.2,33,19
-2.0,4.2,204.06,182.47,-0.4,1.2,34,19
-2.4,4.2,204.63,181.34,-0.4,1.2,35,19
-2.9,4.2,204.26,182.22,-0.4,1.2,36,19
-3.3,4.2,204.00,182.94,-0.4,1.2,37,19
-3.8,4.2,204.57,181.44,-0.4,1.2,38,19
-4.2,4.2,204.89,182.90,-0.4,1.2,39,19
-4.2,4.2,205.41,181.70,-0.4,1.2,00,20
-3.8,4.2,204.91,182.79,-0.4,1.2,01,20
-3.3,4.2,204.21,180.83,-0.4,1.2,02,20
-2.9,4.2,204.03,182.63,-0.4,1.2,03,20
-2.4,4.2,204.29,181.91,-0.4,1.2,04,20
-2.0,4.2,204.71,182.18,-0.4,1.2,05,20
-1.5,4.2,203.70,181.44,-0.4,1.2,06,20
-1.1,4.2,203.97,182.57,-0.4,1.2,07,20
-0.7,4.2,205.58,181.18,-0.4,1.2,08,20
-0.2,4.2,203.93,182.00,-0.4,1.2,09,20
0.2,4.2,204.02,181.71,-0.4,1.2,10,20
0.7,4.2,204.71,182.41,-0.4,1.2,11,20
1.1,4.2,203.92,181.85,-0.4,1.2,12,20
1.5,4.2,204.53,181.81,-0.4,1.2,13,20
2.0,4.2,203.95,181.95,-0.4,1.2,14,20
2.4,4.2,204.44,182.84,-0.4,1.2,15,20
2.9,4.2,204.97,182.04,-0.4,1.2,16,20
3.3,4.2,204.52,182.28,-0.4,1.2,17,20
3.8,4.2,204.14,182.88,-0.4,1.2,18,20
4.2,4.2,204.16,182.28,-0.4,1.2,19,20
4.2,3.8,204.76,182.07,-0.4,1.2,20,21
3.8,3.8,204.57,182.52,-0.4,1.2,21,21
3.3,3.8,204.63,182.24,-0.4,1.2,22,21
2.9,3.8,205.75,182.13,-0.4,1.2,23,21
2.4,3.8,204.76,181.89,-0.4,1.2,24,21
2.0,3.8,204.82,181.27,-0.4,1.2,25,21
1.5,3.8,203.93,182.25,-0.4,1.2,26,21
1.1,3.8,204.05,182.55,-0.4,1.2,27,21
0.7,3.8,203.98,182.39,-0.4,1.2,28,21
0.2,3.8,204.34,183.09,-0.4,1.2,29,21
-0.2,3.8,204.18,182.64,-0.4,1.2,30,21
-0.7,3.8,203.98,182.81,-0.4,1.2,31,21
-1.1,3.8,203.89,182.30,-0.4,1.2,32,21
-1.5,3.8,204.31,182.80,-0.4,1.1,33,21
-2.0,3.8,204.24,182.89,-0.4,1.1,34,21
-2.4,3.8,204.44,182.42,-0.4,1.1,35,21
-2.9,3.8,204.32,182.56,-0.4,1.1,36,21
-3.3,3.8,204.74,182.74,-0.4,1.1,37,21
-3.8,3.8,203.69,182.95,-0.4,1.1,38,21
-4.2,3.8,203.95,181.88,-0.4,1.1,39,21
-4.2,3.3,204.77,180.92,-0.4,1.1,00,22
-3.8,3.3,204.49,181.38,-0.4,1.1,01,22
-3.3,3.3,205.00,181.25,-0.4,1.1,02,22
-2.9,3.3,204.32,182.55,-0.4,1.1,03,22
-2.4,3.3,204.57,182.15,-0.4,1.1,04,22
-2.0,3.3,204.76,182.07,-0.4,1.1,05,22
-1.5,3.3,204.01,181.93,-0.4,1.1,06,22
-1.1,3.3,204.00,182.89,-0.4,1.1,07,22
-0.7,3.3,204.15,182.75,-0.4,1.1,08,22
-0.2,3.3,204.24,182.15,-0.4,1.1,09,22
0.2,3.3,204.06,182.24,-0.4,1.1,10,22
0.7,3.3,205.20,181.92,-0.4,1.1,11,22
1.1,3.3,204.34,182.54,-0.4,1.1,12,22
1.5,3.3,204.01,183.14,-0.4,1.1,13,22
2.0,3.3,204.25,182.84,-0.4,1.1,14,22
2.4,3.3,204.00,182.77,-0.4,1.1,15,22
2.9,3.3,204.44,182.71,-0.4,1.1,16,22
3.3,3.3,203.93,182.88,-0.4,1.1,17,22
3.8,3.3,204.80,183.13,-0.4,1.1,18,22
4.2,3.3,204.08,182.11,-0.4,1.1,19,22
4.2,2.9,204.43,182.49,-0.3,1.1,20,23
3.8,2.9,204.97,181.99,-0.3,1.1,21,23
3.3,2.9,204.23,182.51,-0.3,1.1,22,23
2.9,2.9,204.62,182.95,-0.3,1.1,23,23
2.4,2.9,204.45,182.49,-0.3,1.1,24,23
2.0,2.9,205.35,183.00,-0.3,1.1,25,23
1.5,2.9,204.19,182.28,-0.3,1.1,26,23
1.1,2.9,203.82,182.63,-0.3,1.1,27,23
0.7,2.9,203.84,183.32,-0.3,1.1,28,23
0.2,2.9,204.38,181.88,-0.3,1.1,29,23
-0.2,2.9,203.60,183.23,-0.3,1.1,30,23
-0.7,2.9,204.60,182.94,-0.3,1.1,31,23
-1.1,2.9,204.25,182.38,-0.3,1.1,32,23
-1.5,2.9,204.58,182.14,-0.3,1.1,33,23
-2.0,2.9,204.51,182.07,-0.3,1.1,34,23
-2.4,2.9,204.12,182.50,-0.3,1.1,35,23
-2.9,2.9,204.08,182.43,-0.3,1.1,36,23
-3.3,2.9,204.21,182.58,-0.3,1.1,37,23
-3.8,2.9,204.39,182.26,-0.3,1.1,38,23
-4.2,2.9,204.44,182.92,-0.3,1.1,39,23
-4.2,2.4,204.12,182.43,-0.3,1.1,00,24
-3.8,2.4,205.26,181.81,-0.3,1.1,01,24
-3.3,2.4,204.18,181.63,-0.3,1.1,02,24
-2.9,2.4,203.92,182.37,-0.3,1.1,03,24
-2.4,2.4,203.99,182.10,-0.3,1.1,04,24
-2.0,2.4,204.19,182.12,-0.4,1.1,05,24
-1.5,2.4,204.51,181.51,-0.4,1.1,06,24
-1.1,2.4,204.02,182.32,-0.4,1.1,07,24
-0.7,2.4,204.53,182.85,-0.4,1.1,08,24
-0.2,2.4,204.49,182.71,-0.4,1.1,09,24
0.2,2.4,204.04,183.06,-0.4,1.1,10,24
0.7,2.4,204.59,181.62,-0.4,1.1,11,24
1.1,2.4,204.35,181.52,-0.4,1.1,12,24
1.5,2.4,205.07,182.39,-0.4,1.1,13,24
2.0,2.4,204.15,182.21,-0.4,1.1,14,24
2.4,2.4,203.95,182.27,-0.4,1.1,15,24
2.9,2.4,204.11,183.00,-0.4,1.1,16,24
3.3,2.4,204.19,181.91,-0.4,1.1,17,24
3.8,2.4,205.13,182.05,-0.4,1.1,18,24
4.2,2.4,204.11,182.22,-0.4,1.1,19,24
4.2,2.0,204.46,182.92,-0.4,1.1,20,25
3.8,2.0,204.72,181.74,-0.4,1.1,21,25
3.3,2.0,204.16,182.36,-0.4,1.1,22,25
2.9,2.0,204.21,183.00,-0.4,1.1,23,25
2.4,2.0,204.83,182.78,-0.4,1.1,24,25
2.0,2.0,204.28,182.45,-0.4,1.1,25,25
1.5,2.0,204.78,182.48,-0.4,1.1,26,25
1.1,2.0,204.35,182.47,-0.4,1.1,27,25
0.7,2.0,204.87,183.30,-0.4,1.1,28,25
0.2,2.0,204.59,183.30,-0.4,1.1,29,25
-0.2,2.0,204.11,182.65,-0.4,1.1,30,25
-0.7,2.0,204.04,182.29,-0.4,1.1,31,25
-1.1,2.0,204.76,181.95,-0.4,1.1,32,25
-1.5,2.0,204.48,182.62,-0.4,1.1,33,25
-2.0,2.0,204.26,182.51,-0.4,1.1,34,25
-2.4,2.0,204.39,182.49,-0.4,1.1,35,25
-2.9,2.0,204.12,181.38,-0.4,1.1,36,25
-3.3,2.0,204.27,182.34,-0.4,1.1,37,25
-3.8,2.0,204.31,182.63,-0.4,1.1,38,25
-4.2,2.0,204.35,181.81,-0.4,1.1,39,25
-4.2,1.5,204.37,182.45,-0.4,1.1,00,26
-3.8,1.5,204.03,182.33,-0.4,1.1,01,26
-3.3,1.5,204.29,182.39,-0.4,1.1,02,26
-2.9,1.5,204.19,182.11,-0.4,1.1,03,26
-2.4,1.5,204.11,181.63,-0.4,1.1,04,26
-2.0,1.5,204.06,182.45,-0.4,1.1,05,26
-1.5,1.5,204.43,182.83,-0.4,1.1,06,26
-1.1,1.5,204.09,182.69,-0.4,1.1,07,26
-0.7,1.5,204.05,182.56,-0.4,1.1,08,26
-0.2,1.5,204.19,182.38,-0.4,1.1,09,26
0.2,1.5,204.16,182.67,-0.4,1.1,10,26
0.7,1.5,204.53,182.10,-0.4,1.1,11,26
1.1,1.5,204.31,182.38,-0.4,1.1,12,26
1.5,1.5,204.18,182.50,-0.4,1.1,13,26
2.0,1.5,204.56,182.75,-0.4,1.1,14,26
2.4,1.5,204.76,182.96,-0.4,1.1,15,26
2.9,1.5,204.48,182.03,-0.4,1.1,16,26
3.3,1.5,204.34,182.19,-0.4,1.1,17,26
3.8,1.5,204.41,182.58,-0.4,1.1,18,26
4.2,1.5,204.02,181.29,-0.8,1.1,19,26
4.2,1.1,204.56,182.73,-0.8,1.1,20,27
3.8,1.1,204.08,182.68,-0.8,1.1,21,27
3.3,1.1,204.35,182.46,-0.8,1.1,22,27
2.9,1.1,204.25,182.32,-0.8,1.1,23,27
2.4,1.1,204.69,182.73,-0.8,1.1,24,27
2.0,1.1,204.31,181.86,-0.8,1.1,25,27
1.5,1.1,203.84,181.34,-0.8,1.1,26,27
1.1,1.1,204.54,182.63,-0.8,1.1,27,27
0.7,1.1,204.17,182.52,-0.8,1.1,28,27
0.2,1.1,204.42,182.36,-0.8,1.1,29,27
-0.2,1.1,204.46,182.22,-0.8,1.1,30,27
-0.7,1.1,204.12,182.77,-0.8,1.1,31,27
-1.1,1.1,204.43,182.94,-0.8,1.1,32,27
-1.5,1.1,204.77,181.25,-0.8,1.1,33,27
-2.0,1.1,204.13,182.62,-0.8,1.1,34,27
-2.4,1.1,204.09,181.95,-0.8,1.1,35,27
-2.9,1.1,204.23,183.08,-0.8,1.1,36,27
-3.3,1.1,204.30,182.89,-0.8,1.1,37,27
-3.8,1.1,204.84,182.94,-0.8,1.1,38,27
-4.2,1.1,204.20,182.26,-0.8,1.1,39,27
-4.2,0.7,204.27,182.64,-0.8,1.1,00,28
-3.8,0.7,204.35,182.73,-0.8,1.1,01,28
-3.3,0.7,204.47,181.81,-0.8,1.1,02,28
-2.9,0.7,203.89,182.93,-0.8,1.1,03,28
-2.4,0.7,203.96,182.19,-0.8,1.1,04,28
-2.0,0.7,203.93,181.86,-0.8,1.1,05,28
-1.5,0.7,204.08,181.95,-0.9,1.1,06,28
-1.1,0.7,204.08,182.51,-0.9,1.1,07,28
-0.7,0.7,204.38,182.44,-0.9,1.1,08,28
-0.2,0.7,204.05,182.65,-0.9,1.1,09,28
0.2,0.7,204.60,182.94,-0.9,1.1,10,28
0.7,0.7,204.64,182.50,-0.9,1.1,11,28
1.1,0.7,204.16,182.48,-0.9,1.1,12,28
1.5,0.7,204.15,182.06,-0.9,1.1,13,28
2.0,0.7,204.21,182.69,-0.9,1.1,14,28
2.4,0.7,204.26,182.52,-0.9,1.1,15,28
2.9,0.7,204.09,182.81,-0.9,1.1,16,28
3.3,0.7,204.08,181.66,-0.9,1.1,17,28
3.8,0.7,205.24,181.42,-0.9,1.1,18,28
4.2,0.7,205.04,183.23,-0.9,1.1,19,28
4.2,0.2,204.46,182.42,-0.9,1.1,20,29
3.8,0.2,204.68,182.72,-0.9,1.1,21,29
3.3,0.2,204.32,182.01,-0.9,1.1,22,29
2.9,0.2,204.57,182.57,-0.9,1.1,23,29
2.4,0.2,204.26,182.80,-0.9,1.1,24,29
2.0,0.2,204.30,182.42,-0.9,1.1,25,29
1.5,0.2,204.15,182.77,-0.9,1.1,26,29
1.1,0.2,203.71,182.21,-0.9,1.1,27,29
0.7,0.2,204.31,181.59,-0.9,1.1,28,29
0.2,0.2,204.46,182.12,-0.9,1.1,29,29
-0.2,0.2,204.39,182.28,-0.9,1.1,30,29
-0.7,0.2,203.88,183.00,-0.9,1.1,31,29
-1.1,0.2,203.86,181.37,-0.9,1.1,32,29
-1.5,0.2,204.23,182.93,-0.9,1.1,33,29
-2.0,0.2,204.82,182.29,-0.9,1.1,34,29
-2.4,0.2,204.30,182.87,-0.9,1.1,35,29
-2.9,0.2,204.12,183.16,-0.9,1.1,36,29
-3.3,0.2,204.14,182.06,-0.9,1.1,37,29
-3.8,0.2,204.05,182.41,-0.9,1.1,38,29
-4.2,0.2,204.70,181.93,-0.9,1.1,39,29
-4.2,-0.2,203.99,182.11,-0.9,1.1,00,30
-3.8,-0.2,204.33,181.94,-0.9,1.1,01,30
-3.3,-0.2,203.95,181.90,-0.9,1.1,02,30
-2.9,-0.2,204.06,181.82,-0.9,1.1,03,30
-2.4,-0.2,204.14,182.55,-0.9,1.1,04,30
-2.0,-0.2,204.25,183.00,-0.9,1.1,05,30
-1.5,-0.2,204.64,181.67,-0.9,1.1,06,30
-1.1,-0.2,205.17,181.58,-0.9,1.1,07,30
-0.7,-0.2,204.16,182.50,-0.9,1.1,08,30
-0.2,-0.2,203.94,182.80,-0.8,1.2,09,30
0.2,-0.2,204.57,182.66,-0.8,1.2,10,30
0.7,-0.2,204.15,182.06,-0.8,1.2,11,30
1.1,-0.2,204.47,182.33,-0.8,1.2,12,30
1.5,-0.2,204.82,182.18,-0.8,1.2,13,30
2.0,-0.2,204.13,181.54,-0.8,1.2,14,30
2.4,-0.2,205.50,181.39,-0.8,1.2,15,30
2.9,-0.2,204.29,181.95,-0.8,1.2,16,30
3.3,-0.2,203.89,182.06,-0.8,1.2,17,30
3.8,-0.2,204.32,183.11,-0.8,1.2,18,30
4.2,-0.2,204.47,182.57,-0.8,1.2,19,30
4.2,-0.7,204.98,182.69,-0.8,1.2,20,31
3.8,-0.7,204.00,182.43,-0.8,1.2,21,31
3.3,-0.7,204.07,182.17,-0.8,1.2,22,31
2.9,-0.7,204.60,182.74,-0.8,1.2,23,31
2.4,-0.7,204.13,182.43,-0.8,1.2,24,31
2.0,-0.7,204.71,182.32,-0.8,1.2,25,31
1.5,-0.7,204.23,182.92,-0.8,1.2,26,31
1.1,-0.7,204.43,182.39,-0.8,1.2,27,31
0.7,-0.7,204.53,182.09,-0.8,1.2,28,31
0.2,-0.7,203.84,181.80,-0.8,1.2,29,31
-0.2,-0.7,204.52,182.17,-0.8,1.2,30,31
-0.7,-0.7,204.70,182.81,-0.8,1.2,31,31
-1.1,-0.7,204.84,181.27,-0.8,1.2,32,31
-1.5,-0.7,203.94,182.59,-0.8,1.2,33,31
-2.0,-0.7,204.08,182.49,-0.7,1.2,34,31
-2.4,-0.7,204.51,182.66,-0.7,1.2,35,31
-2.9,-0.7,204.51,181.72,-0.7,1.2,36,31
-3.3,-0.7,203.91,183.13,-0.7,1.2,37,31
-3.8,-0.7,203.83,182.28,-0.7,1.2,38,31
-4.2,-0.7,204.98,182.68,-0.7,1.2,39,31
-4.2,-1.1,205.07,182.12,-0.7,1.2,00,32
-3.8,-1.1,204.75,182.64,-0.7,1.2,01,32
-3.3,-1.1,204.63,182.88,-0.7,1.2,02,32
-2.9,-1.1,204.00,182.45,-0.7,1.2,03,32
-2.4,-1.1,204.25,182.92,-0.7,1.2,04,32
-2.0,-1.1,204.77,183.33,-0.7,1.2,05,32
-1.5,-1.1,204.06,182.62,-0.7,1.2,06,32
-1.1,-1.1,203.99,181.91,-0.7,1.2,07,32
-0.7,-1.1,204.02,181.80,-0.7,1.2,08,32
-0.2,-1.1,204.56,183.09,-0.7,1.2,09,32
0.2,-1.1,204.73,182.19,-0.7,1.2,10,32
0.7,-1.1,205.27,181.68,-0.7,1.2,11,32
1.1,-1.1,204.63,181.34,-0.7,1.2,12,32
1.5,-1.1,204.23,182.48,-0.7,1.2,13,32
2.0,-1.1,204.73,182.73,-0.7,1.2,14,32
2.4,-1.1,204.74,181.85,-0.7,1.2,15,32
2.9,-1.1,204.42,181.57,-0.7,1.2,16,32
3.3,-1.1,204.42,180.73,-0.7,1.2,17,32
3.8,-1.1,204.44,181.80,-0.7,1.2,18,32
4.2,-1.1,204.38,182.58,-0.7,1.2,19,32
4.2,-1.5,204.20,181.85,-0.7,1.2,20,33
3.8,-1.5,204.50,182.32,-0.7,1.2,21,33
3.3,-1.5,204.43,182.37,-0.7,1.2,22,33
2.9,-1.5,203.91,181.34,-0.7,1.2,23,33
2.4,-1.5,204.21,182.67,-0.7,1.2,24,33
2.0,-1.5,204.14,182.53,-0.7,1.2,25,33
1.5,-1.5,204.45,181.99,-0.7,1.1,26,33
1.1,-1.5,204.57,182.52,-0.7,1.1,27,33
0.7,-1.5,204.15,182.86,-0.7,1.1,28,33
0.2,-1.5,204.09,183.16,-0.7,1.1,29,33
-0.2,-1.5,204.47,182.87,-0.7,1.1,30,33
-0.7,-1.5,203.92,182.57,-0.7,1.1,31,33
-1.1,-1.5,205.00,183.53,-0.7,1.1,32,33
-1.5,-1.5,204.49,182.77,-0.7,1.1,33,33
-2.0,-1.5,204.37,182.92,-0.7,1.1,34,33
-2.4,-1.5,204.22,182.75,-0.7,1.1,35,33
-2.9,-1.5,204.46,182.21,-0.7,1.1,36,33
-3.3,-1.5,204.73,182.38,-0.7,1.1,37,33
-3.8,-1.5,204.57,182.77,-0.7,1.1,38,33
-4.2,-1.5,204.41,182.47,-0.7,1.1,39,33
-4.2,-2.0,203.66,183.65,-0.7,1.1,00,34
-3.8,-2.0,204.91,183.49,-0.7,1.1,01,34
-3.3,-2.0,204.58,182.42,-0.7,1.1,02,34
-2.9,-2.0,204.59,181.88,-0.7,1.1,03,34
-2.4,-2.0,204.43,181.94,-0.7,1.1,04,34
-2.0,-2.0,204.60,182.46,-0.7,1.1,05,34
-1.5,-2.0,204.41,183.11,-0.7,1.1,06,34
-1.1,-2.0,204.93,182.73,-0.8,1.1,07,34
-0.7,-2.0,204.30,182.52,-0.8,1.1,08,34
-0.2,-2.0,204.67,181.77,-0.8,1.1,09,34
0.2,-2.0,204.28,182.92,-0.8,1.1,10,34
0.7,-2.0,204.77,182.66,-0.8,1.1,11,34
1.1,-2.0,204.09,183.18,-0.8,1.1,12,34
1.5,-2.0,204.50,182.69,-0.8,1.1,13,34
2.0,-2.0,203.92,181.87,-0.8,1.1,14,34
2.4,-2.0,203.94,182.18,-0.8,1.1,15,34
2.9,-2.0,203.93,183.36,-0.8,1.1,16,34
3.3,-2.0,204.20,183.09,-0.8,1.1,17,34
3.8,-2.0,205.12,183.23,-0.8,1.1,18,34
4.2,-2.0,204.51,183.16,-0.8,1.1,19,34
4.2,-2.4,204.14,182.84,-0.8,1.0,20,35
3.8,-2.4,204.36,182.36,-0.8,1.0,21,35
3.3,-2.4,203.87,182.02,-0.8,1.0,22,35
2.9,-2.4,204.97,183.06,-0.8,1.0,23,35
2.4,-2.4,203.98,182.04,-0.8,1.0,24,35
2.0,-2.4,204.84,183.48,-0.8,1.0,25,35
1.5,-2.4,204.71,182.96,-0.8,1.0,26,35
1.1,-2.4,204.51,182.71,-0.8,1.0,27,35
0.7,-2.4,204.40,182.33,-0.8,1.0,28,35
0.2,-2.4,204.46,182.86,-0.8,1.0,29,35
-0.2,-2.4,204.52,181.97,-0.8,1.0,30,35
-0.7,-2.4,204.66,182.95,-0.8,1.0,31,35
-1.1,-2.4,204.18,182.82,-0.8,1.0,32,35
-1.5,-2.4,204.23,182.71,-0.8,1.0,33,35
-2.0,-2.4,203.94,182.73,-0.8,1.0,34,35
-2.4,-2.4,204.12,183.11,-0.8,1.0,35,35
-2.9,-2.4,204.34,182.97,-0.8,1.0,36,35
-3.3,-2.4,204.35,181.96,-0.8,1.0,37,35
-3.8,-2.4,203.88,183.45,-0.8,1.0,38,35
-4.2,-2.4,205.22,182.51,-0.8,1.0,39,35
-4.2,-2.9,204.05,182.70,-0.8,1.0,00,36
-3.8,-2.9,204.02,182.33,-0.8,1.0,01,36
-3.3,-2.9,204.58,182.45,-0.8,1.0,02,36
-2.9,-2.9,203.72,183.15,-0.8,1.0,03,36
-2.4,-2.9,204.07,182.68,-0.8,1.0,04,36
-2.0,-2.9,204.22,182.58,-0.8,1.0,05,36
-1.5,-2.9,204.02,182.71,-0.8,1.0,06,36
-1.1,-2.9,204.65,181.65,-0.8,1.0,07,36
-0.7,-2.9,203.96,182.84,-0.8,1.0,08,36
-0.2,-2.9,204.29,182.96,-0.8,1.0,09,36
0.2,-2.9,203.85,181.83,-0.8,1.0,10,36
0.7,-2.9,204.16,182.38,-0.8,1.0,11,36
1.1,-2.9,204.24,182.30,-0.8,1.0,12,36
1.5,-2.9,204.24,182.80,-0.8,1.0,13,36
2.0,-2.9,204.37,182.97,-0.8,1.0,14,36
2.4,-2.9,204.32,182.92,-0.7,1.0,15,36
2.9,-2.9,203.79,183.40,-0.7,1.0,16,36
3.3,-2.9,204.96,182.68,-0.7,1.0,17,36
3.8,-2.9,203.99,183.56,-0.7,1.0,18,36
4.2,-2.9,204.75,183.29,-0.7,1.0,19,36
4.2,-3.3,204.44,183.31,-0.7,1.0,20,37
3.8,-3.3,205.20,182.62,-0.7,1.0,21,37
3.3,-3.3,204.87,183.08,-0.7,1.0,22,37
2.9,-3.3,204.42,183.11,-0.7,1.0,23,37
2.4,-3.3,204.94,181.66,-0.7,1.0,24,37
2.0,-3.3,204.90,183.17,-0.7,1.0,25,37
1.5,-3.3,204.76,182.81,-0.7,1.0,26,37
1.1,-3.3,204.06,182.50,-0.7,1.0,27,37
0.7,-3.3,204.25,183.10,-0.7,1.0,28,37
0.2,-3.3,204.20,182.37,-0.7,1.0,29,37
-0.2,-3.3,204.01,182.39,-0.7,1.0,30,37
-0.7,-3.3,205.05,182.42,-0.7,1.0,31,37
-1.1,-3.3,204.55,181.73,-0.7,1.0,32,37
-1.5,-3.3,203.99,182.70,-0.7,1.0,33,37
-2.0,-3.3,204.43,182.68,-0.7,1.0,34,37
-2.4,-3.3,204.76,182.29,-0.7,1.0,35,37
-2.9,-3.3,204.53,182.01,-0.7,1.0,36,37
-3.3,-3.3,204.34,182.47,-0.7,1.0,37,37
-3.8,-3.3,204.15,182.94,-0.7,1.0,38,37
-4.2,-3.3,204.20,182.89,-0.7,1.0,39,37
-4.2,-3.8,205.10,182.81,-0.7,1.0,00,38
-3.8,-3.8,204.41,183.30,-0.7,1.0,01,38
-3.3,-3.8,203.86,182.37,-0.7,1.0,02,38
-2.9,-3.8,204.73,182.48,-0.7,1.0,03,38
-2.4,-3.8,204.23,182.10,-0.7,1.0,04,38
-2.0,-3.8,204.63,181.77,-0.7,1.0,05,38
-1.5,-3.8,205.31,181.58,-0.7,1.0,06,38
-1.1,-3.8,204.16,182.76,-0.7,1.0,07,38
-0.7,-3.8,204.47,182.64,-0.7,1.0,08,38
-0.2,-3.8,204.87,182.95,-0.7,1.0,09,38
0.2,-3.8,204.22,182.48,-0.7,1.0,10,38
0.7,-3.8,204.69,182.77,-0.7,1.0,11,38
1.1,-3.8,204.11,182.80,-0.7,1.0,12,38
1.5,-3.8,204.13,182.06,-0.7,1.0,13,38
2.0,-3.8,204.04,182.15,-0.7,1.0,14,38
2.4,-3.8,204.44,183.00,-0.6,1.1,15,38
2.9,-3.8,203.99,182.26,-0.6,1.1,16,38
3.3,-3.8,204.28,183.27,-0.6,1.1,17,38
3.8,-3.8,204.14,182.44,-0.6,1.1,18,38
4.2,-3.8,173.60,154.73,-0.6,1.1,19,38
4.2,-4.2,204.88,181.94,-0.6,1.1,20,39
3.8,-4.2,204.95,182.87,-0.6,1.1,21,39
3.3,-4.2,204.06,183.91,-0.6,1.1,22,39
2.9,-4.2,204.35,182.46,-0.6,1.1,23,39
2.4,-4.2,204.66,183.50,-0.6,1.1,24,39
2.0,-4.2,204.25,182.26,-0.6,1.0,25,39
1.5,-4.2,204.83,183.46,-0.6,1.0,26,39
1.1,-4.2,204.51,183.05,-0.6,1.0,27,39
0.7,-4.2,204.55,182.59,-0.6,1.0,28,39
0.2,-4.2,204.63,183.66,-0.6,1.0,29,39
-0.2,-4.2,204.81,182.66,-0.6,1.0,30,39
-0.7,-4.2,204.04,181.70,-0.6,1.0,31,39
-1.1,-4.2,204.79,182.38,-0.6,1.0,32,39
-1.5,-4.2,204.72,183.25,-0.6,1.0,33,39
-2.0,-4.2,204.20,182.23,-0.6,1.0,34,39
-2.4,-4.2,203.72,183.53,-0.6,1.0,35,39
-2.9,-4.2,204.33,182.87,-0.6,1.0,36,39
-3.3,-4.2,204.09,182.55,-0.6,1.0,37,39
-3.8,-4.2,204.54,182.59,-0.6,1.0,38,39
-4.2,-4.2,204.43,182.76,-0.6,1.0,39,39
-4.2,-4.2,204.22,182.61,-0.6,1.0,00,00
-3.8,-4.2,204.12,182.66,-0.6,1.0,01,00
-3.3,-4.2,204.27,182.95,-0.6,1.0,02,00
-2.9,-4.2,204.19,181.57,-0.6,1.0,03,00
-2.4,-4.2,204.68,183.51,-0.6,1.0,04,00
-2.0,-4.2,204.29,183.06,-0.6,1.0,05,00
-1.5,-4.2,203.80,182.69,-0.6,1.0,06,00
-1.1,-4.2,203.95,183.27,-0.6,1.0,07,00
-0.7,-4.2,204.65,181.96,-0.5,1.1,08,00
-0.2,-4.2,204.39,181.74,-0.5,1.1,09,00
0.2,-4.2,204.36,182.69,-0.5,1.1,10,00
0.7,-4.2,204.33,183.49,-0.5,1.1,11,00
1.1,-4.2,204.61,182.25,-0.5,1.1,12,00
1.5,-4.2,204.24,182.92,-0.5,1.1,13,00
2.0,-4.2,204.74,183.62,-0.5,1.1,14,00
2.4,-4.2,204.63,182.28,-0.5,1.1,15,00
2.9,-4.2,204.26,182.88,-0.5,1.1,16,00
3.3,-4.2,204.34,182.60,-0.5,1.1,17,00
3.8,-4.2,204.81,182.99,-0.5,1.1,18,00
4.2,-4.2,205.32,182.58,-0.5,1.1,19,00
4.2,-3.8,204.67,182.91,-0.5,1.1,20,01
3.8,-3.8,204.04,183.09,-0.5,1.1,21,01
3.3,-3.8,203.94,182.51,-0.5,1.1,22,01
2.9,-3.8,204.53,183.37,-0.5,1.1,23,01
2.4,-3.8,204.04,182.66,-0.5,1.1,24,01
2.0,-3.8,204.71,182.81,-0.5,1.1,25,01
1.5,-3.8,204.87,182.96,-0.5,1.1,26,01
1.1,-3.8,204.21,182.80,-0.5,1.1,27,01
0.7,-3.8,204.95,183.35,-0.5,1.1,28,01
0.2,-3.8,204.35,182.50,-0.5,1.1,29,01
-0.2,-3.8,204.09,183.33,-0.5,1.1,30,01
-0.7,-3.8,204.67,183.27,-0.5,1.1,31,01
-1.1,-3.8,204.63,182.49,-0.5,1.1,32,01
-1.5,-3.8,204.83,183.37,-0.5,1.1,33,01
-2.0,-3.8,204.30,182.65,-0.5,1.1,34,01
-2.4,-3.8,204.02,182.06,-0.5,1.1,35,01
-2.9,-3.8,204.34,182.33,-0.5,1.1,36,01
-3.3,-3.8,204.13,182.88,-0.5,1.1,37,01
-3.8,-3.8,204.26,183.26,-0.5,1.1,38,01
-4.2,-3.8,204.02,182.48,-0.5,1.1,39,01
-4.2,-3.3,204.28,182.72,-0.5,1.1,00,02
-3.8,-3.3,204.62,182.66,-0.5,1.1,01,02
-3.3,-3.3,203.89,183.65,-0.5,1.1,02,02
-2.9,-3.3,204.57,182.08,-0.5,1.1,03,02
-2.4,-3.3,204.41,181.85,-0.5,1.1,04,02
-2.0,-3.3,204.42,182.77,-0.5,1.1,05,02
-1.5,-3.3,203.84,182.87,-0.5,1.1,06,02
-1.1,-3.3,205.19,183.09,-0.5,1.1,07,02
-0.7,-3.3,204.01,182.97,-0.5,1.1,08,02
-0.2,-3.3,204.18,183.16,-0.5,1.1,09,02
0.2,-3.3,204.23,182.31,-0.5,1.1,10,02
0.7,-3.3,204.63,183.02,-0.6,1.1,11,02
1.1,-3.3,204.74,182.32,-0.6,1.1,12,02
1.5,-3.3,204.86,181.79,-0.6,1.1,13,02
2.0,-3.3,204.47,182.44,-0.6,1.1,14,02
2.4,-3.3,204.89,182.41,-0.6,1.1,15,02
2.9,-3.3,204.00,181.83,-0.6,1.1,16,02
3.3,-3.3,204.38,182.33,-0.6,1.1,17,02
3.8,-3.3,204.10,182.69,-0.6,1.1,18,02
4.2,-3.3,203.70,183.19,-0.6,1.1,19,02
4.2,-2.9,204.13,183.27,-0.6,1.1,20,03
3.8,-2.9,204.34,182.48,-0.6,1.1,21,03
3.3,-2.9,204.66,182.79,-0.6,1.1,22,03
2.9,-2.9,204.29,182.16,-0.6,1.1,23,03
2.4,-2.9,204.23,183.91,-0.6,1.1,24,03
2.0,-2.9,204.20,182.13,-0.6,1.1,25,03
1.5,-2.9,203.61,183.53,-0.6,1.1,26,03
1.1,-2.9,204.23,181.81,-0.6,1.1,27,03
0.7,-2.9,205.20,182.27,-0.6,1.1,28,03
0.2,-2.9,204.15,182.51,-0.6,1.1,29,03
-0.2,-2.9,204.47,182.43,-0.6,1.1,30,03
-0.7,-2.9,204.57,181.90,-0.6,1.1,31,03
-1.1,-2.9,204.71,181.79,-0.6,1.1,32,03
-1.5,-2.9,204.21,182.80,-0.6,1.1,33,03
-2.0,-2.9,204.44,182.28,-0.6,1.1,34,03
-2.4,-2.9,204.05,181.62,-0.6,1.1,35,03
-2.9,-2.9,204.21,182.73,-0.6,1.1,36,03
-3.3,-2.9,204.07,182.63,-0.6,1.1,37,03
-3.8,-2.9,204.37,182.34,-0.6,1.1,38,03
-4.2,-2.9,203.97,182.37,-0.6,1.1,39,03
-4.2,-2.4,204.58,181.64,-0.6,1.1,00,04
-3.8,-2.4,204.14,182.70,-0.6,1.1,01,04
-3.3,-2.4,203.74,181.82,-0.6,1.1,02,04
-2.9,-2.4,205.30,182.80,-0.6,1.1,03,04
-2.4,-2.4,203.72,182.33,-0.5,1.1,04,04
-2.0,-2.4,204.46,183.15,-0.5,1.1,05,04
-1.5,-2.4,204.75,182.65,-0.5,1.1,06,04
-1.1,-2.4,204.45,182.59,-0.5,1.1,07,04
-0.7,-2.4,204.28,182.30,-0.5,1.1,08,04
-0.2,-2.4,203.66,182.14,-0.5,1.1,09,04
0.2,-2.4,204.81,182.69,-0.5,1.1,10,04
0.7,-2.4,204.30,182.18,-0.5,1.1,11,04
1.1,-2.4,204.63,182.37,-0.5,1.1,12,04
1.5,-2.4,204.11,182.77,-0.5,1.1,13,04
2.0,-2.4,204.16,183.47,-0.5,1.1,14,04
2.4,-2.4,204.31,183.05,-0.6,1.2,15,04
2.9,-2.4,204.76,182.70,-0.6,1.2,16,04
3.3,-2.4,205.67,181.77,-0.6,1.2,17,04
3.8,-2.4,204.95,182.61,-0.6,1.2,18,04
4.2,-2.4,204.39,182.40,-0.6,1.2,19,04
4.2,-2.0,204.69,182.73,-0.6,1.2,20,05
3.8,-2.0,204.24,182.35,-0.6,1.2,21,05
3.3,-2.0,205.11,182.30,-0.6,1.2,22,05
2.9,-2.0,205.17,182.86,-0.6,1.2,23,05
2.4,-2.0,204.26,182.71,-0.6,1.2,24,05
2.0,-2.0,204.31,182.29,-0.6,1.2,25,05
1.5,-2.0,203.81,181.98,-0.6,1.2,26,05
1.1,-2.0,204.17,182.19,-0.6,1.2,27,05
0.7,-2.0,204.09,183.04,-0.6,1.2,28,05
0.2,-2.0,204.46,182.97,-0.6,1.2,29,05
-0.2,-2.0,204.78,182.83,-0.6,1.2,30,05
-0.7,-2.0,204.93,182.69,-0.6,1.2,31,05
-1.1,-2.0,204.30,182.57,-0.6,1.2,32,05
-1.5,-2.0,204.67,182.76,-0.6,1.1,33,05
-2.0,-2.0,204.19,182.24,-0.6,1.1,34,05
-2.4,-2.0,204.48,182.59,-0.6,1.1,35,05
-2.9,-2.0,204.54,182.38,-0.6,1.1,36,05
-3.3,-2.0,204.31,182.63,-0.6,1.1,37,05
-3.8,-2.0,204.65,182.04,-0.6,1.1,38,05
-4.2,-2.0,204.02,182.39,-0.6,1.1,39,05
-4.2,-1.5,205.05,182.06,-0.6,1.1,00,06
-3.8,-1.5,204.37,182.47,-0.6,1.1,01,06
-3.3,-1.5,204.53,181.99,-0.6,1.1,02,06
-2.9,-1.5,204.78,181.25,-0.6,1.1,03,06
-2.4,-1.5,204.42,181.80,-0.6,1.1,04,06
-2.0,-1.5,204.26,182.86,-0.6,1.1,05,06
-1.5,-1.5,204.54,182.54,-0.6,1.1,06,06
-1.1,-1.5,205.04,182.30,-0.6,1.1,07,06
-0.7,-1.5,203.84,183.27,-0.6,1.1,08,06
-0.2,-1.5,204.17,182.19,-0.6,1.1,09,06
0.2,-1.5,204.31,182.22,-0.6,1.1,10,06
0.7,-1.5,205.44,181.73,-0.6,1.1,11,06
1.1,-1.5,204.22,182.48,-0.6,1.1,12,06
1.5,-1.5,204.09,182.46,-0.6,1.1,13,06
2.0,-1.5,204.12,182.23,-0.6,1.1,14,06
2.4,-1.5,204.83,183.02,-0.6,1.1,15,06
2.9,-1.5,204.02,182.70,-0.6,1.1,16,06
3.3,-1.5,204.42,182.64,-0.6,1.1,17,06
3.8,-1.5,204.31,183.25,-0.6,1.1,18,06
4.2,-1.5,203.89,183.72,-0.6,1.1,19,06
4.2,-1.1,204.37,182.03,-0.6,1.1,20,07
3.8,-1.1,204.33,182.59,-0.6,1.1,21,07
3.3,-1.1,204.78,182.73,-0.6,1.1,22,07
2.9,-1.1,204.34,181.79,-0.6,1.1,23,07
2.4,-1.1,204.18,182.26,-0.6,1.1,24,07
2.0,-1.1,204.22,181.90,-0.6,1.1,25,07
1.5,-1.1,204.14,182.32,-0.6,1.1,26,07
1.1,-1.1,204.02,182.16,-0.6,1.1,27,07
0.7,-1.1,204.66,183.04,-0.6,1.1,28,07
0.2,-1.1,203.85,183.29,-0.6,1.1,29,07
-0.2,-1.1,205.11,182.91,-0.6,1.1,30,07
-0.7,-1.1,205.13,181.41,-0.6,1.1,31,07
-1.1,-1.1,204.16,182.34,-0.6,1.1,32,07
-1.5,-1.1,204.15,182.68,-0.6,1.1,33,07
-2.0,-1.1,205.08,182.54,-0.6,1.1,34,07
-2.4,-1.1,203.88,182.62,-0.6,1.1,35,07
-2.9,-1.1,204.71,183.36,-0.6,1.1,36,07
-3.3,-1.1,204.62,182.38,-0.6,1.1,37,07
-3.8,-1.1,204.56,182.60,-0.6,1.1,38,07
-4.2,-1.1,204.53,182.23,-0.6,1.1,39,07
-4.2,-0.7,204.90,181.45,-0.6,1.1,00,08
-3.8,-0.7,204.71,180.79,-0.6,1.1,01,08
-3.3,-0.7,203.84,181.99,-0.6,1.1,02,08
-2.9,-0.7,204.54,182.34,-0.6,1.1,03,08
-2.4,-0.7,204.03,181.66,-0.6,1.1,04,08
-2.0,-0.7,204.56,183.25,-0.6,1.1,05,08
-1.5,-0.7,204.41,182.97,-0.6,1.1,06,08
-1.1,-0.7,204.24,182.65,-0.6,1.1,07,08
-0.7,-0.7,204.57,183.45,-0.6,1.1,08,08
-0.2,-0.7,204.07,182.56,-0.6,1.1,09,08
0.2,-0.7,204.19,182.24,-0.6,1.1,10,08
0.7,-0.7,204.82,181.99,-0.6,1.1,11,08
1.1,-0.7,204.40,182.60,-0.6,1.1,12,08
1.5,-0.7,203.94,183.57,-0.6,1.1,13,08
2.0,-0.7,204.13,182.29,-0.6,1.1,14,08
2.4,-0.7,204.51,182.80,-0.6,1.1,15,08
2.9,-0.7,204.64,182.51,-0.6,1.1,16,08
3.3,-0.7,204.35,182.80,-0.6,1.1,17,08
3.8,-0.7,204.41,182.91,-0.6,1.1,18,08
4.2,-0.7,204.48,182.07,-0.6,1.1,19,08
4.2,-0.2,204.47,182.24,-0.6,1.1,20,09
3.8,-0.2,204.22,182.72,-0.6,1.1,21,09
3.3,-0.2,204.30,182.77,-0.6,1.1,22,09
2.9,-0.2,203.89,183.56,-0.6,1.1,23,09
2.4,-0.2,204.00,181.79,-0.6,1.1,24,09
2.0,-0.2,204.29,182.57,-0.6,1.1,25,09
1.5,-0.2,204.79,182.30,-0.6,1.1,26,09
1.1,-0.2,204.40,182.60,-0.6,1.1,27,09
0.7,-0.2,204.32,182.00,-0.6,1.1,28,09
0.2,-0.2,204.57,182.51,-0.6,1.1,29,09
-0.2,-0.2,204.35,182.68,-0.6,1.1,30,09
-0.7,-0.2,204.41,182.64,-0.6,1.1,31,09
-1.1,-0.2,203.90,182.16,-0.6,1.1,32,09
-1.5,-0.2,204.41,182.25,-0.6,1.1,33,09
-2.0,-0.2,204.97,182.38,-0.6,1.1,34,09
-2.4,-0.2,203.97,182.67,-0.6,1.1,35,09
-2.9,-0.2,204.53,182.73,-0.6,1.1,36,09
-3.3,-0.2,205.36,181.15,-0.6,1.1,37,09
-3.8,-0.2,204.21,182.39,-0.6,1.1,38,09
-4.2,-0.2,204.71,181.75,-0.6,1.1,39,09
-4.2,0.2,204.20,182.31,-0.6,1.1,00,10
-3.8,0.2,204.73,183.63,-0.6,1.1,01,10
-3.3,0.2,204.24,182.31,-0.6,1.1,02,10
-2.9,0.2,204.08,181.62,-0.6,1.1,03,10
-2.4,0.2,204.63,182.41,-0.6,1.1,04,10
-2.0,0.2,205.06,182.43,-0.6,1.1,05,10
-1.5,0.2,204.17,182.20,-0.6,1.1,06,10
-1.1,0.2,204.22,182.33,-0.6,1.1,07,10
-0.7,0.2,204.73,182.53,-0.6,1.1,08,10
-0.2,0.2,204.83,181.60,-0.6,1.1,09,10
0.2,0.2,203.87,181.83,-0.6,1.1,10,10
0.7,0.2,204.20,183.04,-0.6,1.1,11,10
1.1,0.2,204.81,182.51,-0.6,1.1,12,10
1.5,0.2,204.01,182.89,-0.6,1.1,13,10
2.0,0.2,204.60,182.96,-0.6,1.1,14,10
2.4,0.2,204.25,182.99,-0.6,1.0,15,10
2.9,0.2,204.45,182.20,-0.6,1.0,16,10
3.3,0.2,204.38,182.84,-0.6,1.0,17,10
3.8,0.2,204.08,182.45,-0.6,1.0,18,10
4.2,0.2,205.64,182.49,-0.6,1.0,19,10
4.2,0.7,204.25,182.61,-0.6,1.0,20,11
3.8,0.7,204.20,182.20,-0.6,1.0,21,11
3.3,0.7,204.28,182.52,-0.6,1.0,22,11
2.9,0.7,205.14,182.43,-0.6,1.0,23,11
2.4,0.7,204.55,182.66,-0.6,1.0,24,11
2.0,0.7,203.62,183.04,-0.6,1.0,25,11
1.5,0.7,203.97,183.00,-0.6,1.0,26,11
1.1,0.7,204.16,182.41,-0.6,1.0,27,11
0.7,0.7,204.24,182.64,-0.6,1.0,28,11
0.2,0.7,204.71,181.59,-0.6,1.0,29,11
-0.2,0.7,204.19,181.74,-0.6,1.0,30,11
-0.7,0.7,203.97,183.26,-0.6,1.0,31,11
-1.1,0.7,204.45,181.98,-0.6,1.0,32,11
-1.5,0.7,204.23,182.05,-0.6,1.0,33,11
-2.0,0.7,204.58,182.81,-0.6,1.0,34,11
-2.4,0.7,204.59,182.73,-0.6,1.0,35,11
-2.9,0.7,203.98,182.45,-0.6,1.0,36,11
-3.3,0.7,204.14,182.30,-0.6,1.0,37,11
-3.8,0.7,204.51,181.59,-0.6,1.0,38,11
-4.2,0.7,204.27,180.86,-0.6,1.0,39,11
-4.2,1.1,204.52,182.13,-0.6,1.0,00,12
-3.8,1.1,204.19,183.24,-0.6,1.0,01,12
-3.3,1.1,203.97,182.17,-0.6,1.0,02,12
-2.9,1.1,204.35,182.61,-0.6,1.0,03,12
-2.4,1.1,204.68,181.07,-0.6,1.0,04,12
-2.0,1.1,204.20,182.42,-0.6,1.0,05,12
-1.5,1.1,205.00,183.05,-0.6,1.0,06,12
-1.1,1.1,203.84,182.49,-0.6,1.0,07,12
-0.7,1.1,205.02,181.12,-0.6,1.0,08,12
-0.2,1.1,204.29,183.19,-0.6,1.0,09,12
0.2,1.1,204.31,182.45,-0.6,1.0,10,12
0.7,1.1,204.04,182.43,-0.6,1.0,11,12
1.1,1.1,204.98,182.63,-0.6,1.0,12,12
1.5,1.1,205.10,183.24,-0.6,1.0,13,12
2.0,1.1,203.83,183.16,-0.6,1.0,14,12
2.4,1.1,204.50,183.09,-0.6,1.0,15,12
2.9,1.1,204.23,182.61,-0.6,1.0,16,12
3.3,1.1,204.20,182.84,-0.6,1.0,17,12
3.8,1.1,204.21,182.91,-0.6,1.0,18,12
4.2,1.1,204.91,182.11,-0.6,1.0,19,12
4.2,1.5,204.03,182.87,-0.6,1.0,20,13
3.8,1.5,204.13,182.65,-0.6,1.0,21,13
3.3,1.5,203.99,182.37,-0.6,1.0,22,13
2.9,1.5,204.80,182.84,-0.6,1.0,23,13
2.4,1.5,204.73,182.34,-0.6,1.0,24,13
2.0,1.5,204.45,182.59,-0.6,1.0,25,13
1.5,1.5,204.26,182.42,-0.6,1.0,26,13
1.1,1.5,204.36,182.92,-0.6,1.0,27,13
0.7,1.5,204.94,181.62,-0.6,1.0,28,13
0.2,1.5,204.06,181.92,-0.6,1.0,29,13
-0.2,1.5,204.83,182.06,-0.7,1.0,30,13
-0.7,1.5,203.92,182.26,-0.7,1.0,31,13
-1.1,1.5,204.47,181.63,-0.7,1.0,32,13
-1.5,1.5,204.27,182.22,-0.7,1.0,33,13
-2.0,1.5,203.90,182.66,-0.7,1.0,34,13
-2.4,1.5,204.69,181.90,-0.7,1.0,35,13
-2.9,1.5,204.26,182.36,-0.7,1.0,36,13
-3.3,1.5,204.28,182.78,-0.7,1.0,37,13
-3.8,1.5,204.12,182.38,-0.7,1.0,38,13
-4.2,1.5,204.81,182.66,-0.7,1.0,39,13
-4.2,2.0,204.14,182.79,-0.7,1.0,00,14
-3.8,2.0,204.14,182.70,-0.7,1.0,01,14
-3.3,2.0,204.15,183.08,-0.7,1.0,02,14
-2.9,2.0,203.98,182.25,-0.7,1.0,03,14
-2.4,2.0,205.04,181.55,-0.7,1.0,04,14
-2.0,2.0,204.18,182.48,-0.7,1.0,05,14
-1.5,2.0,203.95,182.71,-0.7,1.0,06,14
-1.1,2.0,204.02,181.68,-0.7,1.0,07,14
-0.7,2.0,204.00,182.45,-0.7,1.0,08,14
-0.2,2.0,203.81,183.23,-0.7,1.0,09,14
0.2,2.0,204.13,182.43,-0.7,1.0,10,14
0.7,2.0,204.83,182.09,-0.7,1.0,11,14
1.1,2.0,204.55,182.49,-0.7,1.0,12,14
1.5,2.0,204.89,182.22,-0.7,1.0,13,14
2.0,2.0,204.57,182.33,-0.7,1.0,14,14
2.4,2.0,204.32,182.91,-0.7,1.0,15,14
2.9,2.0,204.47,182.07,-0.7,1.0,16,14
3.3,2.0,204.42,182.25,-0.7,1.0,17,14
3.8,2.0,204.50,182.17,-0.7,1.0,18,14
4.2,2.0,204.20,182.60,-0.7,1.0,19,14
4.2,2.4,204.29,183.33,-0.7,1.0,20,15
3.8,2.4,204.13,182.20,-0.7,1.0,21,15
3.3,2.4,204.40,183.17,-0.7,1.0,22,15
2.9,2.4,203.66,183.16,-0.7,1.0,23,15
2.4,2.4,204.88,182.86,-0.7,1.0,24,15
2.0,2.4,204.13,182.11,-0.7,1.0,25,15
1.5,2.4,204.47,182.97,-0.7,1.0,26,15
1.1,2.4,204.35,182.47,-0.7,1.0,27,15
0.7,2.4,204.24,181.18,-0.7,1.0,28,15
0.2,2.4,204.04,182.30,-0.7,1.0,29,15
-0.2,2.4,204.55,182.25,-0.7,1.0,30,15
-0.7,2.4,204.26,182.28,-0.7,1.0,31,15
-1.1,2.4,204.73,182.12,-0.7,1.0,32,15
-1.5,2.4,204.71,182.32,-0.7,1.0,33,15
-2.0,2.4,205.31,181.64,-0.7,1.0,34,15
-2.4,2.4,204.62,182.10,-0.7,1.0,35,15
-2.9,2.4,204.36,182.51,-0.7,1.0,36,15
-3.3,2.4,204.06,183.24,-0.7,1.0,37,15
-3.8,2.4,204.51,182.27,-0.7,1.0,38,15
-4.2,2.4,204.04,182.66,-0.7,1.0,39,15
-4.2,2.9,203.92,181.72,-0.7,1.0,00,16
-3.8,2.9,204.55,182.94,-0.7,1.0,01,16
-3.3,2.9,203.89,182.55,-0.7,1.0,02,16
-2.9,2.9,204.29,181.77,-0.7,1.0,03,16
-2.4,2.9,204.79,181.69,-0.7,1.0,04,16
-2.0,2.9,204.59,182.54,-0.8,1.0,05,16
-1.5,2.9,204.74,181.90,-0.8,1.0,06,16
-1.1,2.9,204.38,182.45,-0.8,1.0,07,16
-0.7,2.9,204.36,181.74,-0.8,1.0,08,16
-0.2,2.9,204.55,182.02,-0.8,1.0,09,16
0.2,2.9,204.26,181.43,-0.8,1.0,10,16
0.7,2.9,204.10,182.79,-0.8,1.0,11,16
1.1,2.9,204.85,182.37,-0.8,1.0,12,16
1.5,2.9,204.22,182.06,-0.8,1.0,13,16
2.0,2.9,204.65,182.78,-0.8,1.0,14,16
2.4,2.9,204.34,182.64,-0.8,1.0,15,16
2.9,2.9,204.80,182.74,-0.8,1.0,16,16
3.3,2.9,204.06,183.02,-0.8,1.0,17,16
3.8,2.9,204.16,182.55,-0.8,1.0,18,16
4.2,2.9,204.82,183.27,-0.8,1.0,19,16
4.2,3.3,204.31,182.91,-0.8,1.0,20,17
3.8,3.3,204.43,182.23,-0.8,1.0,21,17
3.3,3.3,204.38,182.56,-0.8,1.0,22,17
2.9,3.3,204.48,182.11,-0.8,1.0,23,17
2.4,3.3,205.02,181.99,-0.8,1.0,24,17
2.0,3.3,204.50,182.84,-0.8,1.0,25,17
1.5,3.3,204.50,182.21,-0.8,1.0,26,17
1.1,3.3,204.59,181.20,-0.8,1.0,27,17
0.7,3.3,205.06,181.68,-0.8,1.0,28,17
0.2,3.3,204.49,183.42,-0.8,1.0,29,17
-0.2,3.3,204.29,182.41,-0.8,1.0,30,17
-0.7,3.3,205.05,181.30,-0.8,1.0,31,17
-1.1,3.3,204.04,183.17,-0.8,1.0,32,17
-1.5,3.3,204.15,182.22,-0.8,1.0,33,17
-2.0,3.3,204.78,182.38,-0.8,1.0,34,17
-2.4,3.3,204.59,182.48,-0.8,1.0,35,17
-2.9,3.3,204.13,181.42,-0.8,1.0,36,17
-3.3,3.3,204.03,182.83,-0.8,1.0,37,17
-3.8,3.3,204.20,182.36,-0.8,1.0,38,17
-4.2,3.3,204.38,182.56,-0.8,1.0,39,17
-4.2,3.8,204.19,182.45,-0.7,1.0,00,18
-3.8,3.8,204.53,181.99,-0.7,1.0,01,18
-3.3,3.8,203.63,181.53,-0.7,1.0,02,18
-2.9,3.8,204.01,182.55,-0.7,1.0,03,18
-2.4,3.8,204.43,182.96,-0.7,1.0,04,18
-2.0,3.8,205.33,181.29,-0.7,1.0,05,18
-1.5,3.8,204.39,181.51,-0.7,1.0,06,18
-1.1,3.8,204.34,182.98,-0.7,1.0,07,18
-0.7,3.8,204.94,181.90,-0.7,1.0,08,18
-0.2,3.8,204.03,182.16,-0.7,1.0,09,18
0.2,3.8,204.29,182.19,-0.7,1.0,10,18
0.7,3.8,204.69,181.95,-0.7,1.0,11,18
1.1,3.8,204.01,181.79,-0.7,1.0,12,18
1.5,3.8,203.94,183.26,-0.7,1.0,13,18
2.0,3.8,204.63,182.82,-0.7,1.0,14,18
2.4,3.8,204.26,183.14,-0.7,1.0,15,18
2.9,3.8,204.75,182.18,-0.7,1.0,16,18
3.3,3.8,204.26,182.96,-0.7,1.0,17,18
3.8,3.8,204.28,182.63,-0.7,1.0,18,18
4.2,3.8,204.08,183.01,-0.7,1.0,19,18
4.2,4.2,204.69,182.40,-0.7,1.0,20,19
3.8,4.2,204.47,182.58,-0.7,1.0,21,19
3.3,4.2,204.44,181.84,-0.7,1.0,22,19
2.9,4.2,203.88,182.37,-0.7,1.0,23,19
2.4,4.2,205.12,182.16,-0.7,1.0,24,19
2.0,4.2,203.81,182.71,-0.7,1.0,25,19
1.5,4.2,204.43,180.95,-0.7,1.0,26,19
1.1,4.2,203.99,182.21,-0.7,1.0,27,19
0.7,4.2,204.14,182.17,-0.7,1.0,28,19
0.2,4.2,204.43,182.62,-0.7,1.0,29,19
-0.2,4.2,204.08,181.47,-0.7,1.0,30,19
-0.7,4.2,204.19,182.28,-0.7,1.0,31,19
-1.1,4.2,204.03,182.11,-0.7,1.0,32,19
-1.5,4.2,204.31,182.11,-0.7,1.0,33,19
-2.0,4.2,204.60,182.17,-0.7,1.0,34,19
-2.4,4.2,204.02,182.46,-0.7,1.0,35,19
-2.9,4.2,204.65,181.46,-0.7,1.0,36,19
-3.3,4.2,204.27,182.87,-0.7,1.0,37,19
-3.8,4.2,204.39,182.19,-0.7,1.0,38,19
-4.2,4.2,204.36,182.11,-0.7,1.0,39,19
-4.2,4.2,204.14,182.36,-0.7,1.0,00,20
-3.8,4.2,204.68,182.13,-0.7,1.0,01,20
