0.2,0.6,188.78,186.20,-0.0,-0.0,29,11
-0.2,0.6,186.37,163.74,-0.0,-0.0,30,11
-3.1,-3.5,183.69,181.73,0.0,-0.0,01,00
-2.8,-3.5,184.47,166.38,0.0,-0.0,02,00
-2.4,-3.5,182.73,167.85,0.0,-0.0,03,00
-2.0,-3.5,183.79,166.83,0.0,-0.0,04,00
-1.7,-3.5,187.19,187.24,0.0,-0.0,05,00
-0.9,-3.5,186.05,164.08,0.0,-0.0,07,00
-0.6,-3.5,183.37,167.00,0.0,-0.0,08,00
-0.2,-3.5,182.61,167.80,0.0,-0.0,09,00
0.2,-3.5,184.92,165.76,0.0,-0.0,10,00
0.9,-3.5,187.22,186.92,0.0,-0.0,12,00
1.3,-3.5,184.27,166.53,0.0,-0.0,13,00
1.7,-3.5,183.13,167.58,0.0,-0.0,14,00
2.0,-3.5,184.64,166.67,0.0,-0.0,15,00
2.4,-3.5,187.07,186.16,0.0,-0.0,16,00
3.1,-3.5,185.91,164.69,0.0,-0.0,18,00
3.5,-3.5,183.81,166.91,0.0,-0.0,19,00
3.5,-3.1,183.43,167.07,0.0,-0.0,20,01
3.1,-3.1,185.10,165.62,0.0,-0.0,21,01
2.8,-3.1,188.78,185.82,0.0,-0.0,22,01
2.4,-3.1,187.65,186.49,0.0,-0.0,23,01
2.0,-3.1,184.46,166.28,0.0,-0.0,24,01
1.7,-3.1,183.09,167.07,0.0,-0.0,25,01
1.3,-3.1,183.99,166.32,0.0,-0.0,26,01
0.9,-3.1,187.05,186.66,0.0,0.0,27,01
0.2,-3.1,185.85,164.71,0.0,0.0,29,01
-0.2,-3.1,183.21,167.31,0.0,0.0,30,01
-0.6,-3.1,183.45,167.18,0.0,0.0,31,01
-0.9,-3.1,185.87,164.76,0.0,0.0,32,01
-1.7,-3.1,187.96,187.09,0.0,0.0,34,01
-2.0,-3.1,184.31,165.93,0.0,0.0,35,01
-2.4,-3.1,182.66,167.89,0.0,0.0,36,01
-2.8,-3.1,184.01,166.52,0.0,0.0,37,01
-3.1,-3.1,188.10,186.31,0.0,0.0,38,01
-3.5,-2.8,185.40,165.14,0.0,0.0,00,02
-3.1,-2.8,182.55,167.54,0.0,0.0,01,02
-2.8,-2.8,183.20,167.26,0.0,-0.0,02,02
-2.4,-2.8,186.55,186.50,0.0,-0.0,03,02
-1.7,-2.8,186.34,163.98,0.0,-0.0,05,02
-1.3,-2.8,183.63,166.74,0.0,-0.0,06,02
-0.9,-2.8,182.68,167.76,0.0,-0.0,07,02
-0.6,-2.8,184.82,165.69,0.0,-0.0,08,02
-0.2,-2.8,188.07,186.32,0.0,-0.0,09,02
0.2,-2.8,188.22,185.94,0.0,-0.0,10,02
0.5,-2.8,185.04,165.45,0.0,-0.0,11,02
0.9,-2.8,183.50,167.18,0.0,-0.0,12,02
1.3,-2.8,184.09,166.40,0.0,-0.0,13,02
1.7,-2.8,186.39,151.19,0.0,-0.0,14,02
2.4,-2.8,185.95,163.40,0.0,-0.0,16,02
2.8,-2.8,184.07,166.72,0.0,-0.0,17,02
3.1,-2.8,183.48,167.36,0.0,-0.0,18,02
3.5,-2.8,185.39,165.28,0.0,-0.0,19,02
3.5,-2.4,188.47,186.14,0.0,-0.0,20,03
3.1,-2.4,187.73,186.71,0.0,-0.0,21,03
2.8,-2.4,185.04,165.71,0.0,-0.0,22,03
2.4,-2.4,183.47,167.07,0.0,-0.0,23,03
2.0,-2.4,184.97,166.06,0.0,-0.0,24,03
1.7,-2.4,188.19,186.64,0.0,-0.0,25,03
1.3,-2.4,188.92,185.82,0.0,-0.0,26,03
0.9,-2.4,185.54,165.42,0.0,-0.0,27,03
0.5,-2.4,183.56,167.32,0.0,-0.0,28,03
0.2,-2.4,184.59,166.13,0.0,-0.0,29,03
-0.2,-2.4,187.62,186.65,0.0,-0.0,30,03
-0.6,-2.4,185.46,190.64,0.0,-0.0,31,03
-0.9,-2.4,185.16,165.28,0.0,-0.0,32,03
-1.3,-2.4,182.92,167.42,0.0,-0.0,33,03
-1.7,-2.4,183.99,166.56,0.0,-0.0,34,03
-2.0,-2.4,187.63,186.95,0.0,-0.0,35,03
-2.8,-2.4,185.78,164.45,0.0,-0.0,37,03
-3.1,-2.4,183.03,167.26,0.0,-0.0,38,03
-3.5,-2.4,183.40,167.08,0.0,-0.0,39,03
-3.5,-2.0,186.09,162.68,0.0,-0.0,00,04
-2.8,-2.0,185.70,164.20,0.0,-0.0,02,04
-2.4,-2.0,184.04,166.57,0.0,-0.0,03,04
-2.0,-2.0,183.21,167.46,0.0,-0.0,04,04
-1.7,-2.0,185.44,164.91,0.0,-0.0,05,04
-0.9,-2.0,188.82,186.62,0.0,-0.0,07,04
-0.6,-2.0,184.33,166.53,0.0,-0.0,08,04
-0.2,-2.0,183.25,167.30,0.0,-0.0,09,04
0.2,-2.0,184.71,165.69,0.0,-0.0,10,04
0.6,-2.0,187.46,186.83,0.0,-0.0,11,04
0.9,-2.0,184.97,186.87,0.0,-0.0,12,04
1.3,-2.0,185.54,165.14,0.0,-0.0,13,04
1.7,-2.0,183.24,167.21,0.0,-0.0,14,04
2.0,-2.0,184.07,166.64,0.0,-0.0,15,04
2.4,-2.0,187.13,186.69,0.0,-0.0,16,04
2.8,-2.0,189.52,185.64,0.0,-0.0,17,04
3.1,-2.0,186.07,164.14,0.0,-0.0,18,04
3.5,-2.0,183.89,167.04,0.0,-0.0,19,04
3.5,-1.7,184.31,166.50,0.0,-0.0,20,05
3.1,-1.7,187.15,186.81,0.0,-0.0,21,05
2.8,-1.7,189.22,185.91,0.0,-0.0,22,05
2.4,-1.7,185.57,165.06,0.0,-0.0,23,05
2.0,-1.7,183.72,166.88,0.0,-0.0,24,05
1.7,-1.7,184.06,166.68,0.0,-0.0,25,05
1.3,-1.7,186.10,163.96,0.0,-0.0,26,05
0.9,-1.7,187.15,186.24,0.0,-0.0,27,05
0.5,-1.7,185.81,164.43,0.0,-0.0,28,05
0.2,-1.7,183.57,167.02,0.0,-0.0,29,05
-0.2,-1.7,183.18,167.03,0.0,-0.0,30,05
-0.6,-1.7,185.45,164.93,0.0,-0.0,31,05
-1.3,-1.7,187.47,187.18,0.0,-0.0,33,05
-1.7,-1.7,184.37,166.11,0.0,-0.0,34,05
-2.0,-1.7,183.45,167.24,0.0,-0.0,35,05
-2.4,-1.7,184.75,165.59,0.0,-0.0,36,05
-2.8,-1.7,188.33,186.15,0.0,-0.0,37,05
-3.1,-1.7,188.92,186.39,0.0,-0.0,38,05
-3.5,-1.7,184.39,166.22,0.0,-0.0,39,05
-3.5,-1.3,183.00,167.57,0.0,-0.0,00,06
-3.1,-1.3,184.07,166.26,0.0,-0.0,01,06
-2.8,-1.3,188.58,186.78,0.0,-0.0,02,06
-2.4,-1.3,188.58,185.91,0.0,-0.0,03,06
-2.0,-1.3,184.71,165.84,0.0,-0.0,04,06
-1.7,-1.3,182.97,167.53,0.0,-0.0,05,06
-1.3,-1.3,184.72,166.12,0.0,-0.0,06,06
-0.9,-1.3,188.28,186.19,0.0,-0.0,07,06
-0.6,-1.3,188.70,185.93,0.0,-0.0,08,06
-0.2,-1.3,185.23,165.36,0.0,-0.0,09,06
0.2,-1.3,183.55,167.19,0.0,-0.0,10,06
0.6,-1.3,184.51,165.97,0.0,-0.0,11,06
0.9,-1.3,187.32,186.35,0.0,-0.0,12,06
1.3,-1.3,188.17,186.28,0.0,-0.0,13,06
1.7,-1.3,185.16,165.60,0.0,-0.0,14,06
2.0,-1.3,183.77,166.84,0.0,-0.0,15,06
2.4,-1.3,184.44,166.34,0.0,-0.0,16,06
2.8,-1.3,186.60,162.82,0.0,-0.0,17,06
3.1,-1.3,188.57,185.80,0.0,-0.0,18,06
3.5,-1.3,185.99,164.00,0.0,-0.0,19,06
3.5,-0.9,184.18,166.81,0.0,-0.0,20,07
3.1,-0.9,184.34,166.56,0.0,-0.0,21,07
2.8,-0.9,187.23,186.89,0.0,-0.0,22,07
2.4,-0.9,188.30,185.97,0.0,-0.0,23,07
2.0,-0.9,186.03,163.97,0.0,-0.0,24,07
1.7,-0.9,184.05,166.62,0.0,-0.0,25,07
1.3,-0.9,184.14,166.59,0.0,-0.0,26,07
0.9,-0.9,185.97,164.02,0.0,-0.0,27,07
0.5,-0.9,189.06,185.36,0.0,-0.0,28,07
0.2,-0.9,186.09,163.66,0.0,-0.0,29,07
-0.2,-0.9,184.36,166.27,0.0,-0.0,30,07
-0.6,-0.9,183.77,166.96,0.0,-0.0,31,07
-0.9,-0.9,186.57,164.06,0.0,-0.0,32,07
-1.7,-0.9,186.96,187.60,0.0,-0.0,34,07
-2.0,-0.9,184.26,166.02,0.0,-0.0,35,07
-2.4,-0.9,183.03,167.13,0.0,-0.0,36,07
-2.8,-0.9,184.91,165.92,0.0,-0.0,37,07
-3.1,-0.9,187.95,185.92,0.0,-0.0,38,07
-3.5,-0.9,188.18,186.24,0.0,-0.0,39,07
-3.5,-0.5,184.58,165.87,0.0,-0.0,00,08
-3.1,-0.5,183.15,167.41,0.0,-0.0,01,08
-2.8,-0.5,184.54,166.28,0.0,-0.0,02,08
-2.4,-0.5,188.26,186.51,0.0,-0.0,03,08
-2.0,-0.5,188.21,186.08,0.0,-0.0,04,08
-1.7,-0.5,184.81,165.65,0.0,-0.0,05,08
-1.3,-0.5,183.42,167.02,0.0,-0.0,06,08
-0.9,-0.5,184.53,165.99,0.0,-0.0,07,08
-0.6,-0.5,187.78,186.52,0.0,-0.0,08,08
-0.2,-0.5,187.82,186.32,0.0,-0.0,09,08
0.2,-0.5,184.29,165.94,0.0,-0.0,10,08
0.6,-0.5,183.31,167.20,0.0,-0.0,11,08
0.9,-0.5,184.68,166.09,0.0,-0.0,12,08
1.3,-0.5,187.44,186.76,0.0,-0.0,13,08
1.7,-0.5,188.02,185.74,0.0,-0.0,14,08
2.0,-0.5,184.86,165.63,0.0,-0.0,15,08
2.4,-0.5,184.07,166.55,0.0,-0.0,16,08
2.8,-0.5,184.82,166.37,0.0,-0.0,17,08
3.1,-0.5,187.38,187.09,0.0,-0.0,18,08
3.5,-0.5,188.90,186.03,0.0,-0.0,19,08
3.5,-0.2,185.55,164.70,0.0,-0.0,20,09
3.1,-0.2,184.53,166.63,0.0,-0.0,21,09
2.8,-0.2,184.30,166.48,0.0,-0.0,22,09
2.4,-0.2,186.33,186.19,0.0,-0.0,23,09
2.0,-0.2,188.75,186.12,0.0,-0.0,24,09
1.7,-0.2,186.03,163.85,0.0,-0.0,25,09
1.3,-0.2,184.28,166.18,0.0,-0.0,26,09
0.9,-0.2,183.90,166.44,0.0,-0.0,27,09
0.5,-0.2,186.09,164.17,0.0,-0.0,28,09
0.2,-0.2,188.94,186.17,0.0,-0.0,29,09
-0.2,-0.2,186.60,163.57,0.0,-0.0,30,09
-0.6,-0.2,183.96,166.42,0.0,-0.0,31,09
-0.9,-0.2,183.94,167.09,0.0,-0.0,32,09
-1.3,-0.2,185.54,164.87,0.0,-0.0,33,09
-2.0,-0.2,187.15,187.78,0.0,-0.0,35,09
-2.4,-0.2,184.44,166.14,0.0,-0.0,36,09
-2.8,-0.2,183.11,167.15,0.0,-0.0,37,09
-3.1,-0.2,185.36,165.90,0.0,-0.0,38,09
-3.5,0.2,188.92,186.00,0.0,-0.0,00,10
-3.1,0.2,185.36,165.19,0.0,-0.0,01,10
-2.8,0.2,183.20,167.37,0.0,-0.0,02,10
-2.4,0.2,183.50,166.89,0.0,-0.0,03,10
-2.0,0.2,186.34,162.19,0.0,-0.0,04,10
-1.3,0.2,186.25,163.69,0.0,-0.0,06,10
-0.9,0.2,183.63,166.86,0.0,-0.0,07,10
-0.6,0.2,183.61,167.01,0.0,-0.0,08,10
-0.2,0.2,185.52,164.85,0.0,-0.0,09,10
0.2,0.2,188.76,185.75,0.0,-0.0,10,10
0.6,0.2,187.00,187.29,0.0,-0.0,11,10
0.9,0.2,184.65,165.73,0.0,-0.0,12,10
1.3,0.2,183.99,166.88,0.0,-0.0,13,10
1.7,0.2,185.32,165.14,0.0,-0.0,14,10
2.0,0.2,187.38,186.85,0.0,-0.0,15,10
2.4,0.2,187.95,186.16,0.0,-0.0,16,10
2.8,0.2,185.91,164.75,0.0,-0.0,17,10
3.1,0.2,184.15,166.82,0.0,-0.0,18,10
3.5,0.2,184.69,166.12,0.0,-0.0,19,10
3.5,0.6,187.56,187.47,0.0,-0.0,20,11
3.1,0.6,188.65,186.66,0.0,-0.0,21,11
2.8,0.6,186.08,164.46,0.0,-0.0,22,11
2.4,0.6,184.23,166.47,0.0,-0.0,23,11
2.0,0.6,184.40,166.58,0.0,-0.0,24,11
1.7,0.6,186.21,164.20,0.0,-0.0,25,11
1.3,0.6,187.85,186.10,0.0,-0.0,26,11
0.9,0.6,186.69,163.24,0.0,-0.0,27,11
0.6,0.6,184.73,166.01,0.0,-0.0,28,11
0.2,0.6,184.03,166.99,0.0,-0.0,29,11
-0.2,0.6,185.43,165.20,0.0,-0.0,30,11
-0.6,0.6,188.41,186.03,0.0,-0.0,31,11
-0.9,0.6,187.61,186.78,0.0,-0.0,32,11
-1.3,0.6,184.58,165.84,0.0,-0.0,33,11
-1.7,0.6,183.71,166.92,0.0,-0.0,34,11
-2.0,0.6,184.51,165.88,0.0,-0.0,35,11
-2.4,0.6,187.52,186.35,0.0,-0.0,36,11
-2.8,0.6,187.65,186.92,0.0,-0.0,37,11
-3.1,0.6,184.73,165.64,0.0,-0.0,38,11
-3.5,0.6,182.98,167.53,0.0,-0.0,39,11
-3.5,0.9,183.97,166.31,0.0,-0.0,00,12
-3.1,0.9,187.11,187.02,0.0,-0.0,01,12
-2.4,0.9,186.26,164.28,0.0,-0.0,03,12
-2.0,0.9,184.05,166.57,0.0,-0.0,04,12
-1.7,0.9,184.03,167.02,0.0,-0.0,05,12
-1.3,0.9,185.71,164.62,0.0,-0.0,06,12
-0.9,0.9,188.17,185.70,0.0,-0.0,07,12
-0.2,0.9,184.77,166.09,0.0,-0.0,09,12
0.2,0.9,183.50,166.94,0.0,-0.0,10,12
0.6,0.9,185.18,165.57,0.0,-0.0,11,12
0.9,0.9,187.48,186.36,0.0,-0.0,12,12
1.3,0.9,188.11,186.55,0.0,-0.0,13,12
1.7,0.9,185.81,164.29,0.0,-0.0,14,12
2.0,0.9,184.09,166.61,0.0,-0.0,15,12
2.4,0.9,184.69,166.10,0.0,-0.0,16,12
2.8,0.9,186.77,163.45,0.0,-0.0,17,12
3.1,0.9,188.51,186.08,0.0,-0.0,18,12
3.5,0.9,187.02,163.30,0.0,-0.0,19,12
3.5,1.3,184.51,166.17,0.0,-0.0,20,13
3.1,1.3,184.28,166.68,0.0,-0.0,21,13
2.8,1.3,186.03,164.18,0.0,-0.0,22,13
2.4,1.3,188.09,186.29,0.0,-0.0,23,13
2.0,1.3,186.83,187.07,0.0,-0.0,24,13
1.7,1.3,184.61,166.11,0.0,-0.0,25,13
1.3,1.3,184.31,166.45,0.0,-0.0,26,13
0.9,1.3,185.66,165.11,0.0,-0.0,27,13
0.5,1.3,187.65,186.39,0.0,-0.0,28,13
0.2,1.3,187.21,187.01,0.0,-0.0,29,13
-0.2,1.3,184.69,165.75,0.0,-0.0,30,13
-0.6,1.3,184.09,166.85,0.0,-0.0,31,13
-0.9,1.3,184.67,165.98,0.0,-0.0,32,13
-1.3,1.3,187.00,186.95,0.0,-0.0,33,13
-1.7,1.3,188.89,185.59,0.0,-0.0,34,13
-2.0,1.3,185.54,165.16,0.0,-0.0,35,13
-2.4,1.3,183.70,167.10,0.0,-0.0,36,13
-2.8,1.3,184.09,166.68,0.0,-0.0,37,13
-3.1,1.3,187.03,162.39,0.0,-0.0,38,13
-3.5,1.7,186.55,163.54,0.0,-0.0,00,14
-3.1,1.7,184.08,166.60,0.0,-0.0,01,14
-2.8,1.7,183.42,167.00,0.0,-0.0,02,14
-2.4,1.7,185.51,164.49,0.0,-0.0,03,14
-2.0,1.7,189.56,185.44,0.0,-0.0,04,14
-1.7,1.7,187.39,187.14,0.0,-0.0,05,14
-1.3,1.7,184.69,165.86,0.0,-0.0,06,14
-0.9,1.7,183.51,167.06,0.0,-0.0,07,14
-0.6,1.7,185.41,165.39,0.0,-0.0,08,14
-0.2,1.7,187.77,186.13,0.0,-0.0,09,14
0.2,1.7,187.98,186.57,0.0,-0.0,10,14
0.5,1.7,185.20,165.37,0.0,-0.0,11,14
0.9,1.7,184.04,166.47,0.0,-0.0,12,14
1.3,1.7,184.75,166.06,0.0,-0.0,13,14
1.7,1.7,187.61,187.36,0.0,-0.0,14,14
2.0,1.7,188.10,186.30,0.0,-0.0,15,14
2.4,1.7,186.52,164.15,0.0,-0.0,16,14
2.8,1.7,184.27,166.77,0.0,-0.0,17,14
3.1,1.7,184.45,166.34,0.0,-0.0,18,14
3.5,1.7,187.40,186.96,0.0,-0.0,19,14
3.5,2.0,188.37,186.29,0.0,-0.0,20,15
3.1,2.0,186.06,164.62,0.0,-0.0,21,15
2.8,2.0,184.31,166.55,0.0,-0.0,22,15
2.4,2.0,184.56,166.43,0.0,-0.0,23,15
2.0,2.0,186.78,162.77,0.0,-0.0,24,15
1.7,2.0,188.40,186.36,0.0,-0.0,25,15
1.3,2.0,186.51,163.00,0.0,-0.0,26,15
0.9,2.0,185.11,165.80,0.0,-0.0,27,15
0.5,2.0,184.13,166.87,0.0,-0.0,28,15
0.2,2.0,185.63,164.83,0.0,-0.0,29,15
-0.2,2.0,187.82,186.22,0.0,-0.0,30,15
-0.6,2.0,187.70,187.07,0.0,-0.0,31,15
-0.9,2.0,185.56,165.16,0.0,-0.0,32,15
-1.3,2.0,183.62,166.81,0.0,-0.0,33,15
-1.7,2.0,184.55,166.09,0.0,-0.0,34,15
-2.0,2.0,187.51,186.98,0.0,-0.0,35,15
-2.4,2.0,189.26,185.33,0.0,-0.0,36,15
-2.8,2.0,185.16,165.45,0.0,-0.0,37,15
-3.1,2.0,183.32,167.43,0.0,-0.0,38,15
-3.5,2.0,183.85,166.53,0.0,-0.0,39,15
-3.5,2.4,186.74,163.72,0.0,-0.0,00,16
-2.8,2.4,186.54,187.22,0.0,-0.0,02,16
-2.4,2.4,184.27,166.36,0.0,-0.0,03,16
-2.0,2.4,183.26,167.36,0.0,-0.0,04,16
-1.7,2.4,185.14,165.30,0.0,-0.0,05,16
-1.3,2.4,188.23,186.58,0.0,-0.0,06,16
-0.9,2.4,187.20,187.15,0.0,-0.0,07,16
-0.6,2.4,184.67,166.30,0.0,-0.0,08,16
-0.2,2.4,183.77,166.81,0.0,-0.0,09,16
0.2,2.4,185.24,165.39,0.0,-0.0,10,16
0.5,2.4,187.65,186.59,0.0,-0.0,11,16
0.9,2.4,187.73,186.71,0.0,-0.0,12,16
1.3,2.4,185.67,165.00,0.0,-0.0,13,16
1.7,2.4,184.10,166.63,0.0,-0.0,14,16
2.0,2.4,185.02,166.01,0.0,-0.0,15,16
2.4,2.4,187.56,186.41,0.0,-0.0,16,16
2.8,2.4,187.88,186.03,0.0,-0.0,17,16
3.1,2.4,186.06,164.34,0.0,-0.0,18,16
3.5,2.4,184.28,166.84,0.0,-0.0,19,16
3.5,2.8,184.72,166.39,0.0,-0.0,20,17
2.8,2.8,188.24,186.10,0.0,-0.0,22,17
2.4,2.8,187.00,163.13,0.0,-0.0,23,17
2.0,2.8,185.15,166.06,0.0,-0.0,24,17
1.7,2.8,184.27,166.22,0.0,-0.0,25,17
1.3,2.8,185.28,165.43,0.0,-0.0,26,17
0.9,2.8,187.65,186.63,0.0,-0.0,27,17
0.6,2.8,188.03,186.04,0.0,-0.0,28,17
0.2,2.8,185.39,165.40,0.0,-0.0,29,17
-0.2,2.8,183.96,166.73,0.0,-0.0,30,17
-0.6,2.8,184.55,166.11,0.0,-0.0,31,17
-0.9,2.8,186.74,162.81,0.0,-0.0,32,17
-1.3,2.8,188.93,185.91,0.0,-0.0,33,17
-1.7,2.8,186.23,164.07,0.0,-0.0,34,17
-2.0,2.8,183.76,166.69,0.0,-0.0,35,17
-2.4,2.8,183.58,167.08,0.0,-0.0,36,17
-2.8,2.8,185.65,164.70,0.0,-0.0,37,17
-3.5,2.8,187.08,187.56,0.0,-0.0,39,17
-3.5,3.1,184.52,166.37,0.0,-0.0,00,18
-3.1,3.1,182.92,167.25,0.0,-0.0,01,18
-2.8,3.1,184.35,166.34,0.0,-0.0,02,18
-2.4,3.1,187.94,185.95,0.0,-0.0,03,18
-2.0,3.1,188.70,185.94,0.0,-0.0,04,18
-1.7,3.1,185.25,165.47,0.0,-0.0,05,18
-1.3,3.1,183.45,167.28,0.0,-0.0,06,18
-0.9,3.1,184.57,166.22,0.0,-0.0,07,18
-0.6,3.1,187.30,187.30,0.0,-0.0,08,18
-0.2,3.1,188.96,185.86,0.0,-0.0,09,18
0.2,3.1,185.69,164.73,0.0,-0.0,10,18
0.5,3.1,184.37,166.95,0.0,-0.0,11,18
0.9,3.1,184.77,166.18,0.0,-0.0,12,18
1.3,3.1,186.66,163.11,0.0,-0.0,13,18
1.7,3.1,188.43,185.81,0.0,-0.0,14,18
2.0,3.1,186.76,163.72,0.0,-0.0,15,18
2.4,3.1,184.74,166.11,0.0,-0.0,16,18
2.8,3.1,184.35,166.20,0.0,-0.0,17,18
3.1,3.1,185.99,164.62,0.0,-0.0,18,18
3.5,3.1,187.91,186.51,0.0,-0.0,19,18
3.5,3.5,186.84,187.14,0.0,-0.0,20,19
3.1,3.5,185.10,165.84,0.0,-0.0,21,19
2.8,3.5,184.43,166.52,0.0,-0.0,22,19
2.4,3.5,185.55,165.13,0.0,-0.0,23,19
2.0,3.5,187.50,187.40,0.0,-0.0,24,19
1.7,3.5,187.21,187.11,0.0,-0.0,25,19
1.3,3.5,185.18,165.62,0.0,-0.0,26,19
0.9,3.5,184.27,166.65,0.0,-0.0,27,19
0.6,3.5,184.86,165.74,0.0,-0.0,28,19
0.2,3.5,187.16,186.82,0.0,-0.0,29,19
-0.2,3.5,188.27,186.23,0.0,-0.0,30,19
-0.6,3.5,185.97,164.44,0.0,-0.0,31,19
-0.9,3.5,183.87,166.65,0.0,-0.0,32,19
-1.3,3.5,184.17,166.74,0.0,-0.0,33,19
-1.7,3.5,186.35,163.90,0.0,-0.0,34,19
-2.4,3.5,187.05,187.39,0.0,-0.0,36,19
-2.8,3.5,184.30,166.54,0.0,-0.0,37,19
-3.1,3.5,182.88,167.71,0.0,-0.0,38,19
-3.5,3.5,184.94,165.76,0.0,-0.0,39,19
-3.5,3.5,188.72,186.00,0.0,-0.0,00,20
-3.1,3.5,187.42,187.18,0.0,-0.0,01,20
-2.8,3.5,184.27,166.32,0.0,-0.0,02,20
-2.4,3.5,183.30,167.57,0.0,-0.0,03,20
-2.0,3.5,184.77,165.94,0.0,-0.0,04,20
-1.7,3.5,188.25,186.70,0.0,-0.0,05,20
-1.3,3.5,188.32,186.34,0.0,-0.0,06,20
-0.9,3.5,185.70,165.07,0.0,-0.0,07,20
-0.6,3.5,183.91,166.83,0.0,-0.0,08,20
-0.2,3.5,184.75,166.08,0.0,-0.0,09,20
0.2,3.5,187.10,186.81,0.0,-0.0,10,20
0.6,3.5,188.11,186.08,0.0,-0.0,11,20
0.9,3.5,186.15,163.92,0.0,-0.0,12,20
1.3,3.5,184.62,166.60,0.0,-0.0,13,20
1.7,3.5,184.84,166.34,0.0,-0.0,14,20
2.0,3.5,186.59,163.21,0.0,-0.0,15,20
2.4,3.5,188.05,186.45,0.0,-0.0,16,20
2.8,3.5,186.38,163.73,0.0,-0.0,17,20
3.1,3.5,184.71,166.22,0.0,-0.0,18,20
3.5,3.5,184.57,166.39,0.0,-0.0,19,20
3.5,3.1,186.21,164.10,0.0,-0.0,20,21
3.1,3.1,188.06,186.16,0.0,-0.0,21,21
2.8,3.1,186.44,163.85,0.0,-0.0,22,21
2.4,3.1,185.09,165.88,0.0,-0.0,23,21
2.0,3.1,184.29,166.22,0.0,-0.0,24,21
1.7,3.1,186.13,164.22,0.0,-0.0,25,21
1.3,3.1,188.08,185.95,0.0,-0.0,26,21
0.9,3.1,187.16,187.16,0.0,-0.0,27,21
0.6,3.1,184.88,166.13,0.0,-0.0,28,21
0.2,3.1,184.06,166.81,0.0,-0.0,29,21
-0.2,3.1,185.51,165.23,0.0,-0.0,30,21
-0.6,3.1,188.80,185.99,0.0,-0.0,31,21
-0.9,3.1,187.18,187.52,0.0,-0.0,32,21
-1.3,3.1,184.38,165.98,0.0,-0.0,33,21
-1.7,3.1,183.45,167.29,0.0,-0.0,34,21
-2.0,3.1,185.57,165.69,0.0,-0.0,35,21
-2.8,3.1,188.53,186.44,0.0,-0.0,37,21
-3.1,3.1,184.54,165.99,0.0,-0.0,38,21
-3.5,3.1,183.08,167.21,0.0,-0.0,39,21
-3.5,2.8,184.14,166.37,0.0,-0.0,00,22
-3.1,2.8,187.88,186.13,0.0,-0.0,01,22
-2.8,2.8,184.17,187.53,0.0,-0.0,02,22
-2.4,2.8,184.51,165.95,0.0,-0.0,03,22
-2.0,2.8,183.27,167.19,0.0,-0.0,04,22
-1.7,2.8,184.63,166.20,0.0,-0.0,05,22
-1.3,2.8,187.60,187.40,0.0,-0.0,06,22
-0.9,2.8,188.59,186.01,0.0,-0.0,07,22
-0.6,2.8,186.22,164.02,0.0,-0.0,08,22
-0.2,2.8,184.33,166.70,0.0,-0.0,09,22
0.2,2.8,184.13,166.80,0.0,-0.0,10,22
0.6,2.8,185.51,165.14,0.0,-0.0,11,22
0.9,2.8,187.77,186.08,0.0,-0.0,12,22
1.3,2.8,187.47,187.22,0.0,-0.0,13,22
1.7,2.8,185.41,165.21,0.0,-0.0,14,22
2.0,2.8,184.38,166.52,0.0,-0.0,15,22
2.4,2.8,185.19,165.58,0.0,-0.0,16,22
2.8,2.8,187.35,186.96,0.0,-0.0,17,22
3.1,2.8,188.46,186.38,0.0,-0.0,18,22
3.5,2.8,186.66,163.85,0.0,-0.0,19,22
3.5,2.4,184.61,166.56,0.0,-0.0,20,23
3.1,2.4,184.25,166.39,0.0,-0.0,21,23
2.8,2.4,185.59,164.66,0.0,-0.0,22,23
2.4,2.4,187.65,186.43,0.0,-0.0,23,23
2.0,2.4,187.36,187.17,0.0,-0.0,24,23
1.7,2.4,185.39,165.14,0.0,-0.0,25,23
1.3,2.4,183.97,166.72,0.0,-0.0,26,23
0.9,2.4,185.21,165.65,0.0,-0.0,27,23
0.6,2.4,187.29,186.47,0.0,-0.0,28,23
0.2,2.4,188.23,186.33,0.0,-0.0,29,23
-0.2,2.4,185.67,164.47,0.0,-0.0,30,23
-0.6,2.4,183.76,167.08,0.0,-0.0,31,23
-0.9,2.4,184.36,166.17,0.0,-0.0,32,23
-1.3,2.4,186.42,163.40,0.0,-0.0,33,23
-1.7,2.4,189.29,186.04,0.0,-0.0,34,23
-2.0,2.4,186.45,163.79,0.0,-0.0,35,23
-2.4,2.4,183.37,167.09,0.0,-0.0,36,23
-2.8,2.4,183.37,167.25,0.0,-0.0,37,23
-3.1,2.4,185.79,164.45,0.0,-0.0,38,23
-3.5,2.0,186.79,187.28,0.0,-0.0,00,24
-3.1,2.0,184.43,166.27,0.0,-0.0,01,24
-2.8,2.0,183.62,167.36,0.0,-0.0,02,24
-2.4,2.0,184.75,165.95,0.0,-0.0,03,24
-2.0,2.0,187.98,186.47,0.0,-0.0,04,24
-1.7,2.0,188.09,186.39,0.0,-0.0,05,24
-1.3,2.0,184.89,165.67,0.0,-0.0,06,24
-0.9,2.0,183.71,167.27,0.0,-0.0,07,24
-0.6,2.0,184.93,166.09,0.0,-0.0,08,24
-0.2,2.0,187.33,186.85,0.0,-0.0,09,24
0.2,2.0,187.96,187.14,0.0,-0.0,10,24
0.6,2.0,185.52,164.79,0.0,-0.0,11,24
0.9,2.0,184.38,166.28,0.0,-0.0,12,24
1.3,2.0,184.81,165.84,0.0,-0.0,13,24
1.7,2.0,187.02,163.32,0.0,-0.0,14,24
2.0,2.0,188.19,186.29,0.0,-0.0,15,24
2.4,2.0,186.60,163.64,0.0,-0.0,16,24
2.8,2.0,184.66,166.08,0.0,-0.0,17,24
3.1,2.0,184.28,166.59,0.0,-0.0,18,24
3.5,2.0,185.88,164.59,0.0,-0.0,19,24
3.5,1.7,188.46,186.46,0.0,-0.0,20,25
3.1,1.7,187.42,187.22,0.0,-0.0,21,25
2.8,1.7,184.97,166.09,0.0,-0.0,22,25
2.4,1.7,184.16,166.76,0.0,-0.0,23,25
2.0,1.7,185.83,165.20,0.0,-0.0,24,25
1.7,1.7,187.76,186.74,0.0,-0.0,25,25
1.3,1.7,188.14,186.25,0.0,-0.0,26,25
0.9,1.7,185.38,165.24,0.0,-0.0,27,25
0.6,1.7,184.20,166.48,0.0,-0.0,28,25
0.2,1.7,184.66,165.88,0.0,-0.0,29,25
-0.2,1.7,185.86,186.11,0.0,-0.0,30,25
-0.6,1.7,188.73,185.67,0.0,-0.0,31,25
-0.9,1.7,185.58,164.69,0.0,-0.0,32,25
-1.3,1.7,183.83,166.84,0.0,-0.0,33,25
-1.7,1.7,183.94,166.30,0.0,-0.0,34,25
-2.0,1.7,186.68,163.39,0.0,-0.0,35,25
-2.8,1.7,185.94,163.79,0.0,-0.0,37,25
-3.1,1.7,184.18,166.56,0.0,-0.0,38,25
-3.5,1.7,183.16,166.99,0.0,-0.0,39,25
-3.5,1.3,184.89,165.71,0.0,-0.0,00,26
-2.8,1.3,189.37,186.40,0.0,-0.0,02,26
-2.4,1.3,185.27,164.88,0.0,-0.0,03,26
-2.0,1.3,183.89,167.27,0.0,-0.0,04,26
-1.7,1.3,184.18,166.56,0.0,-0.0,05,26
-1.3,1.3,187.29,186.95,0.0,-0.0,06,26
-0.9,1.3,188.44,185.87,0.0,-0.0,07,26
-0.6,1.3,185.92,164.20,0.0,-0.0,08,26
-0.2,1.3,183.74,167.06,0.0,-0.0,09,26
0.2,1.3,184.63,166.07,0.0,-0.0,10,26
0.6,1.3,187.15,186.37,0.0,-0.0,11,26
0.9,1.3,188.15,185.77,0.0,-0.0,12,26
1.3,1.3,186.64,163.90,0.0,-0.0,13,26
1.7,1.3,184.64,166.34,0.0,-0.0,14,26
2.0,1.3,184.23,166.30,0.0,-0.0,15,26
2.4,1.3,185.94,164.42,0.0,-0.0,16,26
2.8,1.3,187.93,186.33,0.0,-0.0,17,26
3.1,1.3,187.28,186.89,0.0,-0.0,18,26
3.5,1.3,185.09,165.60,0.0,-0.0,19,26
3.5,0.9,184.05,166.54,0.0,-0.0,20,27
3.1,0.9,185.17,165.93,0.0,-0.0,21,27
2.8,0.9,187.43,187.28,0.0,-0.0,22,27
2.4,0.9,187.73,186.86,0.0,-0.0,23,27
2.0,0.9,185.96,164.75,0.0,-0.0,24,27
1.7,0.9,183.88,166.76,0.0,-0.0,25,27
1.3,0.9,184.79,165.76,0.0,-0.0,26,27
0.9,0.9,187.41,187.17,0.0,-0.0,27,27
0.6,0.9,188.16,185.88,0.0,-0.0,28,27
0.2,0.9,186.63,163.64,0.0,-0.0,29,27
-0.2,0.9,183.92,166.26,0.0,-0.0,30,27
-0.6,0.9,184.04,166.80,0.0,-0.0,31,27
-0.9,0.9,186.00,164.17,0.0,-0.0,32,27
-1.3,0.9,188.99,185.25,0.0,-0.0,33,27
-1.7,0.9,187.00,187.24,0.0,-0.0,34,27
-2.0,0.9,184.28,166.24,0.0,-0.0,35,27
-2.4,0.9,183.72,167.15,0.0,-0.0,36,27
-2.8,0.9,185.04,165.09,0.0,-0.0,37,27
-3.5,0.9,187.23,187.13,0.0,-0.0,39,27
-3.5,0.6,184.40,166.11,0.0,-0.0,00,28
-3.1,0.6,183.08,167.40,0.0,-0.0,01,28
-2.8,0.6,184.37,166.11,0.0,-0.0,02,28
-2.4,0.6,187.11,186.77,0.0,-0.0,03,28
-2.0,0.6,184.58,187.15,0.0,-0.0,04,28
-1.7,0.6,185.69,164.66,0.0,-0.0,05,28
-1.3,0.6,183.63,167.08,0.0,-0.0,06,28
-0.9,0.6,184.16,166.51,0.0,-0.0,07,28
-0.6,0.6,186.86,163.57,0.0,-0.0,08,28
-0.2,0.6,185.71,186.42,0.0,-0.0,09,28
0.2,0.6,185.97,164.47,0.0,-0.0,10,28
0.6,0.6,184.20,166.58,0.0,-0.0,11,28
0.9,0.6,184.21,166.59,0.0,-0.0,12,28
1.3,0.6,185.76,164.19,0.0,-0.0,13,28
1.7,0.6,187.86,186.25,0.0,-0.0,14,28
2.0,0.6,187.06,186.77,0.0,-0.0,15,28
2.4,0.6,184.55,166.14,0.0,-0.0,16,28
2.8,0.6,183.92,166.81,0.0,-0.0,17,28
3.1,0.6,186.09,164.64,0.0,-0.0,18,28
3.5,0.6,188.41,186.04,0.0,-0.0,19,28
3.5,0.2,187.44,187.10,0.0,-0.0,20,29
3.1,0.2,185.21,165.38,0.0,-0.0,21,29
2.8,0.2,184.08,166.61,0.0,-0.0,22,29
2.4,0.2,184.95,165.55,0.0,-0.0,23,29
2.0,0.2,187.13,186.65,0.0,-0.0,24,29
1.7,0.2,187.93,186.28,0.0,-0.0,25,29
1.3,0.2,185.45,165.17,0.0,-0.0,26,29
0.9,0.2,183.99,166.43,0.0,-0.0,27,29
0.6,0.2,184.45,166.02,0.0,-0.0,28,29
0.2,0.2,186.57,163.51,0.0,-0.0,29,29
-0.2,0.2,188.94,185.69,0.0,-0.0,30,29
-0.6,0.2,186.37,163.67,0.0,-0.0,31,29
-0.9,0.2,183.79,166.54,0.0,-0.0,32,29
-1.3,0.2,183.38,166.93,0.0,-0.0,33,29
-1.7,0.2,185.46,165.08,0.0,-0.0,34,29
-2.0,0.2,188.61,185.89,0.0,-0.0,35,29
-2.4,0.2,187.02,186.83,0.0,-0.0,36,29
-2.8,0.2,183.75,166.51,0.0,-0.0,37,29
-3.1,0.2,183.03,167.35,0.0,-0.0,38,29
-3.5,0.2,184.94,165.62,0.0,-0.0,39,29
-3.5,-0.2,189.42,185.44,0.0,-0.0,00,30
-3.1,-0.2,187.05,186.90,0.0,-0.0,01,30
-2.8,-0.2,184.67,166.23,0.0,-0.0,02,30
-2.4,-0.2,183.38,167.18,0.0,-0.0,03,30
-2.0,-0.2,184.90,165.25,0.0,-0.0,04,30
-1.7,-0.2,188.77,186.05,0.0,-0.0,05,30
-1.3,-0.2,187.28,186.94,0.0,-0.0,06,30
-0.9,-0.2,184.20,166.32,0.0,-0.0,07,30
-0.6,-0.2,183.87,167.27,0.0,-0.0,08,30
-0.2,-0.2,184.90,165.69,0.0,-0.0,09,30
0.2,-0.2,188.08,186.23,0.0,-0.0,10,30
0.6,-0.2,187.87,186.90,0.0,-0.0,11,30
0.9,-0.2,184.90,165.64,0.0,-0.0,12,30
1.3,-0.2,183.86,166.96,0.0,-0.0,13,30
1.7,-0.2,185.10,165.44,0.0,-0.0,14,30
2.0,-0.2,187.44,186.90,0.0,-0.0,15,30
2.4,-0.2,188.11,186.71,0.0,-0.0,16,30
2.8,-0.2,185.63,165.08,0.0,-0.0,17,30
3.1,-0.2,183.93,166.56,0.0,-0.0,18,30
3.5,-0.2,184.98,166.29,0.0,-0.0,19,30
3.5,-0.5,186.94,186.89,0.0,-0.0,20,31
3.1,-0.5,188.58,186.25,0.0,-0.0,21,31
2.8,-0.5,185.53,165.02,0.0,-0.0,22,31
2.4,-0.5,184.18,166.75,0.0,-0.0,23,31
2.0,-0.5,184.52,166.08,0.0,-0.0,24,31
1.7,-0.5,186.62,163.30,0.0,-0.0,25,31
1.3,-0.5,188.63,185.48,0.0,-0.0,26,31
0.9,-0.5,185.76,164.50,0.0,-0.0,27,31
0.6,-0.5,183.93,167.01,0.0,-0.0,28,31
0.2,-0.5,184.03,166.36,0.0,-0.0,29,31
-0.2,-0.5,186.43,163.21,0.0,-0.0,30,31
-0.6,-0.5,188.88,185.58,0.0,-0.0,31,31
-0.9,-0.5,186.17,163.63,0.0,-0.0,32,31
-1.3,-0.5,183.83,166.70,0.0,-0.0,33,31
-1.7,-0.5,183.83,166.74,0.0,-0.0,34,31
-2.0,-0.5,185.81,163.90,0.0,-0.0,35,31
-2.8,-0.5,187.05,187.01,0.0,-0.0,37,31
-3.1,-0.5,183.86,166.80,0.0,-0.0,38,31
-3.5,-0.5,183.19,167.07,0.0,-0.0,39,31
-3.5,-0.9,184.97,165.65,0.0,-0.0,00,32
-3.1,-0.9,189.26,185.47,0.0,-0.0,01,32
-2.8,-0.9,187.12,186.68,0.0,-0.0,02,32
-2.4,-0.9,184.16,166.58,0.0,-0.0,03,32
-2.0,-0.9,183.29,167.56,0.0,-0.0,04,32
-1.7,-0.9,185.06,165.06,0.0,-0.0,05,32
-1.3,-0.9,188.50,186.17,0.0,-0.0,06,32
-0.9,-0.9,186.76,187.05,0.0,-0.0,07,32
-0.6,-0.9,184.89,165.92,0.0,-0.0,08,32
-0.2,-0.9,183.60,166.86,0.0,-0.0,09,32
0.2,-0.9,185.11,165.07,0.0,-0.0,10,32
0.6,-0.9,188.03,186.24,0.0,-0.0,11,32
0.9,-0.9,187.41,186.68,0.0,-0.0,12,32
1.3,-0.9,184.99,165.63,0.0,-0.0,13,32
1.7,-0.9,183.83,167.02,0.0,-0.0,14,32
2.0,-0.9,184.72,165.56,0.0,-0.0,15,32
2.4,-0.9,187.38,186.51,0.0,-0.0,16,32
2.8,-0.9,188.10,185.96,0.0,-0.0,17,32
3.1,-0.9,185.51,164.97,0.0,-0.0,18,32
3.5,-0.9,183.96,166.68,0.0,-0.0,19,32
3.5,-1.3,184.92,166.03,0.0,-0.0,20,33
3.1,-1.3,187.22,187.07,0.0,-0.0,21,33
2.8,-1.3,188.43,185.95,0.0,-0.0,22,33
2.4,-1.3,185.77,164.86,0.0,-0.0,23,33
2.0,-1.3,184.08,167.12,0.0,-0.0,24,33
1.7,-1.3,184.25,166.34,0.0,-0.0,25,33
1.3,-1.3,187.14,187.14,0.0,-0.0,26,33
0.9,-1.3,188.61,186.18,0.0,-0.0,27,33
0.5,-1.3,186.12,164.12,0.0,-0.0,28,33
0.2,-1.3,183.45,167.39,0.0,-0.0,29,33
-0.2,-1.3,184.15,166.18,0.0,-0.0,30,33
-0.6,-1.3,187.02,186.73,0.0,-0.0,31,33
-0.9,-1.3,189.51,185.13,0.0,-0.0,32,33
-1.3,-1.3,185.68,165.03,0.0,-0.0,33,33
-1.7,-1.3,183.88,166.61,0.0,-0.0,34,33
-2.0,-1.3,183.57,167.06,0.0,-0.0,35,33
-2.4,-1.3,185.82,163.82,0.0,-0.0,36,33
-3.1,-1.3,186.70,186.99,0.0,-0.0,38,33
-3.5,-1.3,184.20,166.76,0.0,-0.0,39,33
-3.5,-1.7,183.12,167.64,0.0,-0.0,00,34
-3.1,-1.7,184.70,165.62,0.0,-0.0,01,34
-2.4,-1.7,187.69,187.54,0.0,-0.0,03,34
-2.0,-1.7,184.17,166.62,0.0,-0.0,04,34
-1.7,-1.7,183.39,167.10,0.0,-0.0,05,34
-1.3,-1.7,184.82,165.63,0.0,-0.0,06,34
-0.9,-1.7,187.75,186.49,0.0,-0.0,07,34
-0.6,-1.7,188.33,186.19,0.0,-0.0,08,34
-0.2,-1.7,184.93,165.63,0.0,-0.0,09,34
0.2,-1.7,183.48,167.47,0.0,-0.0,10,34
0.5,-1.7,184.57,165.61,0.0,-0.0,11,34
0.9,-1.7,187.18,187.28,0.0,-0.0,12,34
1.3,-1.7,188.02,186.80,0.0,-0.0,13,34
1.7,-1.7,185.65,164.97,0.0,-0.0,14,34
2.0,-1.7,183.67,167.07,0.0,-0.0,15,34
2.4,-1.7,184.29,166.46,0.0,-0.0,16,34
2.8,-1.7,187.11,186.62,0.0,-0.0,17,34
3.1,-1.7,189.34,185.60,0.0,-0.0,18,34
3.5,-1.7,185.97,164.33,0.0,-0.0,19,34
3.5,-2.0,184.25,166.59,0.0,-0.0,20,35
3.1,-2.0,184.13,166.65,0.0,-0.0,21,35
2.8,-2.0,186.30,163.85,0.0,-0.0,22,35
2.0,-2.0,186.47,164.37,0.0,-0.0,24,35
1.7,-2.0,184.02,166.69,0.0,-0.0,25,35
1.3,-2.0,183.31,167.29,0.0,-0.0,26,35
0.9,-2.0,185.87,164.96,0.0,-0.0,27,35
0.2,-2.0,187.92,186.51,0.0,-0.0,29,35
-0.2,-2.0,185.19,165.28,0.0,-0.0,30,35
-0.6,-2.0,183.63,166.74,0.0,-0.0,31,35
-0.9,-2.0,184.21,166.68,0.0,-0.0,32,35
-1.3,-2.0,187.30,187.06,0.0,-0.0,33,35
-1.7,-2.0,183.04,192.85,0.0,-0.0,34,35
-2.0,-2.0,185.20,165.31,0.0,-0.0,35,35
-2.4,-2.0,183.20,167.32,0.0,-0.0,36,35
-2.8,-2.0,183.53,166.97,0.0,-0.0,37,35
-3.1,-2.0,186.87,186.96,0.0,-0.0,38,35
-3.5,-2.0,185.74,197.14,0.0,-0.0,39,35
-3.5,-2.4,185.43,165.11,0.0,-0.0,00,36
-3.1,-2.4,182.79,167.58,0.0,-0.0,01,36
-2.8,-2.4,183.29,166.99,0.0,-0.0,02,36
-2.4,-2.4,187.40,186.67,0.0,-0.0,03,36
-1.7,-2.4,185.65,164.72,0.0,-0.0,05,36
-1.3,-2.4,183.43,167.21,0.0,-0.0,06,36
-0.9,-2.4,183.86,167.21,0.0,-0.0,07,36
-0.6,-2.4,185.84,164.03,0.0,-0.0,08,36
0.2,-2.4,187.00,187.68,0.0,-0.0,10,36
0.6,-2.4,184.57,165.99,0.0,-0.0,11,36
0.9,-2.4,183.52,167.16,0.0,-0.0,12,36
1.3,-2.4,185.44,165.52,0.0,-0.0,13,36
1.7,-2.4,188.19,186.44,0.0,-0.0,14,36
2.0,-2.4,187.81,186.88,0.0,-0.0,15,36
2.4,-2.4,185.05,165.75,0.0,-0.0,16,36
2.8,-2.4,183.29,167.31,0.0,-0.0,17,36
3.1,-2.4,184.66,165.84,0.0,-0.0,18,36
3.5,-2.4,187.72,186.51,0.0,-0.0,19,36
3.5,-2.8,189.13,185.24,0.0,-0.0,20,37
3.1,-2.8,185.37,165.39,0.0,-0.0,21,37
2.8,-2.8,183.23,167.11,0.0,-0.0,22,37
2.4,-2.8,184.36,166.01,0.0,-0.0,23,37
2.0,-2.8,187.73,186.95,0.0,-0.0,24,37
1.7,-2.8,183.03,179.36,0.0,-0.0,25,37
1.3,-2.8,185.26,165.15,0.0,-0.0,26,37
0.9,-2.8,183.22,167.38,0.0,-0.0,27,37
0.6,-2.8,184.16,166.44,0.0,-0.0,28,37
0.2,-2.8,186.37,163.76,0.0,-0.0,29,37
-0.6,-2.8,186.82,163.27,-0.0,-0.0,31,37
-0.9,-2.8,183.84,166.85,-0.0,-0.0,32,37
-1.3,-2.8,182.92,167.54,-0.0,-0.0,33,37
-1.7,-2.8,185.72,164.43,-0.0,-0.0,34,37
-2.4,-2.8,132.65,133.72,-0.0,-0.0,36,37
-2.8,-2.8,183.57,166.49,-0.0,-0.0,37,37
-3.1,-2.8,182.69,167.82,-0.0,-0.0,38,37
-3.5,-2.8,185.11,165.49,-0.0,-0.0,39,37
-3.1,-3.1,187.07,187.65,-0.0,-0.0,01,38
-2.8,-3.1,183.35,166.79,-0.0,-0.0,02,38
-2.4,-3.1,182.71,167.74,-0.0,-0.0,03,38
-2.0,-3.1,185.19,165.37,-0.0,-0.0,04,38
-1.3,-3.1,188.39,186.58,-0.0,-0.0,06,38
-0.9,-3.1,184.49,165.85,-0.0,-0.0,07,38
-0.6,-3.1,183.20,167.37,-0.0,-0.0,08,38
-0.2,-3.1,184.33,166.32,-0.0,-0.0,09,38
0.2,-3.1,188.68,186.16,0.0,-0.0,10,38
0.5,-3.1,188.04,186.34,0.0,-0.0,11,38
0.9,-3.1,184.57,165.81,0.0,-0.0,12,38
1.3,-3.1,183.14,167.45,0.0,-0.0,13,38
1.7,-3.1,184.03,166.13,0.0,-0.0,14,38
2.0,-3.1,187.36,186.59,0.0,-0.0,15,38
2.4,-3.1,188.74,186.02,0.0,-0.0,16,38
2.8,-3.1,184.74,165.95,0.0,-0.0,17,38
3.1,-3.1,183.23,167.16,0.0,-0.0,18,38
3.5,-3.1,184.09,166.25,0.0,-0.0,19,38
3.5,-3.5,187.11,186.68,0.0,-0.0,20,39
2.8,-3.5,186.51,164.06,0.0,-0.0,22,39
2.4,-3.5,183.46,167.28,0.0,-0.0,23,39
2.0,-3.5,183.27,167.44,0.0,-0.0,24,39
1.6,-3.5,185.55,165.21,0.0,-0.0,25,39
0.9,-3.5,187.87,186.95,0.0,-0.0,27,39
0.5,-3.5,184.60,166.01,0.0,-0.0,28,39
0.2,-3.5,182.95,167.32,0.0,-0.0,29,39
-0.2,-3.5,184.01,166.63,0.0,-0.0,30,39
-0.6,-3.5,187.05,186.56,0.0,-0.0,31,39
-1.3,-3.5,185.07,165.40,0.0,-0.0,33,39
-1.7,-3.5,182.92,167.35,0.0,-0.0,34,39
-2.0,-3.5,183.14,166.82,0.0,-0.0,35,39
-2.4,-3.5,186.69,162.91,0.0,-0.0,36,39
-3.1,-3.5,185.81,164.40,-0.0,-0.0,38,39
-3.5,-3.5,182.95,167.73,-0.0,-0.0,39,39
-3.5,-3.5,182.96,167.48,-0.0,-0.0,00,00
-3.1,-3.5,185.37,164.85,-0.0,-0.0,01,00
-2.4,-3.5,187.01,187.16,-0.0,-0.0,03,00
-2.0,-3.5,184.26,166.26,-0.0,-0.0,04,00
-1.7,-3.5,182.55,167.60,-0.0,-0.0,05,00
-1.3,-3.5,184.94,165.57,-0.0,-0.0,06,00
-0.6,-3.5,188.87,186.14,-0.0,-0.0,08,00
-0.2,-3.5,184.29,166.29,-0.0,-0.0,09,00
0.2,-3.5,182.78,167.54,-0.0,-0.0,10,00
0.6,-3.5,184.26,166.21,-0.0,-0.0,11,00
0.9,-3.5,187.93,185.84,-0.0,-0.0,12,00
1.3,-3.5,188.51,186.57,-0.0,-0.0,13,00
1.7,-3.5,184.47,166.20,-0.0,-0.0,14,00
2.0,-3.5,183.44,167.23,-0.0,-0.0,15,00
2.4,-3.5,184.77,166.02,-0.0,-0.0,16,00
2.8,-3.5,187.86,186.69,-0.0,-0.0,17,00
3.1,-3.5,188.45,186.61,0.0,-0.0,18,00
3.5,-3.5,184.92,165.59,0.0,-0.0,19,00
3.5,-3.1,183.21,167.15,0.0,-0.0,20,01
3.1,-3.1,184.26,166.07,0.0,-0.0,21,01
2.8,-3.1,187.40,186.82,0.0,-0.0,22,01
2.4,-3.1,185.02,184.71,0.0,-0.0,23,01
2.0,-3.1,185.31,165.38,0.0,-0.0,24,01
1.7,-3.1,183.22,167.40,0.0,-0.0,25,01
1.3,-3.1,184.10,166.40,0.0,-0.0,26,01
0.9,-3.1,187.26,186.96,0.0,-0.0,27,01
0.5,-3.1,185.52,177.12,0.0,-0.0,28,01
0.2,-3.1,185.43,165.14,0.0,-0.0,29,01
-0.2,-3.1,183.03,167.24,0.0,-0.0,30,01
-0.6,-3.1,183.78,166.50,0.0,-0.0,31,01
-0.9,-3.1,186.52,163.56,0.0,-0.0,32,01
-1.7,-3.1,186.34,164.03,0.0,-0.0,34,01
-2.0,-3.1,183.25,167.10,0.0,-0.0,35,01
-2.4,-3.1,182.87,167.49,0.0,-0.0,36,01
-2.8,-3.1,185.37,165.04,0.0,-0.0,37,01
-3.5,-3.1,187.90,187.31,0.0,-0.0,39,01
-3.5,-2.8,184.06,166.49,0.0,-0.0,00,02
-3.1,-2.8,182.59,167.98,0.0,-0.0,01,02
-2.8,-2.8,184.18,166.32,0.0,-0.0,02,02
-2.4,-2.8,188.40,185.10,0.0,-0.0,03,02
-2.0,-2.8,188.17,185.89,0.0,-0.0,04,02
-1.7,-2.8,183.98,166.49,0.0,-0.0,05,02
-1.3,-2.8,182.80,167.66,0.0,-0.0,06,02
-0.9,-2.8,184.34,166.19,0.0,-0.0,07,02
-0.6,-2.8,188.79,186.17,0.0,-0.0,08,02
-0.2,-2.8,188.37,186.29,0.0,-0.0,09,02
0.2,-2.8,184.49,165.96,0.0,-0.0,10,02
0.5,-2.8,183.43,167.54,0.0,-0.0,11,02
0.9,-2.8,184.63,165.86,0.0,-0.0,12,02
1.3,-2.8,187.65,186.05,0.0,-0.0,13,02
1.7,-2.8,188.48,185.90,0.0,-0.0,14,02
2.0,-2.8,184.73,166.12,0.0,-0.0,15,02
2.4,-2.8,183.58,167.08,0.0,-0.0,16,02
2.8,-2.8,184.49,166.41,0.0,-0.0,17,02
3.1,-2.8,187.32,186.45,0.0,-0.0,18,02
3.5,-2.8,184.87,187.02,0.0,-0.0,19,02
3.5,-2.4,185.64,164.49,0.0,-0.0,20,03
3.1,-2.4,183.57,167.35,-0.0,-0.0,21,03
2.8,-2.4,184.20,166.40,-0.0,-0.0,22,03
2.4,-2.4,186.65,163.34,-0.0,-0.0,23,03
2.0,-2.4,183.33,185.60,-0.0,-0.0,24,03
1.7,-2.4,185.99,164.64,-0.0,-0.0,25,03
1.3,-2.4,183.51,167.15,-0.0,-0.0,26,03
0.9,-2.4,184.19,166.85,-0.0,-0.0,27,03
0.6,-2.4,186.54,162.61,-0.0,-0.0,28,03
-0.2,-2.4,186.41,163.87,-0.0,-0.0,30,03
-0.6,-2.4,183.80,166.86,-0.0,-0.0,31,03
-0.9,-2.4,183.41,166.82,-0.0,-0.0,32,03
-1.3,-2.4,186.13,164.46,-0.0,-0.0,33,03
-2.0,-2.4,187.13,187.67,-0.0,-0.0,35,03
-2.4,-2.4,183.97,166.82,-0.0,-0.0,36,03
-2.8,-2.4,182.77,167.61,-0.0,-0.0,37,03
-3.1,-2.4,184.80,165.58,-0.0,-0.0,38,03
-3.5,-2.0,186.97,187.56,-0.0,-0.0,00,04
-3.1,-2.0,184.45,165.74,-0.0,-0.0,01,04
-2.8,-2.0,183.03,167.40,-0.0,-0.0,02,04
-2.4,-2.0,184.55,165.63,-0.0,-0.0,03,04
-2.0,-2.0,189.62,184.86,-0.0,-0.0,04,04
-1.7,-2.0,187.30,186.91,0.0,-0.0,05,04
-1.3,-2.0,184.82,166.14,0.0,-0.0,06,04
-0.9,-2.0,183.24,167.32,0.0,-0.0,07,04
-0.6,-2.0,185.76,165.75,0.0,-0.0,08,04
-0.2,-2.0,187.69,185.99,0.0,-0.0,09,04
0.2,-2.0,187.16,187.06,0.0,-0.0,10,04
0.5,-2.0,184.54,165.88,0.0,-0.0,11,04
0.9,-2.0,183.55,166.91,0.0,-0.0,12,04
1.3,-2.0,185.13,165.43,0.0,-0.0,13,04
1.7,-2.0,189.16,185.81,0.0,-0.0,14,04
2.0,-2.0,187.84,186.58,0.0,-0.0,15,04
2.4,-2.0,184.99,165.94,0.0,-0.0,16,04
2.8,-2.0,183.40,167.08,0.0,-0.0,17,04
3.1,-2.0,184.73,166.24,0.0,-0.0,18,04
3.5,-2.0,187.25,186.77,0.0,-0.0,19,04
3.5,-1.7,188.62,185.90,0.0,-0.0,20,05
3.1,-1.7,185.58,165.25,0.0,-0.0,21,05
2.8,-1.7,184.05,167.04,0.0,-0.0,22,05
2.4,-1.7,184.45,166.06,0.0,-0.0,23,05
2.0,-1.7,187.18,187.22,0.0,-0.0,24,05
1.7,-1.7,185.34,187.88,0.0,-0.0,25,05
1.3,-1.7,185.60,165.09,0.0,-0.0,26,05
0.9,-1.7,183.82,166.98,0.0,-0.0,27,05
0.5,-1.7,184.09,166.23,0.0,-0.0,28,05
0.2,-1.7,186.57,163.23,0.0,-0.0,29,05
-0.6,-1.7,186.59,187.22,0.0,-0.0,31,05
-0.9,-1.7,183.93,166.36,0.0,-0.0,32,05
-1.3,-1.7,183.42,166.89,0.0,-0.0,33,05
-1.7,-1.7,185.71,164.34,0.0,-0.0,34,05
-2.4,-1.7,188.23,187.21,0.0,-0.0,36,05
-2.8,-1.7,183.96,166.33,0.0,-0.0,37,05
-3.1,-1.7,183.12,167.35,0.0,-0.0,38,05
-3.5,-1.7,184.08,166.41,0.0,-0.0,39,05
-3.5,-1.3,189.31,185.43,0.0,-0.0,00,06
-3.1,-1.3,188.94,186.37,0.0,-0.0,01,06
-2.8,-1.3,184.23,166.21,0.0,-0.0,02,06
-2.4,-1.3,182.65,167.65,0.0,-0.0,03,06
-2.0,-1.3,184.19,166.33,0.0,-0.0,04,06
-1.7,-1.3,187.96,186.75,0.0,-0.0,05,06
-1.3,-1.3,188.32,186.23,0.0,-0.0,06,06
-0.9,-1.3,185.18,165.55,0.0,-0.0,07,06
-0.6,-1.3,183.23,167.25,0.0,-0.0,08,06
-0.2,-1.3,184.46,165.95,0.0,-0.0,09,06
0.2,-1.3,187.45,186.48,0.0,-0.0,10,06
0.5,-1.3,188.76,185.85,0.0,-0.0,11,06
0.9,-1.3,184.76,165.94,0.0,-0.0,12,06
1.3,-1.3,183.62,167.15,0.0,-0.0,13,06
1.7,-1.3,184.51,166.07,0.0,-0.0,14,06
2.0,-1.3,187.25,186.58,0.0,-0.0,15,06
2.4,-1.3,188.12,186.08,0.0,-0.0,16,06
2.8,-1.3,185.59,165.32,0.0,-0.0,17,06
3.1,-1.3,183.84,167.02,0.0,-0.0,18,06
3.5,-1.3,184.43,166.33,0.0,-0.0,19,06
3.5,-0.9,186.90,163.42,0.0,-0.0,20,07
3.1,-0.9,188.52,186.28,0.0,-0.0,21,07
2.8,-0.9,186.50,163.88,0.0,-0.0,22,07
2.4,-0.9,184.03,166.68,0.0,-0.0,23,07
2.0,-0.9,184.22,166.50,0.0,-0.0,24,07
1.7,-0.9,186.16,163.43,0.0,-0.0,25,07
1.3,-0.9,188.51,185.75,0.0,-0.0,26,07
0.9,-0.9,186.18,163.51,0.0,-0.0,27,07
0.5,-0.9,183.97,166.62,0.0,-0.0,28,07
0.2,-0.9,183.55,166.90,0.0,-0.0,29,07
-0.2,-0.9,185.57,164.76,0.0,-0.0,30,07
-0.6,-0.9,189.11,185.42,0.0,-0.0,31,07
-0.9,-0.9,186.67,163.57,0.0,-0.0,32,07
-1.3,-0.9,183.45,166.74,0.0,-0.0,33,07
-1.7,-0.9,183.48,166.97,0.0,0.0,34,07
-2.0,-0.9,185.57,164.94,0.0,0.0,35,07
-2.8,-0.9,187.01,187.50,0.0,0.0,37,07
-3.1,-0.9,183.81,166.61,0.0,0.0,38,07
-3.5,-0.9,182.90,167.32,0.0,0.0,39,07
-3.5,-0.6,184.49,165.83,0.0,0.0,00,08
-3.1,-0.6,187.58,185.98,0.0,-0.0,01,08
-2.8,-0.6,189.30,185.36,0.0,-0.0,02,08
-2.4,-0.6,185.29,165.22,0.0,-0.0,03,08
-2.0,-0.6,183.17,167.30,0.0,-0.0,04,08
-1.7,-0.6,184.04,166.54,0.0,-0.0,05,08
-1.3,-0.6,187.78,187.10,0.0,-0.0,06,08
-0.9,-0.6,185.41,186.93,0.0,-0.0,07,08
-0.6,-0.6,185.37,164.88,0.0,-0.0,08,08
-0.2,-0.6,183.55,166.66,0.0,-0.0,09,08
0.2,-0.6,184.18,166.56,0.0,-0.0,10,08
0.5,-0.6,186.80,186.41,0.0,-0.0,11,08
0.9,-0.6,188.74,185.63,0.0,-0.0,12,08
1.3,-0.6,185.82,164.49,0.0,-0.0,13,08
1.7,-0.6,184.03,166.51,0.0,-0.0,14,08
2.0,-0.6,184.26,165.96,0.0,-0.0,15,08
2.4,-0.6,186.86,186.91,0.0,-0.0,16,08
2.8,-0.6,188.76,186.09,0.0,-0.0,17,08
3.1,-0.6,185.89,164.90,0.0,-0.0,18,08
3.5,-0.6,184.18,166.52,0.0,-0.0,19,08
3.5,-0.2,184.30,166.48,0.0,-0.0,20,09
3.1,-0.2,187.06,163.57,0.0,-0.0,21,09
2.8,-0.2,188.50,185.82,0.0,-0.0,22,09
2.4,-0.2,186.17,163.64,0.0,-0.0,23,09
2.0,-0.2,184.74,166.29,0.0,-0.0,24,09
1.7,-0.2,184.06,166.39,0.0,-0.0,25,09
1.3,-0.2,186.06,164.45,0.0,-0.0,26,09
0.9,-0.2,188.20,185.78,0.0,-0.0,27,09
0.5,-0.2,187.16,187.01,0.0,0.0,28,09
0.2,-0.2,184.89,165.87,0.0,0.0,29,09
-0.2,-0.2,183.75,167.02,0.0,0.0,30,09
-0.6,-0.2,185.07,164.94,0.0,0.0,31,09
-0.9,-0.2,189.14,186.07,0.0,0.0,32,09
-1.3,-0.2,187.40,187.16,0.0,0.0,33,09
-1.7,-0.2,184.68,165.80,0.0,0.0,34,09
-2.0,-0.2,183.11,166.99,0.0,0.0,35,09
-2.4,-0.2,184.60,165.96,0.0,0.0,36,09
-2.8,-0.2,188.28,186.33,0.0,0.0,37,09
-3.1,-0.2,189.41,186.59,0.0,0.0,38,09
-3.5,-0.2,185.16,165.14,0.0,0.0,39,09
-3.5,0.2,183.22,167.16,0.0,0.0,00,10
-3.1,0.2,183.51,166.34,0.0,0.0,01,10
-2.8,0.2,186.72,186.00,0.0,0.0,02,10
-2.4,0.2,185.37,185.52,0.0,-0.0,03,10
-2.0,0.2,185.69,164.61,0.0,-0.0,04,10
-1.7,0.2,183.48,166.76,0.0,-0.0,05,10
-1.3,0.2,184.10,166.49,0.0,-0.0,06,10
-0.9,0.2,185.95,164.13,0.0,-0.0,07,10
-0.6,0.2,188.85,185.65,0.0,-0.0,08,10
-0.2,0.2,186.53,163.92,0.0,-0.0,09,10
0.2,0.2,183.94,166.79,0.0,-0.0,10,10
0.5,0.2,183.89,166.42,0.0,-0.0,11,10
0.9,0.2,186.07,163.90,0.0,-0.0,12,10
1.3,0.2,188.70,185.94,0.0,-0.0,13,10
1.7,0.2,186.74,186.98,0.0,-0.0,14,10
2.0,0.2,184.85,165.73,0.0,-0.0,15,10
2.4,0.2,184.08,166.83,0.0,-0.0,16,10
2.8,0.2,185.52,165.20,0.0,-0.0,17,10
3.1,0.2,187.62,186.55,0.0,-0.0,18,10
3.5,0.2,187.69,186.72,0.0,-0.0,19,10
3.5,0.6,185.72,165.23,0.0,-0.0,20,11
3.1,0.6,184.17,166.56,0.0,-0.0,21,11
2.8,0.6,184.61,165.93,0.0,-0.0,22,11
2.4,0.6,187.18,186.89,0.0,-0.0,23,11
2.0,0.6,188.19,186.10,0.0,-0.0,24,11
1.7,0.6,186.34,163.82,0.0,-0.0,25,11
1.3,0.6,184.11,166.81,0.0,-0.0,26,11
0.9,0.6,184.41,166.26,0.0,-0.0,27,11
0.5,0.6,186.05,163.91,0.0,-0.0,28,11
0.2,0.6,188.87,185.86,0.0,-0.0,29,11
-0.2,0.6,186.63,163.68,0.0,-0.0,30,11
-0.6,0.6,184.41,166.26,0.0,-0.0,31,11
-0.9,0.6,183.63,166.79,0.0,-0.0,32,11
-1.3,0.6,185.34,165.34,0.0,-0.0,33,11
-1.7,0.6,188.96,185.81,0.0,-0.0,34,11
-2.0,0.6,187.22,187.07,0.0,-0.0,35,11
-2.4,0.6,184.52,166.03,0.0,-0.0,36,11
-2.8,0.6,183.07,167.42,0.0,0.0,37,11
-3.1,0.6,184.95,165.54,0.0,0.0,38,11
-3.5,0.6,189.50,185.76,0.0,0.0,39,11
-3.5,0.9,188.58,186.00,0.0,0.0,00,12
-3.1,0.9,184.32,165.97,0.0,0.0,01,12
-2.8,0.9,183.07,167.06,0.0,0.0,02,12
-2.4,0.9,184.07,166.56,0.0,0.0,03,12
-2.0,0.9,187.29,187.34,0.0,0.0,04,12
-1.7,0.9,189.40,185.13,0.0,0.0,05,12
-1.3,0.9,185.78,164.41,0.0,0.0,06,12
-0.9,0.9,183.85,166.57,0.0,0.0,07,12
-0.6,0.9,183.94,166.90,0.0,0.0,08,12
-0.2,0.9,186.21,164.30,0.0,0.0,09,12
0.2,0.9,188.31,185.35,0.0,0.0,10,12
0.5,0.9,186.42,162.81,0.0,0.0,11,12
0.9,0.9,184.67,165.66,0.0,0.0,12,12
1.3,0.9,184.07,166.73,0.0,0.0,13,12
1.7,0.9,185.35,165.40,0.0,0.0,14,12
2.0,0.9,187.69,186.33,0.0,0.0,15,12
2.4,0.9,187.84,186.48,0.0,0.0,16,12
2.8,0.9,185.91,164.71,0.0,0.0,17,12
3.1,0.9,184.37,166.50,0.0,0.0,18,12
3.5,0.9,184.56,166.03,0.0,0.0,19,12
3.5,1.3,186.89,163.07,0.0,0.0,20,13
3.1,1.3,188.63,186.25,0.0,0.0,21,13
2.8,1.3,186.30,164.03,0.0,0.0,22,13
2.4,1.3,184.30,166.38,0.0,0.0,23,13
2.0,1.3,184.30,166.38,0.0,0.0,24,13
1.7,1.3,186.14,164.69,0.0,0.0,25,13
1.3,1.3,188.16,186.17,0.0,0.0,26,13
0.9,1.3,187.10,187.54,0.0,0.0,27,13
0.5,1.3,184.59,165.89,0.0,0.0,28,13
0.2,1.3,183.86,166.48,0.0,0.0,29,13
-0.2,1.3,185.08,165.51,0.0,0.0,30,13
-0.6,1.3,187.88,186.57,0.0,0.0,31,13
-0.9,1.3,187.86,186.30,0.0,0.0,32,13
-1.3,1.3,185.55,164.73,0.0,0.0,33,13
-1.7,1.3,183.43,167.00,0.0,0.0,34,13
-2.0,1.3,183.80,166.33,0.0,0.0,35,13
-2.4,1.3,187.09,163.37,0.0,0.0,36,13
-3.1,1.3,186.40,164.03,0.0,0.0,38,13
-3.5,1.3,183.82,166.82,0.0,0.0,39,13
-3.5,1.7,183.08,167.28,0.0,0.0,00,14
-3.1,1.7,185.37,165.07,0.0,0.0,01,14
-2.4,1.7,187.74,186.72,0.0,0.0,03,14
-2.0,1.7,184.88,165.63,0.0,0.0,04,14
-1.7,1.7,183.30,167.08,0.0,0.0,05,14
-1.3,1.7,184.12,166.02,0.0,0.0,06,14
-0.9,1.7,187.32,187.18,0.0,0.0,07,14
-0.6,1.7,188.33,185.80,0.0,0.0,08,14
-0.2,1.7,185.75,164.24,0.0,0.0,09,14
0.2,1.7,184.17,166.50,0.0,0.0,10,14
0.5,1.7,184.31,166.14,0.0,0.0,11,14
0.9,1.7,185.89,163.65,0.0,0.0,12,14
1.3,1.7,187.74,185.80,0.0,0.0,13,14
1.7,1.7,187.24,187.19,0.0,0.0,14,14
2.0,1.7,184.82,165.98,0.0,0.0,15,14
2.4,1.7,184.51,166.31,0.0,0.0,16,14
2.8,1.7,185.59,165.38,0.0,0.0,17,14
3.1,1.7,188.07,186.71,0.0,0.0,18,14
3.5,1.7,187.26,187.69,0.0,0.0,19,14
3.5,2.0,185.11,165.43,0.0,0.0,20,15
3.1,2.0,184.07,166.64,0.0,0.0,21,15
2.8,2.0,185.05,165.78,0.0,0.0,22,15
2.4,2.0,187.11,186.67,0.0,0.0,23,15
2.0,2.0,188.03,186.48,0.0,0.0,24,15
1.7,2.0,185.87,164.54,0.0,0.0,25,15
1.3,2.0,184.33,166.46,0.0,0.0,26,15
0.9,2.0,184.63,165.84,0.0,0.0,27,15
0.5,2.0,186.47,163.11,0.0,0.0,28,15
0.2,2.0,188.35,186.36,0.0,0.0,29,15
-0.2,2.0,186.99,186.84,0.0,0.0,30,15
-0.6,2.0,184.76,165.93,0.0,0.0,31,15
-0.9,2.0,183.90,166.63,0.0,0.0,32,15
-1.3,2.0,184.86,165.98,0.0,0.0,33,15
-1.7,2.0,187.52,186.64,0.0,0.0,34,15
-2.0,2.0,189.05,185.80,0.0,0.0,35,15
-2.4,2.0,185.23,165.40,0.0,0.0,36,15
-2.8,2.0,183.29,166.85,0.0,0.0,37,15
-3.1,2.0,183.88,166.50,0.0,0.0,38,15
-3.5,2.0,186.22,164.03,0.0,0.0,39,15
-3.1,2.4,186.80,187.58,0.0,0.0,01,16
-2.8,2.4,184.37,165.90,0.0,0.0,02,16
-2.4,2.4,183.29,167.18,0.0,0.0,03,16
-2.0,2.4,184.43,166.00,0.0,0.0,04,16
-1.7,2.4,187.46,187.51,0.0,0.0,05,16
-1.3,2.4,188.94,185.54,0.0,0.0,06,16
-0.9,2.4,186.15,164.43,0.0,0.0,07,16
-0.6,2.4,184.16,166.78,0.0,0.0,08,16
-0.2,2.4,184.05,166.68,0.0,0.0,09,16
0.2,2.4,185.88,164.40,0.0,0.0,10,16
0.5,2.4,187.99,186.43,0.0,0.0,11,16
0.9,2.4,187.11,186.97,0.0,0.0,12,16
1.3,2.4,184.99,165.48,0.0,0.0,13,16
1.7,2.4,184.00,166.74,0.0,0.0,14,16
2.0,2.4,185.59,165.44,0.0,0.0,15,16
2.4,2.4,187.98,186.72,0.0,0.0,16,16
2.8,2.4,187.46,186.73,0.0,0.0,17,16
3.1,2.4,185.81,164.56,0.0,0.0,18,16
3.5,2.4,184.12,166.82,0.0,0.0,19,16
3.5,2.8,185.01,166.21,0.0,0.0,20,17
3.1,2.8,187.24,186.71,0.0,0.0,21,17
2.8,2.8,188.37,186.42,0.0,0.0,22,17
2.4,2.8,186.84,164.04,0.0,0.0,23,17
2.0,2.8,184.78,165.92,0.0,0.0,24,17
1.7,2.8,184.32,166.55,0.0,0.0,25,17
1.3,2.8,185.94,164.35,0.0,0.0,26,17
0.9,2.8,187.95,186.55,0.0,0.0,27,17
0.5,2.8,187.22,187.32,0.0,0.0,28,17
0.2,2.8,184.78,165.83,0.0,0.0,29,17
-0.2,2.8,184.00,166.57,0.0,0.0,30,17
-0.6,2.8,184.90,165.49,0.0,0.0,31,17
-0.9,2.8,187.16,187.16,0.0,0.0,32,17
-1.3,2.8,188.67,185.61,0.0,0.0,33,17
-1.7,2.8,185.98,164.45,0.0,0.0,34,17
-2.0,2.8,183.91,166.73,0.0,0.0,35,17
-2.4,2.8,183.59,167.20,0.0,0.0,36,17
-2.8,2.8,185.60,165.03,0.0,0.0,37,17
-3.5,2.8,186.93,187.37,0.0,0.0,39,17
-3.5,3.1,183.89,166.79,0.0,0.0,00,18
-3.1,3.1,183.08,167.58,0.0,0.0,01,18
-2.8,3.1,185.21,165.71,0.0,0.0,02,18
-2.4,3.1,188.45,185.39,0.0,0.0,03,18
-2.0,3.1,188.81,186.24,0.0,0.0,04,18
-1.7,3.1,184.98,165.57,0.0,0.0,05,18
-1.3,3.1,183.60,167.01,0.0,0.0,06,18
-0.9,3.1,184.71,166.17,0.0,0.0,07,18
-0.6,3.1,186.91,186.38,0.0,0.0,08,18
-0.2,3.1,189.82,185.45,0.0,0.0,09,18
0.2,3.1,186.57,163.93,0.0,0.0,10,18
0.5,3.1,184.70,165.78,0.0,0.0,11,18
0.9,3.1,184.27,166.70,0.0,0.0,12,18
1.3,3.1,185.75,165.08,0.0,0.0,13,18
1.7,3.1,187.82,186.47,0.0,0.0,14,18
2.0,3.1,187.44,187.69,0.0,0.0,15,18
2.4,3.1,185.57,164.76,0.0,0.0,16,18
2.8,3.1,184.35,166.76,0.0,0.0,17,18
3.1,3.1,185.11,165.37,0.0,0.0,18,18
3.5,3.1,187.16,186.63,0.0,0.0,19,18
3.5,3.5,187.87,186.56,0.0,0.0,20,19
3.1,3.5,186.38,163.76,0.0,0.0,21,19
2.8,3.5,184.53,166.63,0.0,0.0,22,19
2.4,3.5,184.44,166.43,0.0,0.0,23,19
2.0,3.5,185.99,164.46,0.0,0.0,24,19
1.7,3.5,187.73,186.13,0.0,0.0,25,19
1.3,3.5,186.37,186.80,0.0,0.0,26,19
0.9,3.5,185.09,165.50,0.0,0.0,27,19
0.5,3.5,184.15,166.49,0.0,0.0,28,19
0.2,3.5,185.23,165.62,0.0,0.0,29,19
-0.2,3.5,187.53,187.00,0.0,0.0,30,19
-0.6,3.5,188.60,186.32,0.0,0.0,31,19
-0.9,3.5,185.90,164.29,0.0,0.0,32,19
-1.3,3.5,183.92,166.78,0.0,0.0,33,19
-1.7,3.5,184.22,166.74,0.0,0.0,34,19
-2.0,3.5,186.02,164.19,0.0,0.0,35,19
-2.8,3.5,187.61,187.61,0.0,0.0,37,19
-3.1,3.5,184.36,166.40,0.0,0.0,38,19
-3.5,3.5,183.04,167.66,0.0,0.0,39,19
-3.5,3.5,184.50,166.31,0.0,0.0,00,20
-3.1,3.5,187.49,186.91,0.0,0.0,01,20
-2.8,3.5,185.21,186.59,0.0,0.0,02,20
-2.4,3.5,185.21,165.66,0.0,0.0,03,20
-2.0,3.5,183.50,167.29,0.0,0.0,04,20
-1.7,3.5,184.18,166.66,0.0,0.0,05,20
-1.3,3.5,186.73,163.87,0.0,0.0,06,20
-0.9,3.5,189.50,185.66,0.0,0.0,07,20
-0.6,3.5,186.81,187.01,0.0,0.0,08,20
-0.2,3.5,184.77,166.14,0.0,0.0,09,20
0.2,3.5,184.02,166.89,0.0,0.0,10,20
0.5,3.5,185.22,165.46,0.0,0.0,11,20
0.9,3.5,187.78,186.85,0.0,0.0,12,20
1.3,3.5,187.44,187.39,0.0,0.0,13,20
1.7,3.5,185.62,165.12,0.0,0.0,14,20
2.0,3.5,184.31,166.49,0.0,0.0,15,20
2.4,3.5,184.98,166.01,0.0,0.0,16,20
2.8,3.5,187.23,186.75,0.0,0.0,17,20
3.1,3.5,188.11,186.08,0.0,0.0,18,20
3.5,3.5,186.25,163.54,0.0,0.0,19,20
3.5,3.1,184.62,166.39,0.0,0.0,20,21
3.1,3.1,184.65,166.11,0.0,0.0,21,21
2.8,3.1,186.05,164.29,0.0,0.0,22,21
2.4,3.1,187.86,185.96,0.0,0.0,23,21
2.0,3.1,186.93,187.22,0.0,0.0,24,21
1.7,3.1,184.77,166.29,0.0,0.0,25,21
1.3,3.1,184.31,166.45,0.0,0.0,26,21
0.9,3.1,185.71,165.24,0.0,0.0,27,21
0.5,3.1,187.82,186.51,0.0,0.0,28,21
0.2,3.1,188.21,186.51,0.0,0.0,29,21
-0.2,3.1,185.05,165.16,0.0,0.0,30,21
-0.6,3.1,183.90,166.84,0.0,0.0,31,21
-0.9,3.1,184.36,166.31,0.0,0.0,32,21
-1.3,3.1,185.97,185.64,0.0,0.0,33,21
-1.7,3.1,182.59,178.90,0.0,0.0,34,21
-2.0,3.1,186.01,164.65,0.0,0.0,35,21
-2.4,3.1,183.60,167.09,0.0,0.0,36,21
-2.8,3.1,183.38,167.36,0.0,0.0,37,21
-3.1,3.1,185.54,164.94,0.0,0.0,38,21
-3.5,2.8,188.31,186.95,0.0,0.0,00,22
-3.1,2.8,184.63,166.08,0.0,0.0,01,22
-2.8,2.8,183.12,167.53,0.0,0.0,02,22
-2.4,2.8,183.97,166.60,0.0,0.0,03,22
-2.0,2.8,186.81,186.43,0.0,0.0,04,22
-1.7,2.8,185.03,184.67,0.0,0.0,05,22
-1.3,2.8,185.78,164.42,0.0,0.0,06,22
-0.9,2.8,183.88,166.65,0.0,0.0,07,22
-0.6,2.8,184.16,166.34,0.0,0.0,08,22
-0.2,2.8,186.85,163.12,0.0,0.0,09,22
0.2,2.8,188.33,186.09,0.0,0.0,10,22
0.5,2.8,186.42,163.86,0.0,0.0,11,22
0.9,2.8,184.50,166.16,0.0,0.0,12,22
1.3,2.8,184.58,166.44,0.0,0.0,13,22
1.6,2.8,186.36,163.19,0.0,0.0,14,22
2.0,2.8,188.29,186.21,0.0,0.0,15,22
2.4,2.8,186.63,163.35,0.0,0.0,16,22
2.8,2.8,184.85,166.24,0.0,0.0,17,22
3.1,2.8,184.60,166.54,0.0,0.0,18,22
3.5,2.8,185.87,164.92,0.0,0.0,19,22
3.5,2.4,188.37,186.04,0.0,0.0,20,23
3.1,2.4,187.06,187.40,0.0,0.0,21,23
2.8,2.4,185.23,165.31,0.0,0.0,22,23
2.4,2.4,184.12,166.50,0.0,0.0,23,23
2.0,2.4,185.17,165.52,0.0,0.0,24,23
1.6,2.4,187.48,186.75,0.0,0.0,25,23
1.3,2.4,187.77,185.87,0.0,0.0,26,23
0.9,2.4,185.98,164.50,0.0,0.0,27,23
0.5,2.4,184.31,166.40,0.0,0.0,28,23
0.2,2.4,184.28,166.54,0.0,0.0,29,23
-0.2,2.4,186.19,163.95,0.0,0.0,30,23
-0.6,2.4,189.52,185.34,0.0,0.0,31,23
-0.9,2.4,187.04,163.08,0.0,0.0,32,23
-1.3,2.4,184.50,166.12,0.0,0.0,33,23
-1.7,2.4,183.79,166.75,0.0,0.0,34,23
-2.0,2.4,185.25,165.55,0.0,0.0,35,23
-2.4,2.4,188.25,185.83,0.0,0.0,36,23
-2.8,2.4,187.86,186.26,0.0,0.0,37,23
-3.1,2.4,184.47,165.92,0.0,0.0,38,23
-3.5,2.4,183.23,167.35,0.0,0.0,39,23
-3.5,2.0,183.83,166.75,0.0,0.0,00,24
-3.1,2.0,186.93,186.83,0.0,0.0,01,24
-2.4,2.0,186.52,163.90,0.0,0.0,03,24
-2.0,2.0,184.15,166.53,0.0,0.0,04,24
-1.7,2.0,183.60,167.08,0.0,0.0,05,24
-1.3,2.0,185.57,164.99,0.0,0.0,06,24
-0.9,2.0,188.38,185.90,0.0,0.0,07,24
-0.6,2.0,187.29,187.53,0.0,0.0,08,24
-0.2,2.0,184.97,165.34,0.0,0.0,09,24
0.2,2.0,184.10,166.73,0.0,0.0,10,24
0.5,2.0,185.05,165.87,0.0,0.0,11,24
0.9,2.0,187.30,187.30,0.0,0.0,12,24
1.3,2.0,188.12,186.80,0.0,0.0,13,24
1.7,2.0,185.63,164.69,0.0,0.0,14,24
2.0,2.0,184.46,166.36,0.0,0.0,15,24
2.4,2.0,184.77,165.84,0.0,0.0,16,24
2.8,2.0,186.90,186.80,0.0,0.0,17,24
3.1,2.0,188.54,185.96,0.0,0.0,18,24
3.5,2.0,186.18,164.09,0.0,0.0,19,24
3.5,1.7,184.31,166.27,0.0,0.0,20,25
3.1,1.7,184.16,166.82,0.0,0.0,21,25
2.8,1.7,185.67,165.15,0.0,0.0,22,25
2.4,1.7,187.98,186.47,0.0,0.0,23,25
2.0,1.7,187.54,187.69,0.0,0.0,24,25
1.6,1.7,184.90,166.17,0.0,0.0,25,25
1.3,1.7,184.24,166.52,0.0,0.0,26,25
0.9,1.7,185.20,165.45,0.0,0.0,27,25
0.5,1.7,187.32,186.16,0.0,0.0,28,25
0.2,1.7,187.74,186.09,0.0,0.0,29,25
-0.2,1.7,185.96,164.57,0.0,0.0,30,25
-0.6,1.7,183.95,166.71,0.0,0.0,31,25
-0.9,1.7,184.17,166.56,0.0,0.0,32,25
-1.3,1.7,186.61,163.26,0.0,0.0,33,25
-2.0,1.7,186.83,186.54,0.0,0.0,35,25
-2.4,1.7,183.87,166.38,0.0,0.0,36,25
-2.8,1.7,183.16,167.29,0.0,0.0,37,25
-3.1,1.7,184.62,165.78,0.0,0.0,38,25
-3.5,1.7,188.43,186.58,0.0,0.0,39,25
-3.5,1.3,188.64,186.36,0.0,0.0,00,26
-3.1,1.3,184.43,165.83,0.0,0.0,01,26
-2.8,1.3,183.20,167.54,0.0,0.0,02,26
-2.4,1.3,184.46,165.88,0.0,0.0,03,26
-2.0,1.3,187.82,186.90,0.0,0.0,04,26
-1.7,1.3,189.13,185.53,0.0,0.0,05,26
-1.3,1.3,185.75,164.00,0.0,0.0,06,26
-0.9,1.3,183.98,166.65,0.0,0.0,07,26
-0.6,1.3,183.88,166.60,0.0,0.0,08,26
-0.2,1.3,185.84,164.49,0.0,0.0,09,26
0.2,1.3,187.90,185.96,0.0,0.0,10,26
0.5,1.3,187.10,187.01,0.0,0.0,11,26
0.9,1.3,184.62,165.77,0.0,0.0,12,26
1.3,1.3,184.32,166.46,0.0,0.0,13,26
1.6,1.3,185.22,165.70,0.0,0.0,14,26
2.0,1.3,187.46,186.59,0.0,0.0,15,26
2.4,1.3,187.92,186.08,0.0,0.0,16,26
2.8,1.3,186.16,163.89,0.0,0.0,17,26
3.1,1.3,184.10,166.25,0.0,0.0,18,26
3.5,1.3,184.31,166.69,0.0,0.0,19,26
3.5,0.9,185.80,164.76,0.0,0.0,20,27
3.1,0.9,188.25,185.83,0.0,0.0,21,27
2.8,0.9,187.43,187.23,0.0,0.0,22,27
2.4,0.9,185.07,165.77,0.0,0.0,23,27
2.0,0.9,184.35,166.40,0.0,0.0,24,27
1.6,0.9,184.73,166.00,0.0,0.0,25,27
1.3,0.9,187.10,186.86,0.0,0.0,26,27
0.9,0.9,188.55,186.08,0.0,0.0,27,27
0.5,0.9,186.18,163.58,0.0,0.0,28,27
0.2,0.9,184.51,166.26,0.0,0.0,29,27
-0.2,0.9,183.73,166.74,0.0,0.0,30,27
-0.6,0.9,185.72,164.70,0.0,0.0,31,27
-0.9,0.9,188.37,185.36,0.0,0.0,32,27
-1.3,0.9,185.86,162.79,0.0,0.0,33,27
-1.7,0.9,184.37,166.27,0.0,0.0,34,27
-2.0,0.9,183.71,166.86,0.0,0.0,35,27
-2.4,0.9,185.17,165.59,0.0,0.0,36,27
-2.8,0.9,187.85,185.91,0.0,0.0,37,27
-3.1,0.9,187.86,186.60,0.0,0.0,38,27
-3.5,0.9,184.56,165.83,0.0,0.0,39,27
-3.5,0.5,182.77,167.38,0.0,0.0,00,28
-3.1,0.5,183.81,166.66,0.0,0.0,01,28
-2.8,0.5,187.25,187.10,0.0,0.0,02,28
-2.0,0.5,186.14,163.73,0.0,0.0,04,28
-1.7,0.5,183.78,166.74,0.0,0.0,05,28
-1.3,0.5,183.70,167.13,0.0,0.0,06,28
-0.9,0.5,185.15,165.55,0.0,0.0,07,28
-0.6,0.5,188.11,186.12,0.0,0.0,08,28
-0.2,0.5,187.34,186.51,0.0,0.0,09,28
0.2,0.5,185.16,165.57,0.0,0.0,10,28
0.5,0.5,183.94,166.80,0.0,0.0,11,28
0.9,0.5,184.72,165.75,0.0,0.0,12,28
1.3,0.5,187.41,187.17,0.0,0.0,13,28
1.6,0.5,188.12,185.84,0.0,0.0,14,28
2.0,0.5,186.11,163.88,0.0,0.0,15,28
2.4,0.5,184.47,166.27,0.0,0.0,16,28
2.8,0.5,184.28,166.61,0.0,0.0,17,28
3.1,0.5,185.96,164.47,0.0,0.0,18,28
3.5,0.5,188.29,186.40,0.0,0.0,19,28
3.5,0.2,187.11,187.31,0.0,0.0,20,29
3.1,0.2,184.97,165.38,0.0,0.0,21,29
2.8,0.2,184.02,166.93,0.0,0.0,22,29
2.4,0.2,185.48,165.60,0.0,0.0,23,29
2.0,0.2,187.44,187.05,0.0,0.0,24,29
1.6,0.2,187.99,186.10,0.0,0.0,25,29
1.3,0.2,185.75,164.55,0.0,0.0,26,29
0.9,0.2,184.24,166.51,0.0,0.0,27,29
0.5,0.2,184.60,166.34,0.0,0.0,28,29
0.2,0.2,185.99,163.52,0.0,0.0,29,29
-0.2,0.2,188.80,185.50,0.0,0.0,30,29
-0.6,0.2,186.75,186.99,0.0,0.0,31,29
-0.9,0.2,184.36,165.88,0.0,0.0,32,29
-1.3,0.2,183.30,167.23,0.0,0.0,33,29
-1.7,0.2,184.74,165.85,0.0,0.0,34,29
-2.0,0.2,187.14,187.05,0.0,0.0,35,29
-2.4,0.2,186.24,186.69,0.0,0.0,36,29
-2.8,0.2,185.00,165.18,0.0,0.0,37,29
-3.1,0.2,183.31,167.34,0.0,0.0,38,29
-3.5,0.2,183.64,166.83,0.0,0.0,39,29
-3.5,-0.2,186.56,163.41,0.0,0.0,00,30
-2.8,-0.2,187.14,187.09,0.0,0.0,02,30
-2.4,-0.2,184.02,166.26,0.0,0.0,03,30
-2.0,-0.2,183.28,166.92,0.0,0.0,04,30
-1.7,-0.2,184.87,165.56,0.0,0.0,05,30
-1.3,-0.2,187.94,186.68,0.0,0.0,06,30
-0.9,-0.2,188.73,186.06,0.0,0.0,07,30
-0.6,-0.2,186.15,164.67,0.0,0.0,08,30
-0.2,-0.2,183.64,166.94,0.0,0.0,09,30
0.2,-0.2,183.93,166.42,0.0,0.0,10,30
0.5,-0.2,186.44,163.35,0.0,0.0,11,30
0.9,-0.2,188.60,185.64,0.0,0.0,12,30
1.3,-0.2,185.97,163.73,0.0,0.0,13,30
1.6,-0.2,184.07,166.43,0.0,0.0,14,30
2.0,-0.2,184.07,166.40,0.0,0.0,15,30
2.4,-0.2,185.88,164.55,0.0,0.0,16,30
2.8,-0.2,188.08,186.14,0.0,0.0,17,30
3.1,-0.2,187.54,187.06,0.0,0.0,18,30
3.5,-0.2,185.32,165.62,0.0,0.0,19,30
3.5,-0.6,184.07,166.75,0.0,0.0,20,31
3.1,-0.6,184.95,166.07,0.0,0.0,21,31
2.8,-0.6,187.36,187.12,0.0,0.0,22,31
2.4,-0.6,187.91,186.41,0.0,0.0,23,31
2.0,-0.6,185.81,164.66,0.0,0.0,24,31
1.6,-0.6,183.94,166.68,0.0,0.0,25,31
1.3,-0.6,184.38,166.31,0.0,0.0,26,31
0.9,-0.6,186.65,163.02,0.0,0.0,27,31
0.5,-0.6,188.67,185.23,0.0,0.0,28,31
0.2,-0.6,186.42,163.73,0.0,0.0,29,31
-0.2,-0.6,183.75,166.80,0.0,0.0,30,31
-0.6,-0.6,183.57,166.68,0.0,0.0,31,31
-0.9,-0.6,185.49,165.15,0.0,0.0,32,31
-1.3,-0.6,189.06,185.81,0.0,0.0,33,31
-1.7,-0.6,186.34,162.73,0.0,0.0,34,31
-2.0,-0.6,183.85,166.47,0.0,0.0,35,31
-2.4,-0.6,182.93,167.45,0.0,0.0,36,31
-2.8,-0.6,184.97,165.80,0.0,0.0,37,31
-3.1,-0.6,188.30,185.44,0.0,0.0,38,31
-3.5,-0.6,187.65,186.49,0.0,0.0,39,31
-3.5,-0.9,184.25,166.01,0.0,0.0,00,32
-3.1,-0.9,182.83,167.21,0.0,0.0,01,32
-2.8,-0.9,184.59,166.01,0.0,0.0,02,32
-2.4,-0.9,187.78,187.01,0.0,0.0,03,32
-2.0,-0.9,188.66,186.24,0.0,0.0,04,32
-1.7,-0.9,184.26,165.94,0.0,0.0,05,32
-1.3,-0.9,182.99,167.33,0.0,0.0,06,32
-0.9,-0.9,184.48,165.65,0.0,0.0,07,32
-0.6,-0.9,187.60,187.06,0.0,0.0,08,32
-0.2,-0.9,188.90,185.35,0.0,0.0,09,32
0.2,-0.9,185.70,164.69,0.0,0.0,10,32
0.5,-0.9,183.64,166.57,0.0,0.0,11,32
0.9,-0.9,184.05,166.48,0.0,0.0,12,32
1.3,-0.9,186.04,163.82,0.0,0.0,13,32
1.7,-0.9,188.32,185.69,0.0,0.0,14,32
2.0,-0.9,186.11,164.15,0.0,0.0,15,32
2.4,-0.9,184.20,166.49,0.0,0.0,16,32
2.8,-0.9,183.83,166.79,0.0,0.0,17,32
3.1,-0.9,185.91,164.43,0.0,0.0,18,32
3.5,-0.9,188.32,185.84,0.0,0.0,19,32
3.5,-1.3,187.31,187.56,0.0,0.0,20,33
3.1,-1.3,184.50,166.00,0.0,0.0,21,33
2.8,-1.3,183.83,166.79,0.0,0.0,22,33
2.4,-1.3,185.23,165.56,0.0,0.0,23,33
2.0,-1.3,187.62,186.46,0.0,0.0,24,33
1.7,-1.3,187.98,186.67,0.0,0.0,25,33
1.3,-1.3,184.90,165.54,0.0,0.0,26,33
0.9,-1.3,183.90,166.91,0.0,0.0,27,33
0.5,-1.3,184.16,165.97,0.0,0.0,28,33
0.2,-1.3,187.20,187.01,0.0,0.0,29,33
-0.2,-1.3,188.60,184.96,0.0,0.0,30,33
-0.6,-1.3,185.68,164.53,0.0,0.0,31,33
-0.9,-1.3,183.57,166.82,0.0,0.0,32,33
-1.3,-1.3,183.81,166.73,0.0,0.0,33,33
-1.7,-1.3,186.79,186.69,0.0,0.0,34,33
-2.4,-1.3,186.14,164.09,0.0,0.0,36,33
-2.8,-1.3,183.24,167.25,0.0,0.0,37,33
-3.1,-1.3,183.43,166.88,0.0,0.0,38,33
-3.5,-1.3,185.40,165.21,0.0,0.0,39,33
-3.1,-1.7,188.65,186.70,0.0,0.0,01,34
-2.8,-1.7,184.87,165.91,0.0,0.0,02,34
-2.4,-1.7,183.25,167.33,0.0,0.0,03,34
-2.0,-1.7,184.26,166.12,0.0,0.0,04,34
-1.7,-1.7,187.44,186.76,0.0,0.0,05,34
-0.9,-1.7,186.31,164.00,0.0,0.0,07,34
-0.6,-1.7,183.60,166.88,0.0,0.0,08,34
-0.2,-1.7,183.55,166.55,0.0,0.0,09,34
0.2,-1.7,185.33,164.29,0.0,0.0,10,34
0.9,-1.7,187.22,187.32,0.0,0.0,12,34
1.3,-1.7,184.90,165.68,0.0,0.0,13,34
1.7,-1.7,183.51,167.13,0.0,0.0,14,34
2.0,-1.7,184.67,165.44,0.0,0.0,15,34
2.4,-1.7,187.84,186.29,0.0,0.0,16,34
2.8,-1.7,188.01,186.46,0.0,0.0,17,34
3.1,-1.7,185.12,165.62,0.0,0.0,18,34
3.5,-1.7,183.91,166.55,0.0,0.0,19,34
3.5,-2.0,184.65,166.02,0.0,0.0,20,35
3.1,-2.0,186.84,163.03,0.0,0.0,21,35
2.4,-2.0,186.22,164.01,0.0,0.0,23,35
2.0,-2.0,184.08,166.78,0.0,0.0,24,35
1.7,-2.0,183.59,167.09,0.0,0.0,25,35
1.3,-2.0,185.57,165.07,0.0,0.0,26,35
0.5,-2.0,187.72,187.91,0.0,0.0,28,35
0.2,-2.0,184.74,165.63,0.0,0.0,29,35
-0.2,-2.0,183.09,167.03,0.0,0.0,30,35
-0.6,-2.0,184.35,165.71,0.0,0.0,31,35
-0.9,-2.0,187.02,186.77,0.0,0.0,32,35
-1.7,-2.0,148.05,137.88,0.0,0.0,34,35
-2.0,-2.0,183.80,166.34,0.0,0.0,35,35
-2.4,-2.0,183.13,167.50,0.0,0.0,36,35
-2.8,-2.0,184.48,165.80,0.0,0.0,37,35
-3.1,-2.0,187.57,186.65,0.0,0.0,38,35
-3.5,-2.0,188.70,185.54,0.0,0.0,39,35
-3.5,-2.4,185.31,165.32,0.0,0.0,00,36
-3.1,-2.4,183.27,166.97,0.0,0.0,01,36
-2.8,-2.4,183.75,166.69,0.0,0.0,02,36
-2.4,-2.4,187.60,187.40,0.0,0.0,03,36
-1.7,-2.4,186.00,164.17,0.0,0.0,05,36
-1.3,-2.4,183.76,167.25,0.0,0.0,06,36
-0.9,-2.4,183.45,167.29,0.0,0.0,07,36
-0.6,-2.4,185.34,165.30,0.0,0.0,08,36
-0.2,-2.4,189.05,185.46,0.0,0.0,09,36
0.2,-2.4,186.77,164.05,0.0,0.0,10,36
0.5,-2.4,183.70,166.93,0.0,0.0,11,36
0.9,-2.4,183.37,166.77,0.0,0.0,12,36
1.3,-2.4,185.45,165.50,0.0,0.0,13,36
1.7,-2.4,188.27,185.60,0.0,0.0,14,36
2.0,-2.4,188.06,186.60,0.0,0.0,15,36
2.4,-2.4,185.54,165.14,0.0,0.0,16,36
2.8,-2.4,183.42,167.24,0.0,0.0,17,36
3.1,-2.4,185.05,165.66,0.0,0.0,18,36
3.5,-2.4,187.56,186.26,0.0,0.0,19,36
3.5,-2.8,189.21,185.53,0.0,0.0,20,37
3.1,-2.8,185.26,165.46,0.0,0.0,21,37
2.8,-2.8,183.33,167.31,0.0,0.0,22,37
2.4,-2.8,184.26,166.48,0.0,0.0,23,37
2.0,-2.8,186.84,162.55,0.0,0.0,24,37
1.3,-2.8,185.87,163.74,0.0,0.0,26,37
0.9,-2.8,183.74,166.75,0.0,0.0,27,37
0.5,-2.8,183.40,166.95,0.0,0.0,28,37
0.2,-2.8,185.22,165.69,0.0,0.0,29,37
-0.2,-2.8,188.76,185.80,0.0,0.0,30,37
-0.6,-2.8,188.25,185.92,0.0,0.0,31,37
-0.9,-2.8,184.47,165.74,0.0,0.0,32,37
-1.3,-2.8,182.75,167.73,0.0,0.0,33,37
-1.7,-2.8,183.85,166.24,0.0,0.0,34,37
-2.0,-2.8,187.42,187.13,0.0,0.0,35,37
-2.4,-2.8,183.83,187.68,0.0,0.0,36,37
-2.8,-2.8,184.75,165.60,0.0,0.0,37,37
-3.1,-2.8,182.66,167.24,0.0,0.0,38,37
-3.5,-2.8,182.93,166.97,0.0,0.0,39,37
-3.5,-3.1,186.47,163.27,0.0,0.0,00,38
-2.8,-3.1,186.17,162.62,0.0,0.0,02,38
-2.4,-3.1,183.34,166.75,0.0,0.0,03,38
-2.0,-3.1,182.65,167.36,0.0,0.0,04,38
-1.7,-3.1,185.18,164.84,0.0,0.0,05,38
-0.9,-3.1,188.42,186.23,0.0,0.0,07,38
-0.6,-3.1,185.09,165.32,0.0,0.0,08,38
-0.2,-3.1,183.09,167.34,0.0,0.0,09,38
0.2,-3.1,183.91,166.39,0.0,0.0,10,38
0.5,-3.1,187.47,186.40,0.0,0.0,11,38
0.9,-3.1,183.74,187.70,0.0,0.0,12,38
1.3,-3.1,185.67,164.78,0.0,0.0,13,38
1.7,-3.1,183.54,167.44,0.0,0.0,14,38
2.0,-3.1,183.72,166.82,0.0,0.0,15,38
2.4,-3.1,185.94,163.39,0.0,0.0,16,38
3.1,-3.1,186.30,162.98,0.0,0.0,18,38
3.5,-3.1,183.86,166.68,0.0,0.0,19,38
3.5,-3.5,183.32,167.35,0.0,0.0,20,39
3.1,-3.5,184.92,165.65,0.0,0.0,21,39
2.8,-3.5,188.57,186.09,0.0,0.0,22,39
2.4,-3.5,189.09,185.74,0.0,0.0,23,39
2.0,-3.5,185.37,165.49,0.0,0.0,24,39
1.7,-3.5,183.32,167.16,0.0,0.0,25,39
1.3,-3.5,184.05,166.67,0.0,0.0,26,39
0.9,-3.5,186.73,163.54,0.0,0.0,27,39
0.2,-3.5,186.45,163.64,0.0,0.0,29,39
-0.2,-3.5,183.45,166.95,0.0,0.0,30,39
-0.6,-3.5,182.81,167.61,0.0,0.0,31,39
-0.9,-3.5,184.26,165.78,0.0,0.0,32,39
-1.3,-3.5,188.00,185.77,0.0,0.0,33,39
-1.7,-3.5,188.62,186.10,0.0,0.0,34,39
-2.0,-3.5,184.20,165.87,0.0,0.0,35,39
-2.4,-3.5,183.16,167.80,0.0,0.0,36,39
-2.8,-3.5,184.36,165.95,0.0,0.0,37,39
-3.1,-3.5,188.00,185.77,0.0,0.0,38,39
-3.5,-3.5,183.80,187.82,0.0,0.0,39,39
-3.5,-3.5,184.39,166.10,0.0,0.0,00,00
-3.1,-3.5,182.94,167.50,0.0,0.0,01,00
-2.8,-3.5,183.50,166.83,0.0,0.0,02,00
-2.4,-3.5,187.72,186.41,0.0,0.0,03,00
-1.7,-3.5,185.61,164.97,0.0,0.0,05,00
-1.3,-3.5,183.20,167.28,0.0,0.0,06,00
-0.9,-3.5,183.06,167.27,0.0,0.0,07,00
-0.6,-3.5,185.38,164.29,0.0,0.0,08,00
0.2,-3.5,187.14,187.19,0.0,0.0,10,00
0.5,-3.5,184.26,166.25,0.0,0.0,11,00
0.9,-3.5,183.23,167.58,0.0,0.0,12,00
1.3,-3.5,184.20,166.25,0.0,0.0,13,00
1.7,-3.5,187.51,186.49,0.0,0.0,14,00
2.4,-3.5,186.10,164.18,0.0,0.0,16,00
2.8,-3.5,183.48,167.35,0.0,0.0,17,00
3.1,-3.5,183.58,167.07,0.0,0.0,18,00
3.5,-3.5,185.72,165.00,0.0,0.0,19,00
3.1,-3.1,186.91,187.44,0.0,0.0,21,01
2.8,-3.1,184.25,166.11,0.0,0.0,22,01
2.4,-3.1,183.24,167.47,0.0,0.0,23,01
2.0,-3.1,184.36,165.89,0.0,0.0,24,01
1.7,-3.1,187.40,186.77,0.0,0.0,25,01
0.9,-3.1,185.51,164.93,0.0,0.0,27,01
0.5,-3.1,183.32,166.96,0.0,0.0,28,01
0.2,-3.1,183.46,167.21,0.0,0.0,29,01
-0.2,-3.1,185.83,164.44,0.0,0.0,30,01
-0.9,-3.1,187.05,187.54,0.0,0.0,32,01
-1.3,-3.1,183.85,166.75,0.0,0.0,33,01
-1.7,-3.1,182.73,167.56,0.0,0.0,34,01
-2.0,-3.1,185.19,165.58,0.0,0.0,35,01
-2.8,-3.1,186.67,187.45,0.0,0.0,37,01
-3.1,-3.1,183.98,166.32,0.0,0.0,38,01
-3.5,-3.1,182.58,167.92,0.0,0.0,39,01
-3.5,-2.8,184.05,166.29,0.0,0.0,00,02
-3.1,-2.8,187.48,186.70,0.0,0.0,01,02
-2.4,-2.8,185.97,163.59,0.0,0.0,03,02
-2.0,-2.8,183.29,166.94,0.0,0.0,04,02
-1.7,-2.8,182.91,167.70,0.0,0.0,05,02
-1.3,-2.8,185.02,165.79,0.0,0.0,06,02
-0.6,-2.8,184.42,187.99,0.0,0.0,08,02
-0.2,-2.8,184.42,165.91,0.0,0.0,09,02
0.2,-2.8,182.95,167.52,0.0,0.0,10,02
0.5,-2.8,184.50,166.09,0.0,0.0,11,02
0.9,-2.8,187.21,187.21,0.0,0.0,12,02
1.3,-2.8,185.13,185.95,0.0,0.0,13,02
1.7,-2.8,185.23,165.16,0.0,0.0,14,02
2.0,-2.8,183.51,167.30,0.0,0.0,15,02
2.4,-2.8,184.12,166.55,0.0,0.0,16,02
2.8,-2.8,185.94,164.05,0.0,0.0,17,02
3.5,-2.8,187.18,187.72,0.0,0.0,19,02
3.5,-2.4,184.56,166.17,0.0,0.0,20,03
3.1,-2.4,183.44,167.32,0.0,0.0,21,03
2.8,-2.4,184.92,166.20,0.0,0.0,22,03
2.4,-2.4,187.31,186.58,0.0,0.0,23,03
2.0,-2.4,189.35,185.66,0.0,0.0,24,03
1.7,-2.4,185.85,164.36,0.0,0.0,25,03
1.3,-2.4,183.84,166.75,0.0,0.0,26,03
0.9,-2.4,183.84,166.85,0.0,0.0,27,03
0.5,-2.4,185.46,164.37,0.0,0.0,28,03
-0.2,-2.4,187.26,187.65,0.0,0.0,30,03
-0.6,-2.4,183.94,166.36,0.0,0.0,31,03
-0.9,-2.4,183.08,167.11,0.0,0.0,32,03
-1.3,-2.4,184.85,165.82,0.0,0.0,33,03
-1.7,-2.4,187.81,186.74,0.0,0.0,34,03
-2.4,-2.4,185.62,164.82,0.0,0.0,36,03
-2.8,-2.4,183.34,167.04,0.0,0.0,37,03
-3.1,-2.4,183.02,167.32,0.0,0.0,38,03
-3.5,-2.4,185.59,163.92,0.0,0.0,39,03
-3.1,-2.0,186.75,187.48,0.0,0.0,01,04
-2.8,-2.0,183.98,166.08,0.0,0.0,02,04
-2.4,-2.0,182.74,167.55,0.0,0.0,03,04
-2.0,-2.0,184.38,166.27,0.0,0.0,04,04
-1.7,-2.0,187.61,186.68,0.0,0.0,05,04
-1.3,-2.0,184.06,182.63,0.0,0.0,06,04
-0.9,-2.0,184.80,165.81,0.0,0.0,07,04
-0.6,-2.0,183.44,167.13,0.0,0.0,08,04
-0.2,-2.0,183.98,166.12,0.0,0.0,09,04
0.2,-2.0,187.54,186.38,0.0,0.0,10,04
0.5,-2.0,188.91,185.23,0.0,0.0,11,04
0.9,-2.0,186.06,164.33,0.0,0.0,12,04
1.3,-2.0,184.10,166.59,0.0,0.0,13,04
1.7,-2.0,183.77,166.81,0.0,0.0,14,04
2.0,-2.0,186.18,163.94,0.0,0.0,15,04
2.4,-2.0,189.07,185.53,0.0,0.0,16,04
2.8,-2.0,187.05,187.24,0.0,0.0,17,04
3.1,-2.0,184.13,166.68,0.0,0.0,18,04
3.5,-2.0,183.68,167.03,0.0,0.0,19,04
3.5,-1.7,185.60,164.84,0.0,0.0,20,05
3.1,-1.7,188.21,185.64,0.0,0.0,21,05
2.8,-1.7,186.99,187.52,0.0,0.0,22,05
2.4,-1.7,184.79,165.92,0.0,0.0,23,05
2.0,-1.7,183.45,166.85,0.0,0.0,24,05
1.7,-1.7,184.92,165.72,0.0,0.0,25,05
1.3,-1.7,187.91,186.64,0.0,0.0,26,05
0.9,-1.7,188.15,186.11,0.0,0.0,27,05
0.5,-1.7,184.96,165.47,0.0,0.0,28,05
0.2,-1.7,183.30,167.28,0.0,0.0,29,05
-0.2,-1.7,183.85,166.58,0.0,0.0,30,05
-0.6,-1.7,186.13,163.36,0.0,0.0,31,05
-1.3,-1.7,186.72,163.15,0.0,0.0,33,05
-1.7,-1.7,184.04,166.69,0.0,0.0,34,05
-2.0,-1.7,183.63,167.30,0.0,0.0,35,05
-2.4,-1.7,184.99,165.48,0.0,0.0,36,05
-3.1,-1.7,184.16,188.15,0.0,0.0,38,05
-3.5,-1.7,184.18,166.36,0.0,0.0,39,05
-3.5,-1.3,182.75,167.40,0.0,0.0,00,06
-3.1,-1.3,184.15,166.05,0.0,0.0,01,06
-2.8,-1.3,187.48,186.85,0.0,0.0,02,06
-2.0,-1.3,185.88,164.33,0.0,0.0,04,06
-1.7,-1.3,183.74,166.94,0.0,0.0,05,06
-1.3,-1.3,183.67,167.02,0.0,0.0,06,06
-0.9,-1.3,185.71,165.04,0.0,0.0,07,06
-0.6,-1.3,188.16,185.35,0.0,0.0,08,06
-0.2,-1.3,186.86,186.57,0.0,0.0,09,06
0.2,-1.3,184.54,166.14,0.0,0.0,10,06
0.5,-1.3,183.29,166.83,0.0,0.0,11,06
0.9,-1.3,185.20,165.53,0.0,0.0,12,06
1.3,-1.3,187.91,185.68,0.0,0.0,13,06
1.7,-1.3,187.48,187.05,0.0,0.0,14,06
2.0,-1.3,185.12,165.49,0.0,0.0,15,06
2.4,-1.3,183.69,167.12,0.0,0.0,16,06
2.8,-1.3,184.74,165.67,0.0,0.0,17,06
3.1,-1.3,187.31,186.88,0.0,0.0,18,06
3.5,-1.3,188.84,186.07,0.0,0.0,19,06
3.5,-0.9,186.06,164.39,0.0,0.0,20,07
3.1,-0.9,184.10,166.54,0.0,0.0,21,07
2.8,-0.9,184.63,166.51,0.0,0.0,22,07
2.4,-0.9,186.05,164.00,0.0,0.0,23,07
2.0,-0.9,188.00,185.67,0.0,0.0,24,07
1.7,-0.9,186.83,163.05,0.0,0.0,25,07
1.3,-0.9,184.46,166.17,0.0,0.0,26,07
0.9,-0.9,183.73,166.92,0.0,0.0,27,07
0.5,-0.9,185.66,164.45,0.0,0.0,28,07
0.2,-0.9,188.16,185.44,0.0,0.0,29,07
-0.2,-0.9,187.14,187.34,0.0,0.0,30,07
-0.6,-0.9,184.78,165.67,0.0,0.0,31,07
-0.9,-0.9,183.49,167.37,0.0,0.0,32,07
-1.3,-0.9,184.65,165.54,0.0,0.0,33,07
-1.7,-0.9,188.15,186.20,0.0,0.0,34,07
-2.0,-0.9,187.85,186.39,0.0,0.0,35,07
-2.4,-0.9,185.01,165.44,0.0,0.0,36,07
-2.8,-0.9,183.31,167.36,0.0,0.0,37,07
-3.1,-0.9,184.22,166.07,0.0,0.0,38,07
-3.5,-0.9,187.36,186.11,0.0,0.0,39,07
-3.5,-0.6,184.49,186.90,0.0,0.0,00,08
-3.1,-0.6,185.38,164.97,0.0,0.0,01,08
-2.8,-0.6,183.14,167.35,0.0,0.0,02,08
-2.4,-0.6,183.86,166.43,0.0,0.0,03,08
-2.0,-0.6,186.91,186.81,0.0,0.0,04,08
-1.7,-0.6,185.56,176.24,0.0,0.0,05,08
-1.3,-0.6,185.75,164.73,0.0,0.0,06,08
-0.9,-0.6,183.58,166.64,0.0,0.0,07,08
-0.6,-0.6,183.86,166.81,0.0,0.0,08,08
-0.2,-0.6,185.89,163.75,0.0,0.0,09,08
0.5,-0.6,186.55,186.99,0.0,0.0,11,08
0.9,-0.6,184.36,166.29,0.0,0.0,12,08
1.3,-0.6,183.94,166.75,0.0,0.0,13,08
1.7,-0.6,185.52,165.21,0.0,0.0,14,08
2.0,-0.6,187.73,185.94,0.0,0.0,15,08
2.4,-0.6,186.98,187.42,0.0,0.0,16,08
2.8,-0.6,184.89,165.85,0.0,0.0,17,08
3.1,-0.6,184.05,166.63,0.0,0.0,18,08
3.5,-0.6,185.10,165.83,0.0,0.0,19,08
3.5,-0.2,187.56,186.64,0.0,0.0,20,09
3.1,-0.2,188.20,187.18,0.0,0.0,21,09
2.8,-0.2,185.24,165.23,0.0,0.0,22,09
2.4,-0.2,183.94,166.70,0.0,0.0,23,09
2.0,-0.2,184.79,165.63,0.0,0.0,24,09
1.7,-0.2,186.90,187.10,0.0,0.0,25,09
1.3,-0.2,188.52,185.99,0.0,0.0,26,09
0.9,-0.2,186.23,163.67,0.0,0.0,27,09
0.6,-0.2,183.86,166.42,0.0,0.0,28,09
0.2,-0.2,183.89,166.43,0.0,0.0,29,09
-0.2,-0.2,185.46,164.70,0.0,0.0,30,09
-0.6,-0.2,188.45,185.50,0.0,0.0,31,09
-0.9,-0.2,187.84,187.40,0.0,0.0,32,09
-1.3,-0.2,184.59,165.72,0.0,0.0,33,09
-1.7,-0.2,183.70,167.14,0.0,0.0,34,09
-2.0,-0.2,184.68,166.23,0.0,0.0,35,09
-2.4,-0.2,187.38,186.31,0.0,0.0,36,09
-2.8,-0.2,188.17,186.67,0.0,0.0,37,09
-3.1,-0.2,185.19,165.64,0.0,0.0,38,09
-3.5,-0.2,183.29,166.98,0.0,0.0,39,09
-3.5,0.2,183.93,166.53,0.0,0.0,00,10
-3.1,0.2,187.52,186.74,0.0,0.0,01,10
-2.8,0.2,185.11,184.59,0.0,0.0,02,10
-2.4,0.2,184.72,165.65,0.0,0.0,03,10
-2.0,0.2,183.53,167.07,0.0,0.0,04,10
-1.7,0.2,183.90,166.61,0.0,0.0,05,10
-1.3,0.2,186.43,163.43,0.0,0.0,06,10
-0.6,0.2,186.59,187.08,0.0,0.0,08,10
-0.2,0.2,184.63,166.21,0.0,0.0,09,10
0.2,0.2,183.51,166.81,0.0,0.0,10,10
0.6,0.2,185.21,165.59,0.0,0.0,11,10
0.9,0.2,187.82,186.80,0.0,0.0,12,10
1.3,0.2,188.56,185.94,0.0,0.0,13,10
1.7,0.2,185.64,164.77,0.0,0.0,14,10
2.0,0.2,184.41,166.54,0.0,0.0,15,10
2.4,0.2,184.47,166.15,0.0,0.0,16,10
2.8,0.2,187.88,185.91,0.0,0.0,17,10
3.1,0.2,188.49,185.87,0.0,0.0,18,10
3.5,0.2,186.26,163.98,0.0,0.0,19,10
3.5,0.6,184.27,166.65,0.0,0.0,20,11
3.1,0.6,184.23,166.52,0.0,0.0,21,11
2.8,0.6,185.78,164.55,0.0,0.0,22,11
2.4,0.6,187.69,185.90,0.0,0.0,23,11
2.0,0.6,187.53,186.80,0.0,0.0,24,11
1.7,0.6,185.54,165.05,0.0,0.0,25,11
1.3,0.6,183.97,166.50,0.0,0.0,26,11
0.9,0.6,184.60,166.25,0.0,0.0,27,11
0.5,0.6,186.65,163.37,0.0,0.0,28,11
0.2,0.6,189.13,185.78,0.0,0.0,29,11
-0.2,0.6,186.80,163.28,0.0,0.0,30,11
-0.6,0.6,184.30,166.39,0.0,0.0,31,11
-0.9,0.6,183.57,166.68,0.0,0.0,32,11
-1.3,0.6,185.20,165.21,0.0,0.0,33,11
-1.7,0.6,188.72,185.91,0.0,0.0,34,11
-2.0,0.6,187.52,186.69,0.0,0.0,35,11
-2.4,0.6,184.51,165.60,0.0,0.0,36,11
-2.8,0.6,183.33,166.98,0.0,0.0,37,11
-3.1,0.6,184.41,165.81,0.0,0.0,38,11
-3.5,0.6,187.69,186.23,0.0,0.0,39,11
-3.1,0.9,185.52,164.89,0.0,0.0,01,12
-2.8,0.9,183.48,167.12,0.0,0.0,02,12
-2.4,0.9,183.39,166.89,0.0,0.0,03,12
-2.0,0.9,185.96,164.38,0.0,0.0,04,12
-1.7,0.9,189.65,185.95,0.0,0.0,05,12
-1.3,0.9,186.97,186.88,0.0,0.0,06,12
-0.9,0.9,184.28,166.34,0.0,0.0,07,12
-0.6,0.9,183.46,167.10,0.0,0.0,08,12
-0.2,0.9,184.89,165.72,0.0,0.0,09,12
0.2,0.9,187.52,186.50,0.0,0.0,10,12
0.6,0.9,187.88,186.47,0.0,0.0,11,12
0.9,0.9,185.14,165.30,0.0,0.0,12,12
1.3,0.9,184.27,166.55,0.0,0.0,13,12
1.7,0.9,184.70,166.06,0.0,0.0,14,12
2.0,0.9,186.84,186.84,0.0,0.0,15,12
2.4,0.9,188.13,185.75,0.0,0.0,16,12
2.8,0.9,186.66,163.60,0.0,0.0,17,12
3.1,0.9,184.49,166.65,0.0,0.0,18,12
3.5,0.9,184.02,166.36,0.0,0.0,19,12
3.5,1.3,185.72,164.39,0.0,0.0,20,13
3.1,1.3,188.66,186.23,0.0,0.0,21,13
2.8,1.3,187.08,186.98,0.0,0.0,22,13
2.4,1.3,184.72,166.12,0.0,0.0,23,13
2.0,1.3,184.31,166.50,0.0,0.0,24,13
1.7,1.3,185.43,165.27,0.0,0.0,25,13
1.3,1.3,187.88,186.47,0.0,0.0,26,13
0.9,1.3,187.28,187.38,0.0,0.0,27,13
0.5,1.3,185.09,165.40,0.0,0.0,28,13
0.2,1.3,183.95,166.63,0.0,0.0,29,13
-0.2,1.3,184.62,166.03,0.0,0.0,30,13
-0.6,1.3,187.44,186.61,0.0,0.0,31,13
-0.9,1.3,189.63,185.75,0.0,0.0,32,13
-1.3,1.3,185.75,164.44,0.0,0.0,33,13
-1.7,1.3,183.92,166.68,0.0,0.0,34,13
-2.0,1.3,183.62,166.81,0.0,0.0,35,13
-2.4,1.3,186.20,163.90,0.0,0.0,36,13
-3.1,1.3,187.25,187.83,0.0,0.0,38,13
-3.5,1.3,183.96,166.48,0.0,0.0,39,13
-3.5,1.7,182.87,167.05,0.0,0.0,00,14
-3.1,1.7,184.72,166.05,0.0,0.0,01,14
-2.8,1.7,187.84,185.85,0.0,0.0,02,14
-2.4,1.7,188.73,185.87,0.0,0.0,03,14
-2.0,1.7,185.26,164.96,0.0,0.0,04,14
-1.7,1.7,183.43,166.75,0.0,0.0,05,14
-1.3,1.7,183.80,166.63,0.0,0.0,06,14
-0.9,1.7,185.96,164.39,0.0,0.0,07,14
-0.6,1.7,188.37,186.08,0.0,0.0,08,14
-0.2,1.7,186.17,163.43,0.0,0.0,09,14
0.2,1.7,184.29,166.23,0.0,0.0,10,14
0.6,1.7,183.98,166.63,0.0,0.0,11,14
0.9,1.7,185.62,164.62,0.0,0.0,12,14
1.3,1.7,187.81,186.21,0.0,0.0,13,14
1.7,1.7,187.48,187.73,0.0,0.0,14,14
2.0,1.7,185.34,165.22,0.0,0.0,15,14
2.4,1.7,184.52,166.32,0.0,0.0,16,14
2.8,1.7,184.92,165.97,0.0,0.0,17,14
3.1,1.7,186.86,163.25,0.0,0.0,18,14
3.5,1.7,188.55,186.12,0.0,0.0,19,14
3.5,2.0,186.30,164.14,0.0,0.0,20,15
3.1,2.0,184.46,166.17,0.0,0.0,21,15
2.8,2.0,184.26,166.78,0.0,0.0,22,15
2.4,2.0,185.66,164.95,0.0,0.0,23,15
2.0,2.0,187.66,186.11,0.0,0.0,24,15
1.7,2.0,187.86,187.28,0.0,0.0,25,15
1.3,2.0,185.60,164.88,0.0,0.0,26,15
0.9,2.0,184.36,166.40,0.0,0.0,27,15
0.6,2.0,184.93,165.85,0.0,0.0,28,15
0.2,2.0,186.62,162.91,0.0,0.0,29,15
-0.2,2.0,189.19,185.84,0.0,-0.0,30,15
-0.6,2.0,186.61,163.82,0.0,-0.0,31,15
-0.9,2.0,184.03,166.78,0.0,-0.0,32,15
-1.3,2.0,183.83,166.51,0.0,-0.0,33,15
-1.7,2.0,185.69,164.17,0.0,-0.0,34,15
-2.0,2.0,188.73,185.91,0.0,-0.0,35,15
-2.4,2.0,187.08,187.03,0.0,-0.0,36,15
-2.8,2.0,184.33,166.41,0.0,-0.0,37,15
-3.1,2.0,183.47,167.11,0.0,-0.0,38,15
-3.5,2.0,184.72,166.03,0.0,-0.0,39,15
-3.5,2.4,187.90,185.33,0.0,-0.0,00,16
-3.1,2.4,188.07,186.27,0.0,-0.0,01,16
-2.8,2.4,184.73,165.81,0.0,0.0,02,16
-2.4,2.4,183.14,166.84,0.0,0.0,03,16
-2.0,2.4,184.32,166.26,0.0,0.0,04,16
-1.7,2.4,187.26,186.82,0.0,0.0,05,16
-1.3,2.4,189.42,185.73,0.0,0.0,06,16
-0.9,2.4,185.90,164.51,0.0,0.0,07,16
-0.6,2.4,184.17,166.59,0.0,0.0,08,16
-0.2,2.4,184.07,166.31,0.0,0.0,09,16
0.2,2.4,186.26,163.69,0.0,0.0,10,16
0.6,2.4,188.62,185.85,0.0,0.0,11,16
0.9,2.4,186.06,163.89,0.0,0.0,12,16
1.3,2.4,184.47,165.94,0.0,0.0,13,16
1.7,2.4,184.05,166.70,0.0,0.0,14,16
2.0,2.4,186.05,164.57,0.0,0.0,15,16
2.4,2.4,188.10,186.84,0.0,0.0,16,16
2.8,2.4,187.09,186.84,0.0,0.0,17,16
3.1,2.4,185.24,165.55,0.0,0.0,18,16
3.5,2.4,184.06,166.90,0.0,0.0,19,16
3.5,2.8,185.49,166.00,0.0,0.0,20,17
3.1,2.8,187.60,186.68,0.0,0.0,21,17
2.8,2.8,187.87,187.14,0.0,0.0,22,17
2.4,2.8,185.45,165.40,0.0,0.0,23,17
2.0,2.8,184.45,166.53,0.0,0.0,24,17
1.7,2.8,185.01,166.02,0.0,0.0,25,17
1.3,2.8,187.06,187.20,0.0,0.0,26,17
0.9,2.8,188.14,186.34,0.0,0.0,27,17
0.6,2.8,186.36,163.68,0.0,0.0,28,17
0.2,2.8,184.12,166.35,0.0,0.0,29,17
-0.2,2.8,184.31,166.56,0.0,0.0,30,17
-0.6,2.8,186.15,164.34,0.0,0.0,31,17
-0.9,2.8,188.66,185.55,0.0,0.0,32,17
-1.3,2.8,186.82,187.11,0.0,0.0,33,17
-1.7,2.8,184.91,165.84,0.0,0.0,34,17
-2.0,2.8,183.85,167.55,0.0,0.0,35,17
-2.4,2.8,185.22,165.72,0.0,0.0,36,17
-3.1,2.8,188.49,186.06,0.0,0.0,38,17
-3.5,2.8,185.20,165.32,0.0,0.0,39,17
-3.5,3.1,183.16,167.38,0.0,0.0,00,18
-3.1,3.1,183.81,167.14,0.0,0.0,01,18
-2.8,3.1,186.91,186.72,0.0,0.0,02,18
-2.0,3.1,185.71,164.37,0.0,0.0,04,18
-1.7,3.1,184.05,166.91,0.0,0.0,05,18
-1.3,3.1,183.66,166.77,0.0,0.0,06,18
-0.9,3.1,186.00,164.31,0.0,0.0,07,18
-0.6,3.1,188.87,185.86,0.0,0.0,08,18
-0.2,3.1,187.04,187.28,0.0,0.0,09,18
0.2,3.1,184.58,166.17,0.0,0.0,10,18
0.5,3.1,184.25,166.87,0.0,0.0,11,18
0.9,3.1,185.22,165.79,0.0,0.0,12,18
1.3,3.1,187.66,186.84,0.0,0.0,13,18
1.7,3.1,188.15,186.64,0.0,0.0,14,18
2.0,3.1,185.65,165.09,0.0,0.0,15,18
2.4,3.1,184.43,166.51,0.0,0.0,16,18
2.8,3.1,184.90,166.08,0.0,0.0,17,18
3.1,3.1,187.20,186.57,0.0,0.0,18,18
3.5,3.1,188.04,185.96,0.0,0.0,19,18
3.5,3.5,186.29,163.66,0.0,0.0,20,19
3.1,3.5,184.73,165.90,0.0,0.0,21,19
2.8,3.5,184.44,166.49,0.0,0.0,22,19
2.4,3.5,185.67,164.40,0.0,0.0,23,19
2.0,3.5,187.86,186.46,0.0,0.0,24,19
1.7,3.5,187.31,187.06,0.0,0.0,25,19
1.3,3.5,185.20,165.55,0.0,0.0,26,19
0.9,3.5,184.28,166.66,0.0,0.0,27,19
0.5,3.5,185.07,165.55,0.0,0.0,28,19
0.2,3.5,187.09,186.56,0.0,0.0,29,19
-0.2,3.5,188.37,185.95,0.0,0.0,30,19
-0.6,3.5,185.85,164.35,0.0,0.0,31,19
-0.9,3.5,183.79,166.87,0.0,0.0,32,19
-1.3,3.5,184.48,166.37,0.0,0.0,33,19
-1.7,3.5,187.28,187.28,0.0,0.0,34,19
-2.0,3.5,184.25,182.51,0.0,0.0,35,19
-2.4,3.5,185.99,164.35,0.0,0.0,36,19
-2.8,3.5,183.52,167.15,0.0,0.0,37,19
-3.1,3.5,183.52,167.07,0.0,0.0,38,19
-3.5,3.5,186.35,163.70,0.0,0.0,39,19
-3.1,3.5,186.90,187.53,0.0,0.0,01,20
-2.8,3.5,183.99,166.47,0.0,0.0,02,20
-2.4,3.5,183.26,167.20,0.0,0.0,03,20
-2.0,3.5,185.04,165.84,0.0,0.0,04,20
-1.7,3.5,188.01,186.26,0.0,0.0,05,20
-1.3,3.5,188.63,186.55,0.0,0.0,06,20
-0.9,3.5,185.64,165.05,0.0,0.0,07,20
-0.6,3.5,183.95,166.57,0.0,0.0,08,20
-0.2,3.5,184.40,166.30,0.0,0.0,09,20
0.2,3.5,186.17,163.61,0.0,0.0,10,20
0.5,3.5,188.03,185.99,0.0,0.0,11,20
0.9,3.5,186.66,163.88,0.0,0.0,12,20
1.3,3.5,184.46,166.43,0.0,0.0,13,20
1.7,3.5,184.77,166.25,0.0,0.0,14,20
2.0,3.5,186.37,163.08,0.0,0.0,15,20
2.4,3.5,188.01,185.83,0.0,0.0,16,20
2.8,3.5,186.82,162.65,0.0,0.0,17,20
3.1,3.5,184.80,166.14,0.0,0.0,18,20
3.5,3.5,184.42,166.18,0.0,0.0,19,20
3.5,3.1,185.69,165.12,0.0,0.0,20,21
3.1,3.1,187.82,186.16,0.0,0.0,21,21
2.8,3.1,187.52,187.28,0.0,0.0,22,21
2.4,3.1,185.76,164.99,0.0,0.0,23,21
2.0,3.1,184.29,166.56,0.0,0.0,24,21
1.7,3.1,185.10,165.55,0.0,0.0,25,21
1.3,3.1,187.13,187.03,0.0,0.0,26,21
0.9,3.1,188.24,186.34,0.0,0.0,27,21
0.6,3.1,186.32,164.02,0.0,0.0,28,21
0.2,3.1,184.70,166.30,0.0,0.0,29,21
-0.2,3.1,184.03,166.51,0.0,0.0,30,21
-0.6,3.1,186.45,163.79,0.0,0.0,31,21
-0.9,3.1,189.43,185.60,0.0,0.0,32,21
-1.3,3.1,186.42,163.66,0.0,0.0,33,21
-1.7,3.1,184.12,166.54,0.0,0.0,34,21
-2.0,3.1,183.67,167.26,0.0,0.0,35,21
-2.4,3.1,185.02,166.02,0.0,0.0,36,21
-2.8,3.1,188.15,186.31,0.0,0.0,37,21
-3.1,3.1,183.52,188.59,0.0,0.0,38,21
-3.5,3.1,185.27,165.16,0.0,0.0,39,21
-3.5,2.8,182.84,167.27,0.0,0.0,00,22
-3.1,2.8,183.53,166.98,0.0,0.0,01,22
-2.8,2.8,185.71,163.81,0.0,0.0,02,22
-2.0,2.8,136.13,124.98,0.0,0.0,04,22
-1.7,2.8,184.36,166.50,0.0,0.0,05,22
-1.3,2.8,183.74,166.89,0.0,0.0,06,22
-0.9,2.8,185.53,164.84,0.0,0.0,07,22
-0.6,2.8,188.46,186.17,0.0,0.0,08,22
-0.2,2.8,186.88,186.83,0.0,0.0,09,22
0.2,2.8,184.88,165.91,0.0,0.0,10,22
0.6,2.8,184.12,167.00,0.0,0.0,11,22
0.9,2.8,185.32,165.51,0.0,0.0,12,22
1.3,2.8,187.69,186.43,0.0,0.0,13,22
1.7,2.8,187.76,186.16,0.0,0.0,14,22
2.0,2.8,186.24,164.28,0.0,0.0,15,22
2.4,2.8,184.62,166.47,0.0,0.0,16,22
2.8,2.8,184.77,166.37,0.0,0.0,17,22
3.1,2.8,187.02,163.37,0.0,0.0,18,22
3.5,2.8,188.31,186.42,0.0,0.0,19,22
3.5,2.4,186.66,163.79,0.0,0.0,20,23
3.1,2.4,184.68,166.14,0.0,0.0,21,23
2.8,2.4,184.24,166.48,0.0,0.0,22,23
2.4,2.4,185.52,165.14,0.0,0.0,23,23
2.0,2.4,188.08,187.11,0.0,0.0,24,23
1.7,2.4,187.78,186.66,0.0,0.0,25,23
1.3,2.4,185.71,164.74,0.0,0.0,26,23
0.9,2.4,184.17,166.49,0.0,0.0,27,23
0.5,2.4,184.80,165.99,0.0,0.0,28,23
0.2,2.4,187.31,187.35,0.0,0.0,29,23
-0.2,2.4,187.96,186.36,0.0,0.0,30,23
-0.6,2.4,185.87,164.37,0.0,0.0,31,23
-0.9,2.4,184.16,166.54,0.0,0.0,32,23
-1.3,2.4,184.08,166.51,0.0,0.0,33,23
-1.7,2.4,185.74,164.12,0.0,0.0,34,23
-2.0,2.4,188.96,185.80,0.0,0.0,35,23
-2.4,2.4,186.89,186.79,0.0,0.0,36,23
-2.8,2.4,184.39,166.15,0.0,0.0,37,23
-3.1,2.4,183.20,167.04,0.0,0.0,38,23
-3.5,2.4,184.55,165.60,0.0,0.0,39,23
-3.5,2.0,188.72,185.85,0.0,0.0,00,24
-3.1,2.0,188.82,186.05,0.0,0.0,01,24
-2.8,2.0,184.87,165.77,0.0,0.0,02,24
-2.4,2.0,183.16,167.01,0.0,0.0,03,24
-2.0,2.0,184.16,166.21,0.0,0.0,04,24
-1.7,2.0,186.99,186.99,0.0,0.0,05,24
-1.3,2.0,188.72,185.66,0.0,0.0,06,24
-0.9,2.0,186.07,163.77,0.0,0.0,07,24
-0.6,2.0,184.35,166.44,0.0,0.0,08,24
-0.2,2.0,183.98,166.84,0.0,0.0,09,24
0.2,2.0,185.53,165.19,0.0,0.0,10,24
0.5,2.0,188.07,186.52,0.0,0.0,11,24
0.9,2.0,187.14,187.48,0.0,0.0,12,24
1.3,2.0,185.34,165.18,0.0,0.0,13,24
1.7,2.0,184.15,166.42,0.0,0.0,14,24
2.0,2.0,185.05,165.36,0.0,0.0,15,24
2.4,2.0,187.37,187.23,0.0,0.0,16,24
2.8,2.0,187.91,185.97,0.0,0.0,17,24
3.1,2.0,185.96,164.86,0.0,0.0,18,24
3.5,2.0,184.13,167.06,0.0,0.0,19,24
